# streamed pod logs for app=worker (started 2026-04-06T15:48:57Z)

=== POD pod/worker-7dd86685-2htf9 START 2026-04-06T15:49:24Z ===
2026-04-06T15:49:21.613640004Z Waiting for vLLM readiness...

=== POD pod/worker-7dd86685-r4rt4 START 2026-04-06T15:50:26Z ===
2026-04-06T15:50:22.100544131Z Waiting for vLLM readiness...
2026-04-06T16:00:29.504523278Z vLLM ready.
2026-04-06T16:00:29.504708350Z Worker started. Consuming from inference_queue, vLLM at http://vllm:8000
2026-04-06T16:00:29.512142007Z Processing job 5da0e733-fee9-4d8f-ba09-2afc81be4af2
2026-04-06T16:00:29.667527072Z vLLM ready.
2026-04-06T16:00:29.667621728Z Worker started. Consuming from inference_queue, vLLM at http://vllm:8000
2026-04-06T16:00:29.674040101Z Processing job 122df6fc-946d-4c49-8695-2eb4c0f7f53f
2026-04-06T16:00:32.010912656Z Completed job 5da0e733-fee9-4d8f-ba09-2afc81be4af2
2026-04-06T16:00:32.014814575Z Processing job 5d1dd7b0-6049-4926-aad3-3a129c5d3453
2026-04-06T16:00:32.013978188Z Completed job 122df6fc-946d-4c49-8695-2eb4c0f7f53f
2026-04-06T16:00:32.017996610Z Processing job 1e6150c1-c131-4b74-9071-6ce64e90fddd
2026-04-06T16:00:32.614946945Z Completed job 5d1dd7b0-6049-4926-aad3-3a129c5d3453
2026-04-06T16:00:32.618423943Z Processing job 21645235-22cb-4fe3-9300-399886a2b0a6
2026-04-06T16:00:32.615690519Z Completed job 1e6150c1-c131-4b74-9071-6ce64e90fddd
2026-04-06T16:00:32.620871934Z Processing job 69e918d7-ba8b-442a-af5c-804300e8be10
2026-04-06T16:00:33.245315432Z Completed job 69e918d7-ba8b-442a-af5c-804300e8be10
2026-04-06T16:00:33.250297248Z Completed job 21645235-22cb-4fe3-9300-399886a2b0a6
2026-04-06T16:00:33.252789748Z Processing job 2a1b9a4a-965f-4234-8adf-071c4403cf4a
2026-04-06T16:00:33.247783565Z Processing job dee6c82f-e3d8-4322-bae2-f647d7e14046
2026-04-06T16:00:33.905317333Z Completed job 2a1b9a4a-965f-4234-8adf-071c4403cf4a
2026-04-06T16:00:33.903064384Z Completed job dee6c82f-e3d8-4322-bae2-f647d7e14046
2026-04-06T16:00:33.907227474Z Processing job 8d5eeecf-33fd-4320-b028-a473e25216ec
2026-04-06T16:00:33.906189267Z Processing job 3fba36e9-dd0e-40bd-a8d4-593489502ac9
2026-04-06T16:00:34.589537668Z Completed job 3fba36e9-dd0e-40bd-a8d4-593489502ac9
2026-04-06T16:00:34.596557052Z Completed job 8d5eeecf-33fd-4320-b028-a473e25216ec
2026-04-06T16:00:34.590992221Z Processing job 8af45854-cd3f-46df-98b7-13ceeabd155a
2026-04-06T16:00:34.600149145Z Processing job a8e2e340-d91c-48ea-8fa6-988ebd6b872d
2026-04-06T16:00:35.241749231Z Completed job 8af45854-cd3f-46df-98b7-13ceeabd155a
2026-04-06T16:00:35.242972019Z Processing job 9bfe43fc-c72e-4b63-a718-81b928f059f2
2026-04-06T16:00:35.253668134Z Completed job a8e2e340-d91c-48ea-8fa6-988ebd6b872d
2026-04-06T16:00:35.256887442Z Processing job 5bf28f3f-0409-4817-8dd1-6a9698960766
2026-04-06T16:00:35.909354815Z Completed job 5bf28f3f-0409-4817-8dd1-6a9698960766
2026-04-06T16:00:35.909500738Z Processing job af3df78a-9718-4b76-bcc7-ecca0cb865db
2026-04-06T16:00:35.945101375Z Completed job 9bfe43fc-c72e-4b63-a718-81b928f059f2
2026-04-06T16:00:35.946322506Z Processing job 8e8c17bd-5d3b-4f2b-a2af-39efed60b351
2026-04-06T16:00:36.517677802Z Completed job af3df78a-9718-4b76-bcc7-ecca0cb865db
2026-04-06T16:00:36.514969139Z Completed job 8e8c17bd-5d3b-4f2b-a2af-39efed60b351
2026-04-06T16:00:36.521562686Z Processing job 376f4a32-8bde-45cf-8efe-df8a1fd12faa
2026-04-06T16:00:36.520530224Z Processing job 1deeb769-a82d-41eb-9102-3c09823e0d9d
2026-04-06T16:00:37.179805119Z Completed job 1deeb769-a82d-41eb-9102-3c09823e0d9d
2026-04-06T16:00:37.185044901Z Processing job c6559bcd-3c55-4d72-a939-5157bf2e869e
2026-04-06T16:00:37.181127461Z Completed job 376f4a32-8bde-45cf-8efe-df8a1fd12faa
2026-04-06T16:00:37.186343605Z Processing job ee395858-0909-497b-b221-578ef4698810
2026-04-06T16:00:37.954192389Z Completed job ee395858-0909-497b-b221-578ef4698810
2026-04-06T16:00:37.959056853Z Completed job c6559bcd-3c55-4d72-a939-5157bf2e869e
2026-04-06T16:00:37.955728115Z Processing job a3f8a4b4-1816-4340-bdf3-0a5d101d7307
2026-04-06T16:00:37.962549966Z Processing job 4e8e8da2-914a-455a-a32c-b2e31507a126
2026-04-06T16:00:38.608658095Z Completed job 4e8e8da2-914a-455a-a32c-b2e31507a126
2026-04-06T16:00:38.607605769Z Completed job a3f8a4b4-1816-4340-bdf3-0a5d101d7307
2026-04-06T16:00:38.613482367Z Processing job 062625a7-e71c-4e5c-9585-9f1b99e14ead
2026-04-06T16:00:38.612921414Z Processing job f2109f5d-5bbf-48b9-94d2-cdcf397a0055
2026-04-06T16:00:39.258924214Z Completed job f2109f5d-5bbf-48b9-94d2-cdcf397a0055
2026-04-06T16:00:39.267150407Z Completed job 062625a7-e71c-4e5c-9585-9f1b99e14ead
2026-04-06T16:00:39.265758439Z Processing job cf6f169e-06a8-4c36-87f3-f5a410b21ef0
2026-04-06T16:00:39.270020544Z Processing job f03ec683-beca-46ff-a476-8d0731837327
2026-04-06T16:00:39.977156042Z Completed job f03ec683-beca-46ff-a476-8d0731837327
2026-04-06T16:00:39.977957021Z Processing job 3744d020-ad88-43c9-b6a1-73801846e4ab
2026-04-06T16:00:39.973583358Z Completed job cf6f169e-06a8-4c36-87f3-f5a410b21ef0
2026-04-06T16:00:39.973668292Z Processing job 7ceed622-dc5a-4be0-8d59-0385166ef142
2026-04-06T16:00:40.711862040Z Completed job 3744d020-ad88-43c9-b6a1-73801846e4ab
2026-04-06T16:00:40.714119229Z Processing job 11fa41fd-bd8c-4704-a772-f7bfef238ab3
2026-04-06T16:00:40.713956178Z Completed job 7ceed622-dc5a-4be0-8d59-0385166ef142
2026-04-06T16:00:40.718586570Z Processing job 276cd82f-a010-49a3-97fb-a7763ab3fe9d
2026-04-06T16:00:41.378277314Z Completed job 11fa41fd-bd8c-4704-a772-f7bfef238ab3
2026-04-06T16:00:41.379522812Z Processing job a81558c8-1773-497c-9c6f-a1d4aa778841
2026-04-06T16:00:41.386256444Z Completed job 276cd82f-a010-49a3-97fb-a7763ab3fe9d
2026-04-06T16:00:41.390617463Z Processing job 32f88fcd-622f-486e-9c08-0c1b1fe4f17b
2026-04-06T16:00:42.056543381Z Completed job 32f88fcd-622f-486e-9c08-0c1b1fe4f17b
2026-04-06T16:00:42.062726708Z Completed job a81558c8-1773-497c-9c6f-a1d4aa778841
2026-04-06T16:00:42.057800259Z Processing job f17b72a3-5d77-4e28-9071-2f366367b90b
2026-04-06T16:00:42.066718005Z Processing job 5c57155f-4a9c-4cf6-acd8-179cec78b99a
2026-04-06T16:00:42.740319490Z Completed job 5c57155f-4a9c-4cf6-acd8-179cec78b99a
2026-04-06T16:00:42.741332514Z Completed job f17b72a3-5d77-4e28-9071-2f366367b90b
2026-04-06T16:00:42.745170070Z Processing job a09134e6-a1fa-4593-97a6-380a0321a088
2026-04-06T16:00:42.745083198Z Processing job 14760e78-bb06-4a4d-9caa-81a015abcb08
2026-04-06T16:00:43.406691295Z Completed job 14760e78-bb06-4a4d-9caa-81a015abcb08
2026-04-06T16:00:43.410171890Z Processing job 30d91e55-37ce-45d6-9f94-f004adb358b6
2026-04-06T16:00:43.418533960Z Completed job a09134e6-a1fa-4593-97a6-380a0321a088
2026-04-06T16:00:43.418764139Z Processing job 700fbdf5-85be-4387-94ac-edb9e8fd7545
2026-04-06T16:00:44.101679556Z Completed job 30d91e55-37ce-45d6-9f94-f004adb358b6
2026-04-06T16:00:44.102818918Z Processing job 2e5dc8bf-6d90-4578-8164-88f0dd3e88cf
2026-04-06T16:00:44.162942268Z Completed job 700fbdf5-85be-4387-94ac-edb9e8fd7545
2026-04-06T16:00:44.164694061Z Processing job f03c517c-b175-4348-ad9e-88e262be3c63
2026-04-06T16:00:44.757635729Z Completed job 2e5dc8bf-6d90-4578-8164-88f0dd3e88cf
2026-04-06T16:00:44.758483231Z Processing job b6ae661f-75f0-48b7-8222-6f9229feaa5a
2026-04-06T16:00:44.829073832Z Completed job f03c517c-b175-4348-ad9e-88e262be3c63
2026-04-06T16:00:44.830585467Z Processing job e8be5b53-da72-4390-9154-1b9d3c4daaa1
2026-04-06T16:00:45.371268078Z Completed job b6ae661f-75f0-48b7-8222-6f9229feaa5a
2026-04-06T16:00:45.374976678Z Processing job 3d6c15aa-f43d-4c0e-908f-10f2639e7285
2026-04-06T16:00:45.474654204Z Completed job e8be5b53-da72-4390-9154-1b9d3c4daaa1
2026-04-06T16:00:45.477033945Z Processing job be432972-6135-4cf4-a6e7-6cc90961ba87
2026-04-06T16:00:46.038758187Z Completed job 3d6c15aa-f43d-4c0e-908f-10f2639e7285
2026-04-06T16:00:46.040557884Z Processing job 59abfc19-937e-47f9-88f2-4cb4cec7826c
2026-04-06T16:00:46.144908433Z Completed job be432972-6135-4cf4-a6e7-6cc90961ba87
2026-04-06T16:00:46.146574513Z Processing job eb096c3a-ca11-4dc6-9921-dc53628d3984
2026-04-06T16:00:46.717197095Z Completed job 59abfc19-937e-47f9-88f2-4cb4cec7826c
2026-04-06T16:00:46.718926650Z Processing job 11fa2795-613a-4f8f-a775-540226d290e9
2026-04-06T16:00:46.833772706Z Completed job eb096c3a-ca11-4dc6-9921-dc53628d3984
2026-04-06T16:00:46.835631581Z Processing job 7f27fd0c-97c1-41ea-867e-9865c542fa23
2026-04-06T16:00:47.506695278Z Completed job 11fa2795-613a-4f8f-a775-540226d290e9
2026-04-06T16:00:47.508612779Z Processing job 43cbb7bf-c522-45f2-bc00-8bc052157dcf
2026-04-06T16:00:47.594800848Z Completed job 7f27fd0c-97c1-41ea-867e-9865c542fa23
2026-04-06T16:00:47.595940088Z Processing job 01e2e7d6-d741-4935-9842-703ed42cbe60
2026-04-06T16:00:48.180825197Z Completed job 43cbb7bf-c522-45f2-bc00-8bc052157dcf
2026-04-06T16:00:48.185874629Z Processing job a064e911-9bf1-4ced-bc4f-aa7b568d15d3
2026-04-06T16:00:48.286611843Z Completed job 01e2e7d6-d741-4935-9842-703ed42cbe60
2026-04-06T16:00:48.289511420Z Processing job 67c88481-bf4a-476f-819d-7c6a5ba2cb08
2026-04-06T16:00:48.811893505Z Completed job a064e911-9bf1-4ced-bc4f-aa7b568d15d3
2026-04-06T16:00:48.813111962Z Processing job 7007cd22-7097-42e7-81c6-1da235d3c129
2026-04-06T16:00:48.898994984Z Completed job 67c88481-bf4a-476f-819d-7c6a5ba2cb08
2026-04-06T16:00:48.900973464Z Processing job 4a755cc4-bb49-4f9a-919d-8057fe6520d9
2026-04-06T16:00:49.430803231Z Completed job 7007cd22-7097-42e7-81c6-1da235d3c129
2026-04-06T16:00:49.432474025Z Processing job e51a724a-915b-405b-bc63-6a5a8f2cf971
2026-04-06T16:00:49.498759448Z Completed job 4a755cc4-bb49-4f9a-919d-8057fe6520d9
2026-04-06T16:00:49.499308778Z Processing job 283be42d-5b63-4a2b-ada0-26dbf76ac27b
2026-04-06T16:00:50.059594333Z Completed job e51a724a-915b-405b-bc63-6a5a8f2cf971
2026-04-06T16:00:50.060812769Z Processing job bea6f2c7-5512-449d-8009-afcb72d624c4
2026-04-06T16:00:50.165149109Z Completed job 283be42d-5b63-4a2b-ada0-26dbf76ac27b
2026-04-06T16:00:50.166511290Z Processing job e670c011-4caa-4099-9f3a-3e7768097394
2026-04-06T16:00:50.694602338Z Completed job bea6f2c7-5512-449d-8009-afcb72d624c4
2026-04-06T16:00:50.695508173Z Processing job ec0da758-7af0-419c-a712-d535f48c5744
2026-04-06T16:00:50.800896365Z Completed job e670c011-4caa-4099-9f3a-3e7768097394
2026-04-06T16:00:50.806525557Z Processing job e68f46f6-ccd2-4f52-9512-307253c433d3
2026-04-06T16:00:51.372894174Z Completed job ec0da758-7af0-419c-a712-d535f48c5744
2026-04-06T16:00:51.374836940Z Processing job 96a483e6-7de6-4086-af6c-c91513f0b6d3
2026-04-06T16:00:51.495695877Z Completed job e68f46f6-ccd2-4f52-9512-307253c433d3
2026-04-06T16:00:51.498014791Z Processing job 4eabe828-0675-4d91-8beb-030cdd8d51dc
2026-04-06T16:00:52.029779242Z Completed job 96a483e6-7de6-4086-af6c-c91513f0b6d3
2026-04-06T16:00:52.030785005Z Processing job b151b327-0963-4467-a28d-76f6600cf66a
2026-04-06T16:00:52.133146760Z Completed job 4eabe828-0675-4d91-8beb-030cdd8d51dc
2026-04-06T16:00:52.134781542Z Processing job 96eb2a0a-e148-4936-b42a-e0a68ad1bf97
2026-04-06T16:00:52.684729518Z Completed job b151b327-0963-4467-a28d-76f6600cf66a
2026-04-06T16:00:52.685870592Z Processing job 237b478a-732a-4b0e-92d6-61e2128b602f
2026-04-06T16:00:52.776034382Z Completed job 96eb2a0a-e148-4936-b42a-e0a68ad1bf97
2026-04-06T16:00:52.778698280Z Processing job 6ab4d563-3d8e-47a7-9af2-6e5f1376851c
2026-04-06T16:00:53.311683016Z Completed job 237b478a-732a-4b0e-92d6-61e2128b602f
2026-04-06T16:00:53.314178970Z Processing job bbaaa1d9-f435-4540-8fc9-c2c3bf13b13c
2026-04-06T16:00:53.433615949Z Completed job 6ab4d563-3d8e-47a7-9af2-6e5f1376851c
2026-04-06T16:00:53.434838394Z Processing job ffb4a469-cd67-4b59-a455-d2ce4a932eb6
2026-04-06T16:00:54.008255806Z Completed job bbaaa1d9-f435-4540-8fc9-c2c3bf13b13c
2026-04-06T16:00:54.013901752Z Processing job 689db02d-1a66-4934-8c87-e839b08794fd
2026-04-06T16:00:54.049857334Z Completed job ffb4a469-cd67-4b59-a455-d2ce4a932eb6
2026-04-06T16:00:54.056196302Z Processing job bc0bd47f-0e0f-40f9-81d2-0a8f4a3dcbd4
2026-04-06T16:00:54.680307334Z Completed job 689db02d-1a66-4934-8c87-e839b08794fd
2026-04-06T16:00:54.681951297Z Processing job cc678368-0c03-4fc7-b81d-04202f4531c6
2026-04-06T16:00:54.691724394Z Completed job bc0bd47f-0e0f-40f9-81d2-0a8f4a3dcbd4
2026-04-06T16:00:54.697498378Z Processing job 92929012-adb0-4d46-8f83-5fa2daa1d32e
2026-04-06T16:00:55.357480661Z Completed job cc678368-0c03-4fc7-b81d-04202f4531c6
2026-04-06T16:00:55.360315540Z Completed job 92929012-adb0-4d46-8f83-5fa2daa1d32e
2026-04-06T16:00:55.360812260Z Processing job dc33c37c-bd84-4e8d-a583-235ea0db83f5
2026-04-06T16:00:55.363533320Z Processing job 8ebc49d8-f248-4f85-8834-31ac46cd8e58
2026-04-06T16:00:56.032971111Z Completed job dc33c37c-bd84-4e8d-a583-235ea0db83f5
2026-04-06T16:00:56.035736448Z Processing job 53368cfd-eb78-4f53-bde5-da167ba8a695
2026-04-06T16:00:56.036015978Z Completed job 8ebc49d8-f248-4f85-8834-31ac46cd8e58
2026-04-06T16:00:56.039758508Z Processing job 2edb8c47-46e7-4c86-abf1-fdc23c8cb559
2026-04-06T16:00:56.602590858Z Completed job 53368cfd-eb78-4f53-bde5-da167ba8a695
2026-04-06T16:00:56.604560921Z Processing job f1cddb75-082e-47f9-a223-4a561b1ce05d
2026-04-06T16:00:56.607647340Z Completed job 2edb8c47-46e7-4c86-abf1-fdc23c8cb559
2026-04-06T16:00:56.612660696Z Processing job 70b30e0c-253a-4c5f-a1d6-1b8d67eddc2e
2026-04-06T16:00:57.382750161Z Completed job 70b30e0c-253a-4c5f-a1d6-1b8d67eddc2e
2026-04-06T16:00:57.382853921Z Processing job 001f7b04-91ed-4dad-a17e-c4ea78395bf8
2026-04-06T16:00:57.417287707Z Completed job f1cddb75-082e-47f9-a223-4a561b1ce05d
2026-04-06T16:00:57.422622157Z Processing job 6779c434-42ed-4b8e-b5de-75d741131c8d
2026-04-06T16:00:58.019768961Z Completed job 6779c434-42ed-4b8e-b5de-75d741131c8d
2026-04-06T16:00:58.017297285Z Completed job 001f7b04-91ed-4dad-a17e-c4ea78395bf8
2026-04-06T16:00:58.023601365Z Processing job e7da4429-b1a0-4e3e-ba90-87a35b387561
2026-04-06T16:00:58.019161995Z Processing job 60fd5542-5c74-4f9f-a79c-5fa13dfebbe4
2026-04-06T16:00:58.637308254Z Completed job e7da4429-b1a0-4e3e-ba90-87a35b387561
2026-04-06T16:00:58.631901706Z Completed job 60fd5542-5c74-4f9f-a79c-5fa13dfebbe4
2026-04-06T16:00:58.635090976Z Processing job 81c95a2d-ce54-4fc7-9fb2-7f926fef9b5a
2026-04-06T16:00:58.640951532Z Processing job db6f1d0c-b4a5-48aa-b28d-3c6240465951
2026-04-06T16:00:59.325856591Z Completed job db6f1d0c-b4a5-48aa-b28d-3c6240465951
2026-04-06T16:00:59.330912034Z Processing job a98339e2-1eb7-4c1d-b403-b69b90cc36ef
2026-04-06T16:00:59.337404294Z Completed job 81c95a2d-ce54-4fc7-9fb2-7f926fef9b5a
2026-04-06T16:00:59.339795365Z Processing job f7703055-6660-466a-8641-0fca3b7ad9a2
2026-04-06T16:01:00.004820751Z Completed job f7703055-6660-466a-8641-0fca3b7ad9a2
2026-04-06T16:01:00.010877772Z Completed job a98339e2-1eb7-4c1d-b403-b69b90cc36ef
2026-04-06T16:01:00.012291338Z Processing job 9046b434-1fa8-418d-956d-09e808bf4bfa
2026-04-06T16:01:00.016950735Z Processing job da404304-6035-4987-bcdf-933543331df9
2026-04-06T16:01:00.695244650Z Completed job 9046b434-1fa8-418d-956d-09e808bf4bfa
2026-04-06T16:01:00.697557418Z Completed job da404304-6035-4987-bcdf-933543331df9
2026-04-06T16:01:00.702200739Z Processing job bf736788-73fc-4089-bb43-3b5ab32e91ad
2026-04-06T16:01:00.701270969Z Processing job 6c8f2961-9d98-4e9e-b3de-eeccf4d9cb9a
2026-04-06T16:01:01.352554671Z Completed job bf736788-73fc-4089-bb43-3b5ab32e91ad
2026-04-06T16:01:01.355086346Z Processing job a0413f8d-2532-4fb7-a16e-6ad82b8446eb
2026-04-06T16:01:01.390489558Z Completed job 6c8f2961-9d98-4e9e-b3de-eeccf4d9cb9a
2026-04-06T16:01:01.392638088Z Processing job 50d1552c-9685-40ae-a550-767798ee9f0c
2026-04-06T16:01:02.056074800Z Completed job a0413f8d-2532-4fb7-a16e-6ad82b8446eb
2026-04-06T16:01:02.061989765Z Completed job 50d1552c-9685-40ae-a550-767798ee9f0c
2026-04-06T16:01:02.056772684Z Processing job 4f4b2eb7-5933-4832-aa4c-222038c78984
2026-04-06T16:01:02.068099138Z Processing job c009be41-0c66-4121-8afe-9c4852eede13
2026-04-06T16:01:02.686751259Z Completed job c009be41-0c66-4121-8afe-9c4852eede13
2026-04-06T16:01:02.691825275Z Completed job 4f4b2eb7-5933-4832-aa4c-222038c78984
2026-04-06T16:01:02.694746042Z Processing job 84c2ce45-8088-4eae-a164-040cd4c1c49a
2026-04-06T16:01:02.688981974Z Processing job cc5af9f6-ab5c-4dd0-93fe-ee792eee807f
2026-04-06T16:01:03.275930625Z Completed job 84c2ce45-8088-4eae-a164-040cd4c1c49a
2026-04-06T16:01:03.276818939Z Completed job cc5af9f6-ab5c-4dd0-93fe-ee792eee807f
2026-04-06T16:01:03.276855672Z Processing job 40b36109-79fc-4086-9aaf-0937c93baedf
2026-04-06T16:01:03.283919141Z Processing job bb986bcc-f945-459b-9d0e-38ab9e248720
2026-04-06T16:01:03.929936131Z Completed job 40b36109-79fc-4086-9aaf-0937c93baedf
2026-04-06T16:01:03.942464300Z Completed job bb986bcc-f945-459b-9d0e-38ab9e248720
2026-04-06T16:01:03.934513485Z Processing job dcfdb536-22ff-4af7-b828-09355bde35a9
2026-04-06T16:01:03.942973990Z Processing job cea74e63-0411-4443-b5d0-48e789a26d90
2026-04-06T16:01:04.609227673Z Completed job dcfdb536-22ff-4af7-b828-09355bde35a9
2026-04-06T16:01:04.617685839Z Completed job cea74e63-0411-4443-b5d0-48e789a26d90
2026-04-06T16:01:04.612915119Z Processing job 05b4502a-b128-4a20-ac30-f04091b3ef38
2026-04-06T16:01:04.625930354Z Processing job 1fb9bec0-b3ca-42d9-85c9-fec5c858fb71
2026-04-06T16:01:05.263557576Z Completed job 1fb9bec0-b3ca-42d9-85c9-fec5c858fb71
2026-04-06T16:01:05.259556389Z Completed job 05b4502a-b128-4a20-ac30-f04091b3ef38
2026-04-06T16:01:05.267658858Z Processing job 5a63d36e-3f0e-4055-a08e-9ac1b5eb836f
2026-04-06T16:01:05.262721095Z Processing job 65602575-0972-431e-9699-acb648dc5c18
2026-04-06T16:01:05.930429298Z Completed job 65602575-0972-431e-9699-acb648dc5c18
2026-04-06T16:01:05.931909506Z Processing job 5c656314-0bc3-44ba-a4b4-1e117576cdb3
2026-04-06T16:01:05.966746119Z Completed job 5a63d36e-3f0e-4055-a08e-9ac1b5eb836f
2026-04-06T16:01:05.968574754Z Processing job 76d6c1c1-36fa-47a4-8449-fad520a79c6a
2026-04-06T16:01:06.585740135Z Completed job 76d6c1c1-36fa-47a4-8449-fad520a79c6a
2026-04-06T16:01:06.581430605Z Completed job 5c656314-0bc3-44ba-a4b4-1e117576cdb3
2026-04-06T16:01:06.581912527Z Processing job dea03adf-df78-4a6d-aebd-10d801c2c235
2026-04-06T16:01:06.591261760Z Processing job 21dd4016-3899-4e29-8e53-8da943a97fe2
2026-04-06T16:01:07.415701499Z Completed job dea03adf-df78-4a6d-aebd-10d801c2c235
2026-04-06T16:01:07.417384403Z Processing job 46479ea5-edb9-4783-8d01-89629aa3f2a0
2026-04-06T16:01:07.423005610Z Completed job 21dd4016-3899-4e29-8e53-8da943a97fe2
2026-04-06T16:01:07.427218458Z Processing job 43c8956b-0bb0-4883-8225-ba6597f96c1a
2026-04-06T16:01:08.036348147Z Completed job 43c8956b-0bb0-4883-8225-ba6597f96c1a
2026-04-06T16:01:08.040876637Z Completed job 46479ea5-edb9-4783-8d01-89629aa3f2a0
2026-04-06T16:01:08.040366592Z Processing job 5dafdc8e-9843-4293-8c66-d6fb5868cf31
2026-04-06T16:01:08.044941548Z Processing job e6ecf50c-c893-4f82-9540-c066af4f1761
2026-04-06T16:01:08.782510810Z Completed job 5dafdc8e-9843-4293-8c66-d6fb5868cf31
2026-04-06T16:01:08.779808621Z Completed job e6ecf50c-c893-4f82-9540-c066af4f1761
2026-04-06T16:01:08.785327877Z Processing job 53886ea5-fdcc-46b5-906f-c546c8a53d81
2026-04-06T16:01:08.785727670Z Processing job 6f8643f6-ded5-4f28-b585-137815e1a79a
2026-04-06T16:01:09.429071993Z Completed job 53886ea5-fdcc-46b5-906f-c546c8a53d81
2026-04-06T16:01:09.433397257Z Processing job 02c9e29c-6586-4e41-a122-7d514feb8d3a
2026-04-06T16:01:09.429232737Z Completed job 6f8643f6-ded5-4f28-b585-137815e1a79a
2026-04-06T16:01:09.433320133Z Processing job c797850e-0b6b-406b-82df-e83da2a90297
2026-04-06T16:01:10.063553874Z Completed job 02c9e29c-6586-4e41-a122-7d514feb8d3a
2026-04-06T16:01:10.064060737Z Processing job 8ff444e4-8622-4086-894b-fd0a3cf39c6d
2026-04-06T16:01:10.103849056Z Completed job c797850e-0b6b-406b-82df-e83da2a90297
2026-04-06T16:01:10.105762618Z Processing job a17fddfa-5918-4f3a-b05b-dc47efec4bdd
2026-04-06T16:01:10.836508756Z Completed job 8ff444e4-8622-4086-894b-fd0a3cf39c6d
2026-04-06T16:01:10.838917983Z Processing job add591b4-2b58-4443-b2b8-f3fd8c46e603
2026-04-06T16:01:10.835939280Z Completed job a17fddfa-5918-4f3a-b05b-dc47efec4bdd
2026-04-06T16:01:10.837503549Z Processing job fea43371-3ca7-414c-bec7-b2c150b55fd3
2026-04-06T16:01:11.472332638Z Completed job add591b4-2b58-4443-b2b8-f3fd8c46e603
2026-04-06T16:01:11.473969695Z Processing job 6cfcf5ab-d9d8-4916-8854-9c57564ec09d
2026-04-06T16:01:11.473921252Z Completed job fea43371-3ca7-414c-bec7-b2c150b55fd3
2026-04-06T16:01:11.475553378Z Processing job 5fbc2a09-8194-4dcc-90f4-15694a3a824c
2026-04-06T16:01:12.105998137Z Completed job 6cfcf5ab-d9d8-4916-8854-9c57564ec09d
2026-04-06T16:01:12.108469850Z Completed job 5fbc2a09-8194-4dcc-90f4-15694a3a824c
2026-04-06T16:01:12.108842944Z Processing job 7a3f4fe3-230c-4f2f-b256-a8c109a779dc
2026-04-06T16:01:12.115638034Z Processing job 6ec9f7f0-bc3b-4555-a796-2e9495840819
2026-04-06T16:01:12.760819516Z Completed job 7a3f4fe3-230c-4f2f-b256-a8c109a779dc
2026-04-06T16:01:12.759992020Z Completed job 6ec9f7f0-bc3b-4555-a796-2e9495840819
2026-04-06T16:01:12.764031696Z Processing job 32c9001c-4965-4512-a2f7-a74764e030d2
2026-04-06T16:01:12.769489956Z Processing job 53fcb169-cbe5-4b85-8d56-566da022b7ca
2026-04-06T16:01:13.397926355Z Completed job 32c9001c-4965-4512-a2f7-a74764e030d2
2026-04-06T16:01:13.399050196Z Processing job 1e72b1ed-0aa3-4706-908a-07d6fa72ea3a
2026-04-06T16:01:13.410476263Z Completed job 53fcb169-cbe5-4b85-8d56-566da022b7ca
2026-04-06T16:01:13.413028460Z Processing job dc50fff0-4be9-42f1-ad46-55c45fbb83d6
2026-04-06T16:01:14.038166917Z Completed job dc50fff0-4be9-42f1-ad46-55c45fbb83d6
2026-04-06T16:01:14.081009883Z Completed job 1e72b1ed-0aa3-4706-908a-07d6fa72ea3a
2026-04-06T16:01:14.118595842Z Processing job 9be68315-4b5d-4f40-bcb3-ed28c5552ce0
2026-04-06T16:01:14.142955616Z Processing job 1706a7e1-bd94-43cb-8017-3133b795741d
2026-04-06T16:01:15.005696982Z Completed job 1706a7e1-bd94-43cb-8017-3133b795741d
2026-04-06T16:01:15.005870589Z Processing job 277b00a9-4327-42bd-80b4-181d402dbb6e
2026-04-06T16:01:15.151023782Z Completed job 9be68315-4b5d-4f40-bcb3-ed28c5552ce0
2026-04-06T16:01:15.159285035Z Processing job 5894ad48-c51f-4a83-b115-694028e4ea7f
2026-04-06T16:01:15.767735012Z Completed job 277b00a9-4327-42bd-80b4-181d402dbb6e
2026-04-06T16:01:15.769167023Z Processing job 2f7c24c5-0763-46b6-b7e3-a626b6d6f143
2026-04-06T16:01:15.877990296Z Completed job 5894ad48-c51f-4a83-b115-694028e4ea7f
2026-04-06T16:01:15.882152066Z Processing job ceb6c0bf-54b3-46c0-a6a3-5d0749de5579
2026-04-06T16:01:16.410739684Z Completed job 2f7c24c5-0763-46b6-b7e3-a626b6d6f143
2026-04-06T16:01:16.411643502Z Processing job e34f8ff8-9a7c-4733-bf48-1468dc740246
2026-04-06T16:01:16.488222223Z Completed job ceb6c0bf-54b3-46c0-a6a3-5d0749de5579
2026-04-06T16:01:16.489202230Z Processing job 7935d793-306f-4e0b-83a9-7f0ee7a81c91
2026-04-06T16:01:17.126850430Z Completed job e34f8ff8-9a7c-4733-bf48-1468dc740246
2026-04-06T16:01:17.128673633Z Processing job 4f4d1829-57d9-4caf-a90f-576bcee5c331
2026-04-06T16:01:17.247730325Z Completed job 7935d793-306f-4e0b-83a9-7f0ee7a81c91
2026-04-06T16:01:17.250249938Z Processing job 58b50b63-072b-4e91-9556-008c7f8a77fc
2026-04-06T16:01:17.844547190Z Completed job 4f4d1829-57d9-4caf-a90f-576bcee5c331
2026-04-06T16:01:17.848887651Z Processing job a17470c3-cddf-432a-992d-84d079b9701e
2026-04-06T16:01:17.956814221Z Completed job 58b50b63-072b-4e91-9556-008c7f8a77fc
2026-04-06T16:01:17.958484097Z Processing job 87c957a2-ae10-4055-934f-0b712e47d634
2026-04-06T16:01:18.467952307Z Completed job a17470c3-cddf-432a-992d-84d079b9701e
2026-04-06T16:01:18.470944801Z Processing job 35e5745b-409e-4a5d-9d63-9b9d46a2f4d6
2026-04-06T16:01:18.610507084Z Completed job 87c957a2-ae10-4055-934f-0b712e47d634
2026-04-06T16:01:18.612142983Z Processing job 53b36097-2675-4ea9-a1f7-4df5afc57d4e
2026-04-06T16:01:19.161905935Z Completed job 35e5745b-409e-4a5d-9d63-9b9d46a2f4d6
2026-04-06T16:01:19.165493802Z Processing job 79b864ed-7896-427c-9b0e-77456f175b81
2026-04-06T16:01:19.286476304Z Completed job 53b36097-2675-4ea9-a1f7-4df5afc57d4e
2026-04-06T16:01:19.287738754Z Processing job a7b9479f-1ff6-4460-ab86-f743e48281c6
2026-04-06T16:01:19.792090004Z Completed job 79b864ed-7896-427c-9b0e-77456f175b81
2026-04-06T16:01:19.793834806Z Processing job fd9e18ab-d56e-4c82-afab-46757c965b13
2026-04-06T16:01:19.955496157Z Completed job a7b9479f-1ff6-4460-ab86-f743e48281c6
2026-04-06T16:01:19.955906918Z Processing job 3a270536-cc87-4d87-b839-f0fbe54ba7c8
2026-04-06T16:01:20.484679083Z Completed job fd9e18ab-d56e-4c82-afab-46757c965b13
2026-04-06T16:01:20.486928648Z Processing job 9383b453-c4d2-4531-ac63-3b8327e577f7
2026-04-06T16:01:20.658545293Z Completed job 3a270536-cc87-4d87-b839-f0fbe54ba7c8
2026-04-06T16:01:20.659381065Z Processing job 2b814964-3ac8-4b16-823e-3c26e68d3128
2026-04-06T16:01:21.184619156Z Completed job 9383b453-c4d2-4531-ac63-3b8327e577f7
2026-04-06T16:01:21.185675905Z Processing job 5c3da61a-1274-4819-9b94-394bed78d35d
2026-04-06T16:01:21.338799437Z Completed job 2b814964-3ac8-4b16-823e-3c26e68d3128
2026-04-06T16:01:21.341520801Z Processing job bf28803f-ca0c-43ef-aff8-8579756736c2
2026-04-06T16:01:21.887503366Z Completed job 5c3da61a-1274-4819-9b94-394bed78d35d
2026-04-06T16:01:21.889480173Z Processing job 8625b13b-1536-4aaa-92cb-02f3bdb5e42e
2026-04-06T16:01:22.095475867Z Completed job bf28803f-ca0c-43ef-aff8-8579756736c2
2026-04-06T16:01:22.099528508Z Processing job 4cbfbbf4-2e48-4a14-9529-74e7918cd134
2026-04-06T16:01:22.656698684Z Completed job 8625b13b-1536-4aaa-92cb-02f3bdb5e42e
2026-04-06T16:01:22.657829292Z Processing job 886fd9e2-a2ac-44e4-b8e3-a64b2d01782f
2026-04-06T16:01:22.759886789Z Completed job 4cbfbbf4-2e48-4a14-9529-74e7918cd134
2026-04-06T16:01:22.762559033Z Processing job ac234411-1bbf-4e0a-a2f2-0bd3f70c4c3b
2026-04-06T16:01:23.268858273Z Completed job 886fd9e2-a2ac-44e4-b8e3-a64b2d01782f
2026-04-06T16:01:23.270804797Z Processing job f58abd62-9ea2-443b-9338-78647e0945f6
2026-04-06T16:01:23.393661945Z Completed job ac234411-1bbf-4e0a-a2f2-0bd3f70c4c3b
2026-04-06T16:01:23.396062576Z Processing job 2afe7f21-a0cb-4781-9291-3aed0db4b63a
2026-04-06T16:01:23.937545428Z Completed job f58abd62-9ea2-443b-9338-78647e0945f6
2026-04-06T16:01:23.939256591Z Processing job 84c746f6-6213-4edf-9b84-48eeab92d7d1
2026-04-06T16:01:24.073528581Z Completed job 2afe7f21-a0cb-4781-9291-3aed0db4b63a
2026-04-06T16:01:24.074231789Z Processing job 0d5a6ce1-5c4d-465d-b61f-f45150234425
2026-04-06T16:01:24.591340328Z Completed job 84c746f6-6213-4edf-9b84-48eeab92d7d1
2026-04-06T16:01:24.592305277Z Processing job 0b913b14-5468-4028-b642-2f818581342f
2026-04-06T16:01:24.741127581Z Completed job 0d5a6ce1-5c4d-465d-b61f-f45150234425
2026-04-06T16:01:24.742141260Z Processing job 523d290c-7c5b-4cf7-9341-7357e09d54e8
2026-04-06T16:01:25.226829137Z Completed job 0b913b14-5468-4028-b642-2f818581342f
2026-04-06T16:01:25.228355602Z Processing job 4d2b385e-2284-4fea-842e-0a8ae0c9925a
2026-04-06T16:01:25.382464862Z Completed job 523d290c-7c5b-4cf7-9341-7357e09d54e8
2026-04-06T16:01:25.384487932Z Processing job 43ab8271-cbae-4fa7-b320-9273225dd27e
2026-04-06T16:01:25.923136541Z Completed job 4d2b385e-2284-4fea-842e-0a8ae0c9925a
2026-04-06T16:01:25.925914805Z Processing job 0c752873-bfeb-4f11-adc9-16a86df4746b
2026-04-06T16:01:26.058496821Z Completed job 43ab8271-cbae-4fa7-b320-9273225dd27e
2026-04-06T16:01:26.060603379Z Processing job f3a8eafd-f5bd-4b9d-94ea-8fe4823ac19b
2026-04-06T16:01:26.635114822Z Completed job 0c752873-bfeb-4f11-adc9-16a86df4746b
2026-04-06T16:01:26.637298715Z Processing job 8d916c09-d966-4768-8406-14d898a0f8fe
2026-04-06T16:01:26.747116573Z Completed job f3a8eafd-f5bd-4b9d-94ea-8fe4823ac19b
2026-04-06T16:01:26.748452399Z Processing job 044f54ce-c8ba-4c7b-a734-6f5837bd89ee
2026-04-06T16:01:27.386959695Z Completed job 8d916c09-d966-4768-8406-14d898a0f8fe
2026-04-06T16:01:27.387949558Z Processing job 980066cd-ced7-4d0e-8139-164ccfcfc598
2026-04-06T16:01:27.499538455Z Completed job 044f54ce-c8ba-4c7b-a734-6f5837bd89ee
2026-04-06T16:01:27.500925655Z Processing job 84f19de6-bc35-42d5-b03a-74f7f565cebb
2026-04-06T16:01:28.059836616Z Completed job 980066cd-ced7-4d0e-8139-164ccfcfc598
2026-04-06T16:01:28.060864525Z Processing job 7cfcf82c-225c-4eec-b6f5-720efc163034
2026-04-06T16:01:28.146092373Z Completed job 84f19de6-bc35-42d5-b03a-74f7f565cebb
2026-04-06T16:01:28.148879943Z Processing job 9f780d42-2838-41f1-86c0-f5b11e9d90af
2026-04-06T16:01:28.701867977Z Completed job 7cfcf82c-225c-4eec-b6f5-720efc163034
2026-04-06T16:01:28.702369415Z Processing job 74ef8995-4e48-4303-a7c9-e7cdd6d175bd
2026-04-06T16:01:28.791325912Z Completed job 9f780d42-2838-41f1-86c0-f5b11e9d90af
2026-04-06T16:01:28.795722009Z Processing job ddf30e7a-4e6c-48c0-a779-38e4faad054b
2026-04-06T16:01:29.306451565Z Completed job 74ef8995-4e48-4303-a7c9-e7cdd6d175bd
2026-04-06T16:01:29.309470472Z Processing job 5661b1eb-861c-4dde-be46-4615ce87cf36
2026-04-06T16:01:29.440028970Z Completed job ddf30e7a-4e6c-48c0-a779-38e4faad054b
2026-04-06T16:01:29.442897738Z Processing job 608ed0a3-d17f-413a-a24d-2e219730eebe
2026-04-06T16:01:29.995665134Z Completed job 5661b1eb-861c-4dde-be46-4615ce87cf36
2026-04-06T16:01:29.997727251Z Processing job d3c705b5-a705-4cbf-85ed-5cbb023a1a7b
2026-04-06T16:01:30.130228913Z Completed job 608ed0a3-d17f-413a-a24d-2e219730eebe
2026-04-06T16:01:30.130283014Z Processing job e6d234d1-8867-42f2-b3d0-975e6af9c63a
2026-04-06T16:01:30.684994138Z Completed job d3c705b5-a705-4cbf-85ed-5cbb023a1a7b
2026-04-06T16:01:30.686492759Z Processing job bf68b642-7a2d-4c0b-b4c4-c323a26011aa
2026-04-06T16:01:30.833322339Z Completed job e6d234d1-8867-42f2-b3d0-975e6af9c63a
2026-04-06T16:01:30.835228527Z Processing job ca1f21aa-5c9e-44f6-848d-b898fb880b0f
2026-04-06T16:01:31.383756865Z Completed job bf68b642-7a2d-4c0b-b4c4-c323a26011aa
2026-04-06T16:01:31.385010337Z Processing job 42d7c08a-6e60-4a82-b838-b95836579a2f
2026-04-06T16:01:31.564899516Z Completed job ca1f21aa-5c9e-44f6-848d-b898fb880b0f
2026-04-06T16:01:31.567812241Z Processing job 0ba6289f-99a4-40fd-b5de-d40379d39f53
2026-04-06T16:01:32.018610564Z Completed job 42d7c08a-6e60-4a82-b838-b95836579a2f
2026-04-06T16:01:32.019896288Z Processing job f99f2680-042c-4502-90bc-b82d52616a34
2026-04-06T16:01:32.243838145Z Completed job 0ba6289f-99a4-40fd-b5de-d40379d39f53
2026-04-06T16:01:32.244359083Z Processing job eba2e92f-b048-40e0-90d7-70cb3b7ed604
2026-04-06T16:01:32.695325065Z Completed job f99f2680-042c-4502-90bc-b82d52616a34
2026-04-06T16:01:32.697226552Z Processing job 1c0e70cf-5620-4dc4-87c7-007f943d1d81
2026-04-06T16:01:32.949049045Z Completed job eba2e92f-b048-40e0-90d7-70cb3b7ed604
2026-04-06T16:01:32.950778905Z Processing job fa38daec-4149-4761-aeff-ba70d9cca8a0
2026-04-06T16:01:33.359789577Z Completed job 1c0e70cf-5620-4dc4-87c7-007f943d1d81
2026-04-06T16:01:33.362215049Z Processing job 2484bc52-503c-480e-995c-28643ade0d8a
2026-04-06T16:01:33.597561524Z Completed job fa38daec-4149-4761-aeff-ba70d9cca8a0
2026-04-06T16:01:33.598019567Z Processing job 8a810f46-5a85-427a-9e0d-a8848394ba7c
2026-04-06T16:01:34.020092947Z Completed job 2484bc52-503c-480e-995c-28643ade0d8a
2026-04-06T16:01:34.022324639Z Processing job c9cef15b-bab7-4cbe-958e-011341542469
2026-04-06T16:01:34.247027322Z Completed job 8a810f46-5a85-427a-9e0d-a8848394ba7c
2026-04-06T16:01:34.247995058Z Processing job f16867c0-fc13-4a6d-97af-018565f7b0dc
2026-04-06T16:01:34.700020343Z Completed job c9cef15b-bab7-4cbe-958e-011341542469
2026-04-06T16:01:34.701504596Z Processing job 5dd35525-42aa-4ccb-9610-4459daf61287
2026-04-06T16:01:34.889801514Z Completed job f16867c0-fc13-4a6d-97af-018565f7b0dc
2026-04-06T16:01:34.893887091Z Processing job e5fe8357-be4e-495f-b23b-c73cfb33f8c6
2026-04-06T16:01:35.373042621Z Completed job 5dd35525-42aa-4ccb-9610-4459daf61287
2026-04-06T16:01:35.375879017Z Processing job 93b56680-f79b-47ff-b612-9e6f476bd0e1
2026-04-06T16:01:35.605513740Z Completed job e5fe8357-be4e-495f-b23b-c73cfb33f8c6
2026-04-06T16:01:35.608697406Z Processing job 8667fffd-2fe5-44fa-b47c-e6c53530ea4c
2026-04-06T16:01:36.023780634Z Completed job 93b56680-f79b-47ff-b612-9e6f476bd0e1
2026-04-06T16:01:36.024783322Z Processing job 2d12aecb-9a15-455e-ad71-4f402a082a85
2026-04-06T16:01:36.241104952Z Completed job 8667fffd-2fe5-44fa-b47c-e6c53530ea4c
2026-04-06T16:01:36.243725051Z Processing job ec23971f-a206-475e-943b-806601770867
2026-04-06T16:01:36.721840371Z Completed job 2d12aecb-9a15-455e-ad71-4f402a082a85
2026-04-06T16:01:36.722312791Z Processing job d2554720-4d9e-46af-968a-64136a7128ed
2026-04-06T16:01:36.921367394Z Completed job ec23971f-a206-475e-943b-806601770867
2026-04-06T16:01:36.924324626Z Processing job 08936eae-8bbc-4908-9de1-aca7eb0a252a
2026-04-06T16:01:37.486451191Z Completed job d2554720-4d9e-46af-968a-64136a7128ed
2026-04-06T16:01:37.487329582Z Processing job 30bb5020-3170-4f9c-b4c8-3902614db11f
2026-04-06T16:01:37.670672256Z Completed job 08936eae-8bbc-4908-9de1-aca7eb0a252a
2026-04-06T16:01:37.671771372Z Processing job d54864f2-278f-4b29-8779-880858fa02f0
2026-04-06T16:01:38.151607110Z Completed job 30bb5020-3170-4f9c-b4c8-3902614db11f
2026-04-06T16:01:38.166391997Z Processing job 0fb702f6-68ef-4a00-81b3-69176db0293d
2026-04-06T16:01:38.372712397Z Completed job d54864f2-278f-4b29-8779-880858fa02f0
2026-04-06T16:01:38.374083672Z Processing job f0c813bc-243b-422e-a69a-a05bd3796f4f
2026-04-06T16:01:38.820893723Z Completed job 0fb702f6-68ef-4a00-81b3-69176db0293d
2026-04-06T16:01:38.826578676Z Processing job 4e730d96-360f-436d-8d58-15f95d698f19
2026-04-06T16:01:39.007170779Z Completed job f0c813bc-243b-422e-a69a-a05bd3796f4f
2026-04-06T16:01:39.010608589Z Processing job 2f164d0a-4124-4188-9bbc-2c761ad7a67f
2026-04-06T16:01:39.475472642Z Completed job 4e730d96-360f-436d-8d58-15f95d698f19
2026-04-06T16:01:39.478353233Z Processing job 6e0054e2-cc63-4068-8a50-a1491063293d
2026-04-06T16:01:39.715085261Z Completed job 2f164d0a-4124-4188-9bbc-2c761ad7a67f
2026-04-06T16:01:39.717533569Z Processing job 472503e5-c9a6-429e-84e3-494bf5802a65
2026-04-06T16:01:40.134616566Z Completed job 6e0054e2-cc63-4068-8a50-a1491063293d
2026-04-06T16:01:40.135337798Z Processing job aab24aea-c652-4b46-bb37-6dd5f3afbec3
2026-04-06T16:01:40.343463170Z Completed job 472503e5-c9a6-429e-84e3-494bf5802a65
2026-04-06T16:01:40.346674701Z Processing job 78835af3-93a4-4dce-aced-40e9d586c03e
2026-04-06T16:01:40.777081920Z Completed job aab24aea-c652-4b46-bb37-6dd5f3afbec3
2026-04-06T16:01:40.779868468Z Processing job 2bc5807d-f292-4cca-ba0f-f8a438c77635
2026-04-06T16:01:40.987586511Z Completed job 78835af3-93a4-4dce-aced-40e9d586c03e
2026-04-06T16:01:40.991513299Z Processing job c1089dcd-2934-4d08-a115-1bff8a5da1f0
2026-04-06T16:01:41.427476833Z Completed job 2bc5807d-f292-4cca-ba0f-f8a438c77635
2026-04-06T16:01:41.430077388Z Processing job b71ba313-8949-4bc8-8ca5-5cd09cd4f174
2026-04-06T16:01:41.692167574Z Completed job c1089dcd-2934-4d08-a115-1bff8a5da1f0
2026-04-06T16:01:41.693900583Z Processing job 6b5bc382-3a94-4d7e-815c-3a7da1ce7bdd
2026-04-06T16:01:42.102791066Z Completed job b71ba313-8949-4bc8-8ca5-5cd09cd4f174
2026-04-06T16:01:42.105006342Z Processing job 2325ca0c-e3d6-4296-ae67-3c38a8a268a2
2026-04-06T16:01:42.362136457Z Completed job 6b5bc382-3a94-4d7e-815c-3a7da1ce7bdd
2026-04-06T16:01:42.363629772Z Processing job 223e86ac-358e-41ad-81eb-1cbb93bfffeb
2026-04-06T16:01:42.746329380Z Completed job 2325ca0c-e3d6-4296-ae67-3c38a8a268a2
2026-04-06T16:01:42.747245024Z Processing job 9cdc6592-6207-47f0-9a73-b8f695e6b68b
2026-04-06T16:01:43.031327759Z Completed job 223e86ac-358e-41ad-81eb-1cbb93bfffeb
2026-04-06T16:01:43.033493526Z Processing job 8fd49978-efff-4507-bec1-124783eb328a
2026-04-06T16:01:43.436905474Z Completed job 9cdc6592-6207-47f0-9a73-b8f695e6b68b
2026-04-06T16:01:43.439570687Z Processing job ce83a71b-839f-448b-88e0-9ab73b818a56
2026-04-06T16:01:43.700726178Z Completed job 8fd49978-efff-4507-bec1-124783eb328a
2026-04-06T16:01:43.702617806Z Processing job 1bf2c35a-6501-4092-a48c-ead979f38823
2026-04-06T16:01:44.125570440Z Completed job ce83a71b-839f-448b-88e0-9ab73b818a56
2026-04-06T16:01:44.127778512Z Processing job bbd1a9bc-f7e7-4055-993c-ca709343c2b1
2026-04-06T16:01:44.367253567Z Completed job 1bf2c35a-6501-4092-a48c-ead979f38823
2026-04-06T16:01:44.369461934Z Processing job 49dfec64-bb8a-4065-a78c-fc18cf3186ea
2026-04-06T16:01:44.797970766Z Completed job bbd1a9bc-f7e7-4055-993c-ca709343c2b1
2026-04-06T16:01:44.799994006Z Processing job 017ddd36-40ce-4025-bfbc-ea3cff7fcddf
2026-04-06T16:01:45.043245533Z Completed job 49dfec64-bb8a-4065-a78c-fc18cf3186ea
2026-04-06T16:01:45.044339807Z Processing job 1839bc79-d52b-4474-b5f8-1880211df84c
2026-04-06T16:01:45.519344573Z Completed job 017ddd36-40ce-4025-bfbc-ea3cff7fcddf
2026-04-06T16:01:45.521977123Z Processing job 0b5a23fe-016b-4445-bb37-b7597fbc6425
2026-04-06T16:01:45.736034070Z Completed job 1839bc79-d52b-4474-b5f8-1880211df84c
2026-04-06T16:01:45.738862378Z Processing job 6e365927-4580-4dfe-8d40-c4886dd11b1c
2026-04-06T16:01:46.147351732Z Completed job 0b5a23fe-016b-4445-bb37-b7597fbc6425
2026-04-06T16:01:46.148057352Z Processing job de8e6d75-26f6-4765-89e8-d494b8617265
2026-04-06T16:01:46.402916117Z Completed job 6e365927-4580-4dfe-8d40-c4886dd11b1c
2026-04-06T16:01:46.407631109Z Processing job 0c01179c-f8a9-4ec3-8331-92486a376614
2026-04-06T16:01:46.828763396Z Completed job de8e6d75-26f6-4765-89e8-d494b8617265
2026-04-06T16:01:46.833315946Z Processing job 18026621-5ec9-41a5-8c17-ab25955f303b
2026-04-06T16:01:47.168236491Z Completed job 0c01179c-f8a9-4ec3-8331-92486a376614
2026-04-06T16:01:47.171940691Z Processing job 6370a16a-42cb-4de5-b351-5cb6cae19cd6
2026-04-06T16:01:47.658718957Z Completed job 18026621-5ec9-41a5-8c17-ab25955f303b
2026-04-06T16:01:47.664348782Z Processing job 4940f2b8-827b-4f2a-91e0-edda45c6710f
2026-04-06T16:01:47.881637034Z Completed job 6370a16a-42cb-4de5-b351-5cb6cae19cd6
2026-04-06T16:01:47.883199932Z Processing job 1611910d-e9f1-4361-b0da-c0b2b40e0ad4
2026-04-06T16:01:48.288905402Z Completed job 4940f2b8-827b-4f2a-91e0-edda45c6710f
2026-04-06T16:01:48.291010149Z Processing job 05bb2a11-fde3-48db-8c21-c7725f21856d
2026-04-06T16:01:48.533575717Z Completed job 1611910d-e9f1-4361-b0da-c0b2b40e0ad4
2026-04-06T16:01:48.534782569Z Processing job 2c4e8a3f-f808-4238-96ff-53d113e0aec8
2026-04-06T16:01:48.964608594Z Completed job 05bb2a11-fde3-48db-8c21-c7725f21856d
2026-04-06T16:01:48.965852870Z Processing job a6a120e8-459a-4e1f-a752-5b1c2884014e
2026-04-06T16:01:49.161080217Z Completed job 2c4e8a3f-f808-4238-96ff-53d113e0aec8
2026-04-06T16:01:49.163906782Z Processing job 9bdcbb57-95d3-4355-9bf1-70737d16510c
2026-04-06T16:01:49.598081843Z Completed job a6a120e8-459a-4e1f-a752-5b1c2884014e
2026-04-06T16:01:49.599938815Z Processing job 3d0458b1-08ff-46b9-b43a-cffd082a4eca
2026-04-06T16:01:49.789146647Z Completed job 9bdcbb57-95d3-4355-9bf1-70737d16510c
2026-04-06T16:01:49.792145827Z Processing job fb44409b-28a0-4a76-bac4-faeeca4bf7da
2026-04-06T16:01:50.197027687Z Completed job 3d0458b1-08ff-46b9-b43a-cffd082a4eca
2026-04-06T16:01:50.200965886Z Processing job 500a6295-0419-41cc-a55f-01bb74322bcd
2026-04-06T16:01:50.755247308Z Completed job fb44409b-28a0-4a76-bac4-faeeca4bf7da
2026-04-06T16:01:50.756766569Z Processing job 68d90f42-e76a-4576-a25f-b03fb096892e
2026-04-06T16:01:51.190789437Z Completed job 500a6295-0419-41cc-a55f-01bb74322bcd
2026-04-06T16:01:51.192011992Z Processing job 82c53cd6-0996-4e08-9961-ed03cd317b0e
2026-04-06T16:01:51.480494550Z Completed job 68d90f42-e76a-4576-a25f-b03fb096892e
2026-04-06T16:01:51.481651874Z Processing job e47daa3d-a1f2-4b2b-8c4e-8f3929236e0a
2026-04-06T16:01:51.923673209Z Completed job 82c53cd6-0996-4e08-9961-ed03cd317b0e
2026-04-06T16:01:51.925550589Z Processing job c67752a5-bd05-4ea3-a50f-f0dddeee429f
2026-04-06T16:01:52.246599856Z Completed job e47daa3d-a1f2-4b2b-8c4e-8f3929236e0a
2026-04-06T16:01:52.250016982Z Processing job a7dfd42c-ec0b-4bc2-aca4-536d9d3a085f
2026-04-06T16:01:52.609733574Z Completed job c67752a5-bd05-4ea3-a50f-f0dddeee429f
2026-04-06T16:01:52.613491309Z Processing job afb15346-735d-4dd1-93a2-6e80fa3024b7
2026-04-06T16:01:52.957976355Z Completed job a7dfd42c-ec0b-4bc2-aca4-536d9d3a085f
2026-04-06T16:01:52.959857286Z Processing job 20d6d55c-d2b8-47e0-981b-a3d9938ad21d
2026-04-06T16:01:53.319261790Z Completed job afb15346-735d-4dd1-93a2-6e80fa3024b7
2026-04-06T16:01:53.322339096Z Processing job 026ad5e8-c19e-4da5-ae15-85e7d7ae730c
2026-04-06T16:01:53.628516112Z Completed job 20d6d55c-d2b8-47e0-981b-a3d9938ad21d
2026-04-06T16:01:53.630150368Z Processing job 6f7b7e40-da8b-4a5f-abbf-55eaacc343ae
2026-04-06T16:01:54.041681675Z Completed job 026ad5e8-c19e-4da5-ae15-85e7d7ae730c
2026-04-06T16:01:54.052245205Z Processing job baa2b220-fcc8-4782-9aa0-3bbdae1b9aa0
2026-04-06T16:01:54.350548874Z Completed job 6f7b7e40-da8b-4a5f-abbf-55eaacc343ae
2026-04-06T16:01:54.353606827Z Processing job 26abfc76-2875-4024-92a4-37a9e8c08ba8
2026-04-06T16:01:54.693199135Z Completed job baa2b220-fcc8-4782-9aa0-3bbdae1b9aa0
2026-04-06T16:01:54.694801677Z Processing job 4bacb70b-70c7-45b1-8432-c1e22b341bbf
2026-04-06T16:01:54.972834744Z Completed job 26abfc76-2875-4024-92a4-37a9e8c08ba8
2026-04-06T16:01:54.976787061Z Processing job f78aeba3-2f97-402e-92de-42ab09150417
2026-04-06T16:01:55.328879246Z Completed job 4bacb70b-70c7-45b1-8432-c1e22b341bbf
2026-04-06T16:01:55.330069394Z Processing job 91c9b7a8-d819-4854-9501-14ca9a5de8f5
2026-04-06T16:01:55.593956385Z Completed job f78aeba3-2f97-402e-92de-42ab09150417
2026-04-06T16:01:55.594670558Z Processing job cd1b0cd6-fd80-441e-9f88-cb29d6cb1402
2026-04-06T16:01:55.972468796Z Completed job 91c9b7a8-d819-4854-9501-14ca9a5de8f5
2026-04-06T16:01:55.973604175Z Processing job 45b64294-4866-4645-85cf-c74609d5a307
2026-04-06T16:01:56.217788060Z Completed job cd1b0cd6-fd80-441e-9f88-cb29d6cb1402
2026-04-06T16:01:56.220856576Z Processing job eff90959-f659-4d45-bf0c-7c5feb522f56
2026-04-06T16:01:56.651928727Z Completed job 45b64294-4866-4645-85cf-c74609d5a307
2026-04-06T16:01:56.653109390Z Processing job b177d0f9-bfd0-4f35-9e1a-21260ad3aa5e
2026-04-06T16:01:56.884587194Z Completed job eff90959-f659-4d45-bf0c-7c5feb522f56
2026-04-06T16:01:56.884661607Z Processing job 7c546ac6-f1bc-41d0-b029-82ffac31fe2a
2026-04-06T16:01:57.443978623Z Completed job b177d0f9-bfd0-4f35-9e1a-21260ad3aa5e
2026-04-06T16:01:57.445720974Z Processing job d7d1f5b0-f0ec-42f7-bb66-06ace3067557
2026-04-06T16:01:57.680267438Z Completed job 7c546ac6-f1bc-41d0-b029-82ffac31fe2a
2026-04-06T16:01:57.685983442Z Processing job f3223e16-ad58-4bda-bbe1-2ed4b86359aa
2026-04-06T16:01:58.110482001Z Completed job d7d1f5b0-f0ec-42f7-bb66-06ace3067557
2026-04-06T16:01:58.111969729Z Processing job 931bc420-8199-4a19-9c55-e31ad7e515eb
2026-04-06T16:01:58.368666291Z Completed job f3223e16-ad58-4bda-bbe1-2ed4b86359aa
2026-04-06T16:01:58.371134297Z Processing job 0dca44f5-59dd-4d48-baad-cfcea74c173c
2026-04-06T16:01:58.764404467Z Completed job 931bc420-8199-4a19-9c55-e31ad7e515eb
2026-04-06T16:01:58.767297634Z Processing job 0283afb1-b8bc-4c8d-b097-b2cd85e29942
2026-04-06T16:01:59.012237156Z Completed job 0dca44f5-59dd-4d48-baad-cfcea74c173c
2026-04-06T16:01:59.012781653Z Processing job 806dea1c-9323-4742-aa68-470be4530439
2026-04-06T16:01:59.442068942Z Completed job 0283afb1-b8bc-4c8d-b097-b2cd85e29942
2026-04-06T16:01:59.443040829Z Processing job 3317f2a5-6dd0-4911-b078-28b781bbdf6c
2026-04-06T16:01:59.734511054Z Completed job 806dea1c-9323-4742-aa68-470be4530439
2026-04-06T16:01:59.735747208Z Processing job e8fb0d01-0dc6-4d22-befb-e9ccadf0f61a
2026-04-06T16:02:00.128625134Z Completed job 3317f2a5-6dd0-4911-b078-28b781bbdf6c
2026-04-06T16:02:00.130166540Z Processing job bd0758c9-b27c-4eac-9b54-2e9f99b7ace6
2026-04-06T16:02:00.351711591Z Completed job e8fb0d01-0dc6-4d22-befb-e9ccadf0f61a
2026-04-06T16:02:00.354704415Z Processing job 7f7fb2eb-898f-48cf-aba2-b453bff29357
2026-04-06T16:02:00.835061480Z Completed job bd0758c9-b27c-4eac-9b54-2e9f99b7ace6
2026-04-06T16:02:00.842268905Z Processing job 99038bca-abef-49ba-9289-a4161d43a223
2026-04-06T16:02:01.107859002Z Completed job 7f7fb2eb-898f-48cf-aba2-b453bff29357
2026-04-06T16:02:01.113751826Z Processing job e01141e5-2639-4ff3-a16e-e613a982f4f5
2026-04-06T16:02:01.598608191Z Completed job 99038bca-abef-49ba-9289-a4161d43a223
2026-04-06T16:02:01.598696369Z Processing job 3a7ec1d9-b2ad-4322-8046-454b3e2f682c
2026-04-06T16:02:01.768303918Z Completed job e01141e5-2639-4ff3-a16e-e613a982f4f5
2026-04-06T16:02:01.770265717Z Processing job b62d056e-9753-473b-b4ac-83429b7cad17
2026-04-06T16:02:02.175520790Z Completed job 3a7ec1d9-b2ad-4322-8046-454b3e2f682c
2026-04-06T16:02:02.177672337Z Processing job 3dc9c6e3-8a1f-449f-9501-a4dd69266d6c
2026-04-06T16:02:02.499973442Z Completed job b62d056e-9753-473b-b4ac-83429b7cad17
2026-04-06T16:02:02.501644047Z Processing job f2090aac-dd67-41ad-9734-9862f80b76e5
2026-04-06T16:02:02.846288580Z Completed job 3dc9c6e3-8a1f-449f-9501-a4dd69266d6c
2026-04-06T16:02:02.850405512Z Processing job 6355ffaf-8fc1-4b2f-8ef0-e5bef8a18d84
2026-04-06T16:02:03.142169389Z Completed job f2090aac-dd67-41ad-9734-9862f80b76e5
2026-04-06T16:02:03.144539546Z Processing job 2eb35765-519c-45b4-a47e-603f22295c4f
2026-04-06T16:02:03.515083167Z Completed job 6355ffaf-8fc1-4b2f-8ef0-e5bef8a18d84
2026-04-06T16:02:03.517516939Z Processing job 11372242-ae1c-4c14-bc82-e7cf5cb1b530
2026-04-06T16:02:03.803667919Z Completed job 2eb35765-519c-45b4-a47e-603f22295c4f
2026-04-06T16:02:03.804369018Z Processing job 7a68a1e2-03f4-41f0-9eaa-218508220ba4
2026-04-06T16:02:04.207265579Z Completed job 11372242-ae1c-4c14-bc82-e7cf5cb1b530
2026-04-06T16:02:04.208550948Z Processing job 5a83b512-c7b3-4300-8a27-8fb27f053a47
2026-04-06T16:02:04.431150219Z Completed job 7a68a1e2-03f4-41f0-9eaa-218508220ba4
2026-04-06T16:02:04.432237335Z Processing job b982803f-d9a3-4685-911f-971770e274cb
2026-04-06T16:02:04.806890089Z Completed job 5a83b512-c7b3-4300-8a27-8fb27f053a47
2026-04-06T16:02:04.810330295Z Processing job 6f4b173a-184c-476c-ab5d-a43ddd97baab
2026-04-06T16:02:05.055124884Z Completed job b982803f-d9a3-4685-911f-971770e274cb
2026-04-06T16:02:05.055877081Z Processing job 57e60c7a-831e-4b56-acec-73928f6a3001
2026-04-06T16:02:05.482823203Z Completed job 6f4b173a-184c-476c-ab5d-a43ddd97baab
2026-04-06T16:02:05.486152560Z Processing job 5e2383e9-dc60-4bef-97bd-fbbba33528c5
2026-04-06T16:02:05.743265225Z Completed job 57e60c7a-831e-4b56-acec-73928f6a3001
2026-04-06T16:02:05.745763686Z Processing job 2408ec67-5a2f-44e3-a244-0504f670062a
2026-04-06T16:02:06.118133856Z Completed job 5e2383e9-dc60-4bef-97bd-fbbba33528c5
2026-04-06T16:02:06.118751317Z Processing job bcf56308-fd26-4f0b-bb89-284f49686f0a
2026-04-06T16:02:06.373521754Z Completed job 2408ec67-5a2f-44e3-a244-0504f670062a
2026-04-06T16:02:06.376554671Z Processing job bb5d9d8f-0501-4dc3-8824-b5203bdf518a
2026-04-06T16:02:06.769337055Z Completed job bcf56308-fd26-4f0b-bb89-284f49686f0a
2026-04-06T16:02:06.770807672Z Processing job fffbb03d-2be5-402d-ae13-ebc1b3a2d3a2
2026-04-06T16:02:07.116243489Z Completed job bb5d9d8f-0501-4dc3-8824-b5203bdf518a
2026-04-06T16:02:07.117836569Z Processing job 50a95a5e-e841-453f-a9a7-dc537253b571
2026-04-06T16:02:07.528544450Z Completed job fffbb03d-2be5-402d-ae13-ebc1b3a2d3a2
2026-04-06T16:02:07.529402388Z Processing job af549df1-ff24-4f30-8fba-8ffdb26af10b
2026-04-06T16:02:07.788936003Z Completed job 50a95a5e-e841-453f-a9a7-dc537253b571
2026-04-06T16:02:07.791677391Z Processing job c2f089f4-7dee-4f37-9440-278a93b07eae
2026-04-06T16:02:08.204572058Z Completed job af549df1-ff24-4f30-8fba-8ffdb26af10b
2026-04-06T16:02:08.208484246Z Processing job 0144709d-9017-4d24-9b1f-21eae4c96d9a
2026-04-06T16:02:08.539858466Z Completed job c2f089f4-7dee-4f37-9440-278a93b07eae
2026-04-06T16:02:08.541953985Z Processing job 11ccfb1e-4848-48bb-bc0f-0a046ce271e6
2026-04-06T16:02:08.910316132Z Completed job 0144709d-9017-4d24-9b1f-21eae4c96d9a
2026-04-06T16:02:08.912520945Z Processing job 574f7ed2-97fa-414f-8fe6-895e1dec0cc0
2026-04-06T16:02:09.183610639Z Completed job 11ccfb1e-4848-48bb-bc0f-0a046ce271e6
2026-04-06T16:02:09.185057332Z Processing job 17e1cd31-6450-4e71-8b31-5b814ecea615
2026-04-06T16:02:09.540575460Z Completed job 574f7ed2-97fa-414f-8fe6-895e1dec0cc0
2026-04-06T16:02:09.541789186Z Processing job 1c34564b-12d3-4330-9cee-26ffb20769c4
2026-04-06T16:02:09.811685337Z Completed job 17e1cd31-6450-4e71-8b31-5b814ecea615
2026-04-06T16:02:09.814703254Z Processing job f5436623-fa16-4ad1-801e-d330065009e0
2026-04-06T16:02:10.160888441Z Completed job 1c34564b-12d3-4330-9cee-26ffb20769c4
2026-04-06T16:02:10.165839438Z Processing job ac7cee47-ebb1-414b-922d-15f0d66337b3
2026-04-06T16:02:10.453505759Z Completed job f5436623-fa16-4ad1-801e-d330065009e0
2026-04-06T16:02:10.454250322Z Processing job 2231cb62-ac7c-4b43-adc1-7e9930ef7860
2026-04-06T16:02:10.813927799Z Completed job ac7cee47-ebb1-414b-922d-15f0d66337b3
2026-04-06T16:02:10.816918723Z Processing job 3d8c319d-9c8b-481e-9393-fefc3a38de46
2026-04-06T16:02:11.110957191Z Completed job 2231cb62-ac7c-4b43-adc1-7e9930ef7860
2026-04-06T16:02:11.112100298Z Processing job b7880178-e586-403b-b15a-630176dea175
2026-04-06T16:02:11.463866668Z Completed job 3d8c319d-9c8b-481e-9393-fefc3a38de46
2026-04-06T16:02:11.466918582Z Processing job ae4a23fd-d7a3-4bf8-86cf-ba8e19c77fab
2026-04-06T16:02:11.750903804Z Completed job b7880178-e586-403b-b15a-630176dea175
2026-04-06T16:02:11.752360377Z Processing job 07e8cb08-452e-49e1-8f28-7a5bf9338dd9
2026-04-06T16:02:12.181500496Z Completed job ae4a23fd-d7a3-4bf8-86cf-ba8e19c77fab
2026-04-06T16:02:12.187824577Z Processing job 60aa43ac-1979-4ffb-93be-ea51399b3fe8
2026-04-06T16:02:12.379034640Z Completed job 07e8cb08-452e-49e1-8f28-7a5bf9338dd9
2026-04-06T16:02:12.379555396Z Processing job c58cf52f-dff3-4680-b7d5-6e879195a5e7
2026-04-06T16:02:12.869361094Z Completed job 60aa43ac-1979-4ffb-93be-ea51399b3fe8
2026-04-06T16:02:12.871836159Z Processing job 6eb708c2-63e9-4a2a-8a95-3a31ea802bb1
2026-04-06T16:02:13.046878673Z Completed job c58cf52f-dff3-4680-b7d5-6e879195a5e7
2026-04-06T16:02:13.047922025Z Processing job f3a64667-0461-4ce4-b2dc-fde5921bb4fc
2026-04-06T16:02:13.499712197Z Completed job 6eb708c2-63e9-4a2a-8a95-3a31ea802bb1
2026-04-06T16:02:13.502626423Z Processing job b9101fed-baa8-46dd-9739-006afe4a6c79
2026-04-06T16:02:13.697723910Z Completed job f3a64667-0461-4ce4-b2dc-fde5921bb4fc
2026-04-06T16:02:13.699786769Z Processing job 78a25016-6ee1-4763-ae61-4820157249d1
2026-04-06T16:02:14.158552981Z Completed job b9101fed-baa8-46dd-9739-006afe4a6c79
2026-04-06T16:02:14.160861881Z Processing job ca1a5264-f999-4a11-9fef-00147b7a438f
2026-04-06T16:02:14.377236423Z Completed job 78a25016-6ee1-4763-ae61-4820157249d1
2026-04-06T16:02:14.378730564Z Processing job 92cf318e-ef2a-4320-a0f6-f310da4a0092
2026-04-06T16:02:14.800115129Z Completed job ca1a5264-f999-4a11-9fef-00147b7a438f
2026-04-06T16:02:14.801743681Z Processing job a093ee1f-529c-4c2e-9b76-3be4134631b8
2026-04-06T16:02:14.998294131Z Completed job 92cf318e-ef2a-4320-a0f6-f310da4a0092
2026-04-06T16:02:15.000000204Z Processing job f5d84ade-d4b9-48c7-acc2-be4f30c4c42b
2026-04-06T16:02:15.425577916Z Completed job a093ee1f-529c-4c2e-9b76-3be4134631b8
2026-04-06T16:02:15.427860808Z Processing job 2330fb4f-eb7b-444c-a513-ce7f0e78b0a4
2026-04-06T16:02:15.636084527Z Completed job f5d84ade-d4b9-48c7-acc2-be4f30c4c42b
2026-04-06T16:02:15.636927562Z Processing job 4e94514b-ac4f-4321-b63b-b8da8d285d81
2026-04-06T16:02:16.057110303Z Completed job 2330fb4f-eb7b-444c-a513-ce7f0e78b0a4
2026-04-06T16:02:16.059254049Z Processing job d4127f09-5564-4597-8583-eeeae5531c53
2026-04-06T16:02:16.270309412Z Completed job 4e94514b-ac4f-4321-b63b-b8da8d285d81
2026-04-06T16:02:16.271170995Z Processing job b3151af9-a197-4750-97d2-f62ec6c231ba
2026-04-06T16:02:16.687526064Z Completed job d4127f09-5564-4597-8583-eeeae5531c53
2026-04-06T16:02:16.688647292Z Processing job 870e6dce-4ffc-4af3-9ba7-f0dca712de88
2026-04-06T16:02:16.946162331Z Completed job b3151af9-a197-4750-97d2-f62ec6c231ba
2026-04-06T16:02:16.947481210Z Processing job e44844f0-87df-428d-9f1b-5494ec8ff438
2026-04-06T16:02:17.496187591Z Completed job 870e6dce-4ffc-4af3-9ba7-f0dca712de88
2026-04-06T16:02:17.498216294Z Processing job a26c1982-1e49-46b6-9028-53522ea9c1b4
2026-04-06T16:02:17.741474759Z Completed job e44844f0-87df-428d-9f1b-5494ec8ff438
2026-04-06T16:02:17.744568876Z Processing job c301a317-69d1-4689-a980-e29c5cdb704a
2026-04-06T16:02:18.126639317Z Completed job a26c1982-1e49-46b6-9028-53522ea9c1b4
2026-04-06T16:02:18.129774844Z Processing job 47033b48-87bd-457d-8b14-a28215e2febb
2026-04-06T16:02:18.369235832Z Completed job c301a317-69d1-4689-a980-e29c5cdb704a
2026-04-06T16:02:18.370767233Z Processing job 56858965-9da2-4456-8d2d-c491c68b9244
2026-04-06T16:02:18.763645246Z Completed job 47033b48-87bd-457d-8b14-a28215e2febb
2026-04-06T16:02:18.765247294Z Processing job e053e81a-6cad-4972-8c88-9f84cb23809b
2026-04-06T16:02:19.026787056Z Completed job 56858965-9da2-4456-8d2d-c491c68b9244
2026-04-06T16:02:19.027762734Z Processing job dcc27e16-69f1-469f-92bc-ba533d90ff78
2026-04-06T16:02:19.424353980Z Completed job e053e81a-6cad-4972-8c88-9f84cb23809b
2026-04-06T16:02:19.426498117Z Processing job cfceb2c4-c4b6-4794-83e6-6be7e89b63b3
2026-04-06T16:02:19.696999729Z Completed job dcc27e16-69f1-469f-92bc-ba533d90ff78
2026-04-06T16:02:19.699296569Z Processing job 0325ba53-6bef-4482-8543-2fb8cced03a2
2026-04-06T16:02:20.112311632Z Completed job cfceb2c4-c4b6-4794-83e6-6be7e89b63b3
2026-04-06T16:02:20.113347636Z Processing job 70aba0f8-7552-4814-9b00-563de67153bf
2026-04-06T16:02:20.366607412Z Completed job 0325ba53-6bef-4482-8543-2fb8cced03a2
2026-04-06T16:02:20.368915233Z Processing job 8699c38f-e602-42f4-a301-a34a17834916
2026-04-06T16:02:20.798377565Z Completed job 70aba0f8-7552-4814-9b00-563de67153bf
2026-04-06T16:02:20.801722345Z Processing job ca0dec5c-e508-43a2-a061-ba60cc816478
2026-04-06T16:02:21.047912367Z Completed job 8699c38f-e602-42f4-a301-a34a17834916
2026-04-06T16:02:21.051265325Z Processing job a4e96f54-7eb1-439b-af25-8be23976e510
2026-04-06T16:02:21.468339954Z Completed job ca0dec5c-e508-43a2-a061-ba60cc816478
2026-04-06T16:02:21.470096371Z Processing job ed4bc806-5b15-4272-98f9-b9410da78d46
2026-04-06T16:02:21.711027318Z Completed job a4e96f54-7eb1-439b-af25-8be23976e510
2026-04-06T16:02:21.711615008Z Processing job 8a6fd177-831a-44a9-ba09-74f080cfc0d2
2026-04-06T16:02:22.263269447Z Completed job ed4bc806-5b15-4272-98f9-b9410da78d46
2026-04-06T16:02:22.265799041Z Processing job 2eee3e66-56d3-4271-90f1-ad28ea89a3e5
2026-04-06T16:02:22.466383850Z Completed job 8a6fd177-831a-44a9-ba09-74f080cfc0d2
2026-04-06T16:02:22.468881572Z Processing job c0aa67b2-72d4-484d-9089-698902c07fad
2026-04-06T16:02:22.896140457Z Completed job 2eee3e66-56d3-4271-90f1-ad28ea89a3e5
2026-04-06T16:02:22.896654158Z Processing job ae568c94-b6ff-4a4a-8785-a852651566ca
2026-04-06T16:02:23.058901970Z Completed job c0aa67b2-72d4-484d-9089-698902c07fad
2026-04-06T16:02:23.061833121Z Processing job 26f713e8-5d91-41b6-9e4d-29815f040e5b
2026-04-06T16:02:23.537072246Z Completed job ae568c94-b6ff-4a4a-8785-a852651566ca
2026-04-06T16:02:23.538189744Z Processing job 582a1594-7d7f-4b09-b6b1-7cbd033a6d50
2026-04-06T16:02:23.710822745Z Completed job 26f713e8-5d91-41b6-9e4d-29815f040e5b
2026-04-06T16:02:23.712198869Z Processing job e481049c-e274-4a00-9f99-88fd4fa9077e
2026-04-06T16:02:24.202531687Z Completed job 582a1594-7d7f-4b09-b6b1-7cbd033a6d50
2026-04-06T16:02:24.205622027Z Processing job a99e2e08-bb70-4daf-b345-87c94ec1d7c8
2026-04-06T16:02:24.332696828Z Completed job e481049c-e274-4a00-9f99-88fd4fa9077e
2026-04-06T16:02:24.334677221Z Processing job 80d1b8d1-2031-4efc-8b58-c01f09c485a1
2026-04-06T16:02:24.844108647Z Completed job a99e2e08-bb70-4daf-b345-87c94ec1d7c8
2026-04-06T16:02:24.844911007Z Processing job 483ff8a2-ca74-42a2-b24f-feaba51fbb2b
2026-04-06T16:02:24.983637606Z Completed job 80d1b8d1-2031-4efc-8b58-c01f09c485a1
2026-04-06T16:02:24.984954781Z Processing job 5c3f8d58-eab7-415a-8c36-7b50e0804756
2026-04-06T16:02:25.502518728Z Completed job 483ff8a2-ca74-42a2-b24f-feaba51fbb2b
2026-04-06T16:02:25.504244491Z Processing job 202eb924-4cf9-41e4-8491-cbbfb0279b5d
2026-04-06T16:02:25.634964778Z Completed job 5c3f8d58-eab7-415a-8c36-7b50e0804756
2026-04-06T16:02:25.636006942Z Processing job 61857eff-4189-4995-9057-3a5f796c0b8e
2026-04-06T16:02:26.148891896Z Completed job 202eb924-4cf9-41e4-8491-cbbfb0279b5d
2026-04-06T16:02:26.149793028Z Processing job 279831d4-6917-4fd9-87f0-0ebbabd2ac64
2026-04-06T16:02:26.300243483Z Completed job 61857eff-4189-4995-9057-3a5f796c0b8e
2026-04-06T16:02:26.301508490Z Processing job edbbbaee-a0a5-4eec-896c-a04cc76c2aa6
2026-04-06T16:02:26.821674437Z Completed job 279831d4-6917-4fd9-87f0-0ebbabd2ac64
2026-04-06T16:02:26.823078760Z Processing job 0d7bb9dc-75d2-4fae-8ecf-bcab334a04c8
2026-04-06T16:02:27.043641626Z Completed job edbbbaee-a0a5-4eec-896c-a04cc76c2aa6
2026-04-06T16:02:27.045619918Z Processing job b302cd74-5d8c-4b65-b72e-261630a530ca
2026-04-06T16:02:27.605025177Z Completed job 0d7bb9dc-75d2-4fae-8ecf-bcab334a04c8
2026-04-06T16:02:27.607620318Z Processing job 208afb0b-0eef-4a20-b118-7d973b8946e2
2026-04-06T16:02:27.788304919Z Completed job b302cd74-5d8c-4b65-b72e-261630a530ca
2026-04-06T16:02:27.789667402Z Processing job 3dc3312c-5a13-4fe1-8e5d-397167b130cd
2026-04-06T16:02:28.284626275Z Completed job 208afb0b-0eef-4a20-b118-7d973b8946e2
2026-04-06T16:02:28.285634280Z Processing job 54be4d1a-c9ae-4f6a-84fe-b4542dfd77fb
2026-04-06T16:02:28.477786970Z Completed job 3dc3312c-5a13-4fe1-8e5d-397167b130cd
2026-04-06T16:02:28.478873123Z Processing job b501edf7-c0f4-4a82-bcfb-1a594f7d4b6f
2026-04-06T16:02:28.983279082Z Completed job 54be4d1a-c9ae-4f6a-84fe-b4542dfd77fb
2026-04-06T16:02:28.984594995Z Processing job be8c674f-18b5-4b11-83c3-9cce90a63329
2026-04-06T16:02:29.169832042Z Completed job b501edf7-c0f4-4a82-bcfb-1a594f7d4b6f
2026-04-06T16:02:29.172054239Z Processing job aceeac6c-3867-4bbb-a159-482c45db9915
2026-04-06T16:02:29.716288169Z Completed job be8c674f-18b5-4b11-83c3-9cce90a63329
2026-04-06T16:02:29.717279806Z Processing job 493af3a8-9263-4d7c-b3f7-e784afa20ea5
2026-04-06T16:02:29.840906023Z Completed job aceeac6c-3867-4bbb-a159-482c45db9915
2026-04-06T16:02:29.844358372Z Processing job c06a0775-fffd-49bc-ac61-efa1d7694e41
2026-04-06T16:02:30.384427247Z Completed job 493af3a8-9263-4d7c-b3f7-e784afa20ea5
2026-04-06T16:02:30.387593012Z Processing job d2f22e97-104b-4fca-bc27-e8833e266022
2026-04-06T16:02:30.563770278Z Completed job c06a0775-fffd-49bc-ac61-efa1d7694e41
2026-04-06T16:02:30.565244985Z Processing job 6e0d92ab-ffc4-4ad3-b8aa-29f46d04dd34
2026-04-06T16:02:31.052798205Z Completed job d2f22e97-104b-4fca-bc27-e8833e266022
2026-04-06T16:02:31.054754033Z Processing job 29bc3bba-905e-4c53-815b-1d0c65f7b4b5
2026-04-06T16:02:31.148233707Z Completed job 6e0d92ab-ffc4-4ad3-b8aa-29f46d04dd34
2026-04-06T16:02:31.151562763Z Processing job 6e959eeb-9ae7-4915-8018-3fc811cbb5f8
2026-04-06T16:02:31.719309655Z Completed job 29bc3bba-905e-4c53-815b-1d0c65f7b4b5
2026-04-06T16:02:31.722946929Z Processing job 11f28740-6094-49f2-a567-f19a4439f2f2
2026-04-06T16:02:31.792564282Z Completed job 6e959eeb-9ae7-4915-8018-3fc811cbb5f8
2026-04-06T16:02:31.792949266Z Processing job 902fe7a3-f158-45e5-ae5e-5d2abbe2f11c
2026-04-06T16:02:32.351951444Z Completed job 11f28740-6094-49f2-a567-f19a4439f2f2
2026-04-06T16:02:32.353805084Z Processing job b7b37850-bd56-4e27-8297-c4e20bfcf9b7
2026-04-06T16:02:32.469282112Z Completed job 902fe7a3-f158-45e5-ae5e-5d2abbe2f11c
2026-04-06T16:02:32.470952037Z Processing job bd124670-9e5b-4077-b304-50102da44a24
2026-04-06T16:02:32.973684242Z Completed job b7b37850-bd56-4e27-8297-c4e20bfcf9b7
2026-04-06T16:02:32.975851066Z Processing job d808b181-65e7-452b-a6d2-be665eb21048
2026-04-06T16:02:33.093035110Z Completed job bd124670-9e5b-4077-b304-50102da44a24
2026-04-06T16:02:33.094240695Z Processing job 22d6f207-698e-4002-b71d-5ae963e57a92
2026-04-06T16:02:33.633216363Z Completed job d808b181-65e7-452b-a6d2-be665eb21048
2026-04-06T16:02:33.634549271Z Processing job 4b1304e3-0cca-4afe-bd31-47c87030dae8
2026-04-06T16:02:33.731977891Z Completed job 22d6f207-698e-4002-b71d-5ae963e57a92
2026-04-06T16:02:33.733446596Z Processing job cc0df682-1095-4c34-be84-6aff87db54cb
2026-04-06T16:02:34.272999656Z Completed job 4b1304e3-0cca-4afe-bd31-47c87030dae8
2026-04-06T16:02:34.277156366Z Processing job 6f5119a2-8bc4-4e7e-9981-011240989b0b
2026-04-06T16:02:34.416911061Z Completed job cc0df682-1095-4c34-be84-6aff87db54cb
2026-04-06T16:02:34.419531524Z Processing job 86d394c3-66ed-4cb7-a230-ef83de965665
2026-04-06T16:02:34.939021417Z Completed job 6f5119a2-8bc4-4e7e-9981-011240989b0b
2026-04-06T16:02:34.944172970Z Processing job d9e26642-7f4f-4fc4-92c8-2eba51b92d2c
2026-04-06T16:02:35.092458486Z Completed job 86d394c3-66ed-4cb7-a230-ef83de965665
2026-04-06T16:02:35.095639313Z Processing job 46570519-b41b-424f-a530-e772442aa7a5
2026-04-06T16:02:35.647162734Z Completed job d9e26642-7f4f-4fc4-92c8-2eba51b92d2c
2026-04-06T16:02:35.648887414Z Processing job 73cb3e8b-6ffb-42ed-8013-0a3dbcc9b21b
2026-04-06T16:02:35.770504516Z Completed job 46570519-b41b-424f-a530-e772442aa7a5
2026-04-06T16:02:35.774489675Z Processing job 249f1e37-ce2c-410c-9a75-d83e93b2efd2
2026-04-06T16:02:36.307605063Z Completed job 73cb3e8b-6ffb-42ed-8013-0a3dbcc9b21b
2026-04-06T16:02:36.309136102Z Processing job f58174e6-64c8-4e89-a995-d9ec6c9e583a
2026-04-06T16:02:36.450040903Z Completed job 249f1e37-ce2c-410c-9a75-d83e93b2efd2
2026-04-06T16:02:36.450589718Z Processing job f431931a-8dec-4100-a4e0-eacc06a20af9
2026-04-06T16:02:36.934210416Z Completed job f58174e6-64c8-4e89-a995-d9ec6c9e583a
2026-04-06T16:02:36.936526828Z Processing job 2c4147c7-59d9-4459-b6b4-367976ddfa37
2026-04-06T16:02:37.224696338Z Completed job f431931a-8dec-4100-a4e0-eacc06a20af9
2026-04-06T16:02:37.228275595Z Processing job ae12ca97-5e0b-4385-bb29-78ec3e609713
2026-04-06T16:02:37.728991717Z Completed job 2c4147c7-59d9-4459-b6b4-367976ddfa37
2026-04-06T16:02:37.730266285Z Processing job 7c144f7c-c922-4acb-8a47-13884618a896
2026-04-06T16:02:37.863182574Z Completed job ae12ca97-5e0b-4385-bb29-78ec3e609713
2026-04-06T16:02:37.865372007Z Processing job d29b140f-ec33-4319-abec-0233c37febec
2026-04-06T16:02:38.398596520Z Completed job 7c144f7c-c922-4acb-8a47-13884618a896
2026-04-06T16:02:38.400196746Z Processing job 550356ca-c2aa-484a-9271-320d4100eaed
2026-04-06T16:02:38.529814855Z Completed job d29b140f-ec33-4319-abec-0233c37febec
2026-04-06T16:02:38.532456999Z Processing job 8c571111-75d9-484d-838c-dc43d8dedecd
2026-04-06T16:02:39.082114053Z Completed job 550356ca-c2aa-484a-9271-320d4100eaed
2026-04-06T16:02:39.083663675Z Processing job 2c5ed7dd-34fd-4d04-a6fa-f5f091ff7826
2026-04-06T16:02:39.171827747Z Completed job 8c571111-75d9-484d-838c-dc43d8dedecd
2026-04-06T16:02:39.173650070Z Processing job ba4e93c0-ac92-4554-bd1e-c18af5a6c57a
2026-04-06T16:02:39.731781653Z Completed job 2c5ed7dd-34fd-4d04-a6fa-f5f091ff7826
2026-04-06T16:02:39.732760678Z Processing job a812f186-bd0b-4987-b099-f6723d4d7e8e
2026-04-06T16:02:39.824813685Z Completed job ba4e93c0-ac92-4554-bd1e-c18af5a6c57a
2026-04-06T16:02:39.825814725Z Processing job 7b7e5256-718d-474a-8bb2-ddb67f67dc1e
2026-04-06T16:02:40.437117882Z Completed job a812f186-bd0b-4987-b099-f6723d4d7e8e
2026-04-06T16:02:40.438876859Z Processing job 24a23c47-b16c-4ae9-a3ed-43e397a41df2
2026-04-06T16:02:40.521043833Z Completed job 7b7e5256-718d-474a-8bb2-ddb67f67dc1e
2026-04-06T16:02:40.522904113Z Processing job 6d70cff0-d11f-458d-98b9-4be7502f7691
2026-04-06T16:02:41.096632439Z Completed job 24a23c47-b16c-4ae9-a3ed-43e397a41df2
2026-04-06T16:02:41.097763735Z Processing job ecd6ea3e-d3a9-43b0-9cf7-be5945484cf6
2026-04-06T16:02:41.128652510Z Completed job 6d70cff0-d11f-458d-98b9-4be7502f7691
2026-04-06T16:02:41.129547238Z Processing job 13df2215-b7fb-407e-8cee-d4081db7b22d
2026-04-06T16:02:41.698124400Z Completed job ecd6ea3e-d3a9-43b0-9cf7-be5945484cf6
2026-04-06T16:02:41.700512732Z Processing job 3f02acc0-9cbd-45d9-ac4b-80c0d600a71f
2026-04-06T16:02:41.742552852Z Completed job 13df2215-b7fb-407e-8cee-d4081db7b22d
2026-04-06T16:02:41.746391212Z Processing job b5c43ff6-7eba-442d-a26a-57136695f43b
2026-04-06T16:02:42.357928525Z Completed job b5c43ff6-7eba-442d-a26a-57136695f43b
2026-04-06T16:02:42.358626222Z Completed job 3f02acc0-9cbd-45d9-ac4b-80c0d600a71f
2026-04-06T16:02:42.359153148Z Processing job 823e79a4-5d69-4012-993d-c7e72f4346b5
2026-04-06T16:02:42.363839961Z Processing job 651cbf9d-a101-4047-acfd-eabf20f020ba
2026-04-06T16:02:42.983547860Z Completed job 823e79a4-5d69-4012-993d-c7e72f4346b5
2026-04-06T16:02:42.985124947Z Processing job 7386f96c-a9d2-4853-b8e9-d5b2ee9fd7e8
2026-04-06T16:02:43.024624289Z Completed job 651cbf9d-a101-4047-acfd-eabf20f020ba
2026-04-06T16:02:43.027465391Z Processing job 891a77ce-26cc-44ac-a1b0-bf448498ffbb
2026-04-06T16:02:43.647215372Z Completed job 7386f96c-a9d2-4853-b8e9-d5b2ee9fd7e8
2026-04-06T16:02:43.649108779Z Processing job b479759d-4241-4712-8d30-bdbbf4b4fc51
2026-04-06T16:02:43.721868462Z Completed job 891a77ce-26cc-44ac-a1b0-bf448498ffbb
2026-04-06T16:02:43.723825026Z Processing job 06540bc3-675c-474e-bf4a-4d8153a75c48
2026-04-06T16:02:44.316677750Z Completed job b479759d-4241-4712-8d30-bdbbf4b4fc51
2026-04-06T16:02:44.318864892Z Processing job ddad28b0-d461-4386-b644-0bb78f834a0a
2026-04-06T16:02:44.426972233Z Completed job 06540bc3-675c-474e-bf4a-4d8153a75c48
2026-04-06T16:02:44.428638980Z Processing job 6023febd-42b2-4cf0-8e38-ce305e7952f0
2026-04-06T16:02:44.973497689Z Completed job ddad28b0-d461-4386-b644-0bb78f834a0a
2026-04-06T16:02:44.974581798Z Processing job 244aa32d-a0a6-48b5-81ac-21a744f361c5
2026-04-06T16:02:45.095201638Z Completed job 6023febd-42b2-4cf0-8e38-ce305e7952f0
2026-04-06T16:02:45.096055383Z Processing job a585b2d7-f2e0-4abb-851b-7f9c6ad6ef12
2026-04-06T16:02:45.600887437Z Completed job 244aa32d-a0a6-48b5-81ac-21a744f361c5
2026-04-06T16:02:45.601299138Z Processing job 48d6eaab-5d07-426e-a59c-45fe36aea2c2
2026-04-06T16:02:45.744183597Z Completed job a585b2d7-f2e0-4abb-851b-7f9c6ad6ef12
2026-04-06T16:02:45.746806459Z Processing job 315161b6-a12d-4581-a174-ba086596cf7b
2026-04-06T16:02:46.275246150Z Completed job 48d6eaab-5d07-426e-a59c-45fe36aea2c2
2026-04-06T16:02:46.277542582Z Processing job ab9055b0-a6aa-4745-a8f6-c46f791e0779
2026-04-06T16:02:46.398582479Z Completed job 315161b6-a12d-4581-a174-ba086596cf7b
2026-04-06T16:02:46.399899631Z Processing job 0315940a-3d62-47aa-abe4-cb9074d2cd17
2026-04-06T16:02:46.914423606Z Completed job ab9055b0-a6aa-4745-a8f6-c46f791e0779
2026-04-06T16:02:46.916465080Z Processing job 940c28d1-e2f6-4f48-b41d-d8db2c89ea1c
2026-04-06T16:02:47.019534744Z Completed job 0315940a-3d62-47aa-abe4-cb9074d2cd17
2026-04-06T16:02:47.022712707Z Processing job 4ce9c90c-2846-40d5-adc2-d7ab6f683f1c
2026-04-06T16:02:47.645648400Z Completed job 940c28d1-e2f6-4f48-b41d-d8db2c89ea1c
2026-04-06T16:02:47.647654393Z Processing job 1c3099af-6c46-4e84-b838-268d2a5024e4
2026-04-06T16:02:47.727046108Z Completed job 4ce9c90c-2846-40d5-adc2-d7ab6f683f1c
2026-04-06T16:02:47.728129668Z Processing job fe966ac0-2941-44f8-97e4-00a0b283c49b
2026-04-06T16:02:48.257640460Z Completed job 1c3099af-6c46-4e84-b838-268d2a5024e4
2026-04-06T16:02:48.258778376Z Processing job 56545899-6e94-4172-91c5-a33701496051
2026-04-06T16:02:48.355170534Z Completed job fe966ac0-2941-44f8-97e4-00a0b283c49b
2026-04-06T16:02:48.357488381Z Processing job 83787c4a-223d-4d28-bca1-4e672f0768b0
2026-04-06T16:02:48.872842478Z Completed job 56545899-6e94-4172-91c5-a33701496051
2026-04-06T16:02:48.874296752Z Processing job 34c3081d-e62e-40ab-8447-74d22314c806
2026-04-06T16:02:48.972194769Z Completed job 83787c4a-223d-4d28-bca1-4e672f0768b0
2026-04-06T16:02:48.972825704Z Processing job bbc3d270-861e-406f-a4f0-7ef67445897d
2026-04-06T16:02:49.472716169Z Completed job 34c3081d-e62e-40ab-8447-74d22314c806
2026-04-06T16:02:49.473958245Z Processing job 8b18c6ea-133c-4159-8e23-4cb7e7deb316
2026-04-06T16:02:49.567461910Z Completed job bbc3d270-861e-406f-a4f0-7ef67445897d
2026-04-06T16:02:49.570330412Z Processing job 2911d1e7-70cf-4a90-905f-856ef6b03213
2026-04-06T16:02:50.124029805Z Completed job 8b18c6ea-133c-4159-8e23-4cb7e7deb316
2026-04-06T16:02:50.125978775Z Processing job 32a98702-7787-4711-8eaf-548b25f960e7
2026-04-06T16:02:50.194682598Z Completed job 2911d1e7-70cf-4a90-905f-856ef6b03213
2026-04-06T16:02:50.197498372Z Processing job 65977acb-1b02-47f3-8f47-f77bc2cf3045
2026-04-06T16:02:50.720531293Z Completed job 32a98702-7787-4711-8eaf-548b25f960e7
2026-04-06T16:02:50.722235031Z Processing job 7bad1e40-a683-469b-a29f-0c972095141a
2026-04-06T16:02:50.808869357Z Completed job 65977acb-1b02-47f3-8f47-f77bc2cf3045
2026-04-06T16:02:50.809988265Z Processing job 938a5364-f800-4b05-aa23-a2765237dc99
2026-04-06T16:02:51.329473874Z Completed job 7bad1e40-a683-469b-a29f-0c972095141a
2026-04-06T16:02:51.330975464Z Processing job eb2338ae-5580-480b-a1e7-5cefe906a4db
2026-04-06T16:02:51.451096513Z Completed job 938a5364-f800-4b05-aa23-a2765237dc99
2026-04-06T16:02:51.453679848Z Processing job 00e5ded0-21c4-4d19-94a8-6e23421b8abe
2026-04-06T16:02:51.971368515Z Completed job eb2338ae-5580-480b-a1e7-5cefe906a4db
2026-04-06T16:02:51.972919811Z Processing job 26075403-c42d-4a85-9937-02f659b6b08a
2026-04-06T16:02:52.095116757Z Completed job 00e5ded0-21c4-4d19-94a8-6e23421b8abe
2026-04-06T16:02:52.096590980Z Processing job 6257bd95-b3d4-4b91-af2d-99a18cd1d78f
2026-04-06T16:02:52.611995586Z Completed job 26075403-c42d-4a85-9937-02f659b6b08a
2026-04-06T16:02:52.614835423Z Processing job c316228d-6b51-4839-a3cd-982295cd2681
2026-04-06T16:02:52.761615244Z Completed job 6257bd95-b3d4-4b91-af2d-99a18cd1d78f
2026-04-06T16:02:52.761841176Z Processing job 0b8d9ed1-32fa-49eb-9e8b-a7bae7caf381
2026-04-06T16:02:53.280826574Z Completed job c316228d-6b51-4839-a3cd-982295cd2681
2026-04-06T16:02:53.281318554Z Processing job 37efe2a4-55b5-412b-b409-8a83551a11c2
2026-04-06T16:02:53.434774230Z Completed job 0b8d9ed1-32fa-49eb-9e8b-a7bae7caf381
2026-04-06T16:02:53.438501840Z Processing job a5a46081-cb1e-4ace-9d2e-b81f04d10186
2026-04-06T16:02:53.955159567Z Completed job 37efe2a4-55b5-412b-b409-8a83551a11c2
2026-04-06T16:02:53.956735504Z Processing job e69a5ff5-8638-4b37-8be9-67960f145347
2026-04-06T16:02:54.133039520Z Completed job a5a46081-cb1e-4ace-9d2e-b81f04d10186
2026-04-06T16:02:54.135646757Z Processing job fdba97bd-6d59-44fe-b09b-9c0b90c98347
2026-04-06T16:02:54.635109194Z Completed job e69a5ff5-8638-4b37-8be9-67960f145347
2026-04-06T16:02:54.637479697Z Processing job ccf8c08e-1752-45a6-86ac-3fc91531bbd8
2026-04-06T16:02:54.773621645Z Completed job fdba97bd-6d59-44fe-b09b-9c0b90c98347
2026-04-06T16:02:54.774343097Z Processing job 85d9b15c-947c-41f9-9113-5052cfe12f51
2026-04-06T16:02:55.275094956Z Completed job ccf8c08e-1752-45a6-86ac-3fc91531bbd8
2026-04-06T16:02:55.276737572Z Processing job 5728b3b5-3e52-44da-831d-1dbe52965cfc
2026-04-06T16:02:55.393014644Z Completed job 85d9b15c-947c-41f9-9113-5052cfe12f51
2026-04-06T16:02:55.394148824Z Processing job f9877de0-1b5f-4443-a84e-9bbb93f583e7
2026-04-06T16:02:55.883287223Z Completed job 5728b3b5-3e52-44da-831d-1dbe52965cfc
2026-04-06T16:02:55.886504845Z Processing job 1652ae57-2c74-48a1-90cf-5d32ed15fd31
2026-04-06T16:02:56.028337863Z Completed job f9877de0-1b5f-4443-a84e-9bbb93f583e7
2026-04-06T16:02:56.031678283Z Processing job 7e200d47-80b6-4d7d-963f-de498001fa70
2026-04-06T16:02:56.552464841Z Completed job 1652ae57-2c74-48a1-90cf-5d32ed15fd31
2026-04-06T16:02:56.554733936Z Processing job dffeedc9-0d9b-47f2-872c-a0835ecb98e6
2026-04-06T16:02:56.677803698Z Completed job 7e200d47-80b6-4d7d-963f-de498001fa70
2026-04-06T16:02:56.679164319Z Processing job 53078725-168e-40bb-b55e-c99460bd3c4b
2026-04-06T16:02:57.223702533Z Completed job dffeedc9-0d9b-47f2-872c-a0835ecb98e6
2026-04-06T16:02:57.226783019Z Processing job 5d425069-63bc-4e4d-b8a2-3094072eaf87
2026-04-06T16:02:57.379139244Z Completed job 53078725-168e-40bb-b55e-c99460bd3c4b
2026-04-06T16:02:57.383807918Z Processing job ee59087c-bf3c-45a1-baab-433896c4aab7
2026-04-06T16:02:57.889161208Z Completed job 5d425069-63bc-4e4d-b8a2-3094072eaf87
2026-04-06T16:02:57.891292342Z Processing job 54367cb3-3544-4897-ab31-7d7fea3ea235
2026-04-06T16:02:58.020808722Z Completed job ee59087c-bf3c-45a1-baab-433896c4aab7
2026-04-06T16:02:58.022546422Z Processing job 3d75ea92-1189-4c60-8932-eec5b782b42d
2026-04-06T16:02:58.493548087Z Completed job 54367cb3-3544-4897-ab31-7d7fea3ea235
2026-04-06T16:02:58.494519902Z Processing job 96e911f3-70f5-49ad-8a16-7ac4c988de6b
2026-04-06T16:02:58.658664682Z Completed job 3d75ea92-1189-4c60-8932-eec5b782b42d
2026-04-06T16:02:58.660525341Z Processing job 0dd92efa-1f7b-4003-832b-6377596a1bd8
2026-04-06T16:02:59.143821575Z Completed job 96e911f3-70f5-49ad-8a16-7ac4c988de6b
2026-04-06T16:02:59.147022537Z Processing job 19c4aa41-75bd-4042-a5ca-d2c93d682f8c
2026-04-06T16:02:59.322623506Z Completed job 0dd92efa-1f7b-4003-832b-6377596a1bd8
2026-04-06T16:02:59.326133273Z Processing job 2949272a-700a-4bcb-9357-c73930f4e528
2026-04-06T16:02:59.776247807Z Completed job 19c4aa41-75bd-4042-a5ca-d2c93d682f8c
2026-04-06T16:02:59.776723614Z Processing job bd4d49ce-3878-4c0e-b4f1-650c02785ed1
2026-04-06T16:03:00.004951833Z Completed job 2949272a-700a-4bcb-9357-c73930f4e528
2026-04-06T16:03:00.006693988Z Processing job 46c9e223-a180-4005-bf58-e12fd55a578a
2026-04-06T16:03:00.387938887Z Completed job bd4d49ce-3878-4c0e-b4f1-650c02785ed1
2026-04-06T16:03:00.390617443Z Processing job a6ec2b0c-3194-4aa9-8c26-8b7282314219
2026-04-06T16:03:00.671103788Z Completed job 46c9e223-a180-4005-bf58-e12fd55a578a
2026-04-06T16:03:00.674540388Z Processing job 8c2554b0-061d-46ae-b858-af11aad1b943
2026-04-06T16:03:01.065567028Z Completed job a6ec2b0c-3194-4aa9-8c26-8b7282314219
2026-04-06T16:03:01.066598128Z Processing job dc4e7f16-0b49-46c5-934e-037a3804c6b7
2026-04-06T16:03:01.300218699Z Completed job 8c2554b0-061d-46ae-b858-af11aad1b943
2026-04-06T16:03:01.302404192Z Processing job 7781b8c3-e924-4da2-85ed-cee543fca6c0
2026-04-06T16:03:01.732996355Z Completed job dc4e7f16-0b49-46c5-934e-037a3804c6b7
2026-04-06T16:03:01.750892114Z Processing job 6cda3ec9-7326-462e-984d-c23e9d4e9d23
2026-04-06T16:03:01.948514711Z Completed job 7781b8c3-e924-4da2-85ed-cee543fca6c0
2026-04-06T16:03:01.949901829Z Processing job 65eaa935-0920-47d7-9ee8-5c8ca1792d61
2026-04-06T16:03:02.444678053Z Completed job 6cda3ec9-7326-462e-984d-c23e9d4e9d23
2026-04-06T16:03:02.445262831Z Processing job 9398f97d-3531-40d7-8b12-49212d760c99
2026-04-06T16:03:02.586279376Z Completed job 65eaa935-0920-47d7-9ee8-5c8ca1792d61
2026-04-06T16:03:02.588552408Z Processing job 151b1c3c-7805-4385-a7f4-b709f557b4df
2026-04-06T16:03:03.023041447Z Completed job 9398f97d-3531-40d7-8b12-49212d760c99
2026-04-06T16:03:03.025258297Z Processing job 0fd5e560-7df6-4e41-812c-ebb0c53f779a
2026-04-06T16:03:03.171463335Z Completed job 151b1c3c-7805-4385-a7f4-b709f557b4df
2026-04-06T16:03:03.174580556Z Processing job 3f03d8ca-5b2c-4a0d-aafd-05036309c074
2026-04-06T16:03:03.700609139Z Completed job 0fd5e560-7df6-4e41-812c-ebb0c53f779a
2026-04-06T16:03:03.703543251Z Processing job 972e8d16-e6c3-45a6-b674-6a380d23b9b2
2026-04-06T16:03:03.828800148Z Completed job 3f03d8ca-5b2c-4a0d-aafd-05036309c074
2026-04-06T16:03:03.829377909Z Processing job 8998784e-41ce-4e80-8815-1d3a1bef5ab7
2026-04-06T16:03:04.359560634Z Completed job 972e8d16-e6c3-45a6-b674-6a380d23b9b2
2026-04-06T16:03:04.360266193Z Processing job d50edf66-6bc2-484f-9be5-dcb41da0c6f0
2026-04-06T16:03:04.517612017Z Completed job 8998784e-41ce-4e80-8815-1d3a1bef5ab7
2026-04-06T16:03:04.519783041Z Processing job d746fa4f-9aa7-49b0-98f5-c29274ddde2f
2026-04-06T16:03:04.981099400Z Completed job d50edf66-6bc2-484f-9be5-dcb41da0c6f0
2026-04-06T16:03:04.982189922Z Processing job e080d29e-a8e8-4286-8905-e0f7e9c0f2c9
2026-04-06T16:03:05.177901221Z Completed job d746fa4f-9aa7-49b0-98f5-c29274ddde2f
2026-04-06T16:03:05.181710187Z Processing job 8a10d7ed-e5b1-42bb-8c0e-5a9e1a660392
2026-04-06T16:03:05.660907956Z Completed job e080d29e-a8e8-4286-8905-e0f7e9c0f2c9
2026-04-06T16:03:05.661930435Z Processing job 8e023855-55c7-4a14-9a3d-29a016c2ceaf
2026-04-06T16:03:05.845466786Z Completed job 8a10d7ed-e5b1-42bb-8c0e-5a9e1a660392
2026-04-06T16:03:05.849515189Z Processing job 249ca40f-09ad-4505-8966-a67a9f32a9a5
2026-04-06T16:03:06.305963563Z Completed job 8e023855-55c7-4a14-9a3d-29a016c2ceaf
2026-04-06T16:03:06.307542447Z Processing job 4b7faf3a-a7ff-410c-b1ee-9fcd462fcd00
2026-04-06T16:03:06.529018653Z Completed job 249ca40f-09ad-4505-8966-a67a9f32a9a5
2026-04-06T16:03:06.529763271Z Processing job 2277d160-2b6d-436c-9552-0b27093c35a9
2026-04-06T16:03:06.953557416Z Completed job 4b7faf3a-a7ff-410c-b1ee-9fcd462fcd00
2026-04-06T16:03:06.955314275Z Processing job d35015f6-0948-427b-8b27-d516fdea8d38
2026-04-06T16:03:07.291971041Z Completed job 2277d160-2b6d-436c-9552-0b27093c35a9
2026-04-06T16:03:07.292427720Z Processing job a2017f06-e741-4df9-852c-d5974d906f30
2026-04-06T16:03:07.732430104Z Completed job d35015f6-0948-427b-8b27-d516fdea8d38
2026-04-06T16:03:07.733076117Z Processing job 9aec280c-6341-4416-a264-85161c357cad
2026-04-06T16:03:07.953494574Z Completed job a2017f06-e741-4df9-852c-d5974d906f30
2026-04-06T16:03:07.955639401Z Processing job 6b03ba60-b242-48fe-ad82-daef834b3e5a
2026-04-06T16:03:08.464788571Z Completed job 9aec280c-6341-4416-a264-85161c357cad
2026-04-06T16:03:08.466487056Z Processing job e1fd110c-b7d2-41e2-bc7d-d689a702633a
2026-04-06T16:03:08.737166875Z Completed job 6b03ba60-b242-48fe-ad82-daef834b3e5a
2026-04-06T16:03:08.741277591Z Processing job 05b29761-fbab-4d01-91de-100c71e9583d
2026-04-06T16:03:09.131947183Z Completed job e1fd110c-b7d2-41e2-bc7d-d689a702633a
2026-04-06T16:03:09.138542694Z Processing job 8e35d106-daa7-4f56-87ae-c24115cab9de
2026-04-06T16:03:09.399396963Z Completed job 05b29761-fbab-4d01-91de-100c71e9583d
2026-04-06T16:03:09.400713527Z Processing job e14327d8-ea69-4c20-b338-7720f12b888c
2026-04-06T16:03:09.761815569Z Completed job 8e35d106-daa7-4f56-87ae-c24115cab9de
2026-04-06T16:03:09.764624620Z Processing job 3541ed05-7e14-43de-a16d-f233a50ebbfe
2026-04-06T16:03:10.029080047Z Completed job e14327d8-ea69-4c20-b338-7720f12b888c
2026-04-06T16:03:10.030156534Z Processing job ea68d0ea-831f-48b5-801b-5d0ef378ccce
2026-04-06T16:03:10.378618386Z Completed job 3541ed05-7e14-43de-a16d-f233a50ebbfe
2026-04-06T16:03:10.381791197Z Processing job 15117e20-b96f-40d1-bb81-0a99ce61d15a
2026-04-06T16:03:10.716216594Z Completed job ea68d0ea-831f-48b5-801b-5d0ef378ccce
2026-04-06T16:03:10.717609766Z Processing job a2fc072c-8f8b-46d9-8f2a-4100abdc26a1
2026-04-06T16:03:11.048479505Z Completed job 15117e20-b96f-40d1-bb81-0a99ce61d15a
2026-04-06T16:03:11.050148541Z Processing job 59e38479-5166-40f3-bf19-7743ccceea8a
2026-04-06T16:03:11.396867284Z Completed job a2fc072c-8f8b-46d9-8f2a-4100abdc26a1
2026-04-06T16:03:11.399000895Z Processing job ad897cb6-a9cc-4749-8d90-5211c1b2e40b
2026-04-06T16:03:11.702228760Z Completed job 59e38479-5166-40f3-bf19-7743ccceea8a
2026-04-06T16:03:11.703547091Z Processing job 46f6f3b2-f02f-4465-bfe7-4350041f8df1
2026-04-06T16:03:12.050319799Z Completed job ad897cb6-a9cc-4749-8d90-5211c1b2e40b
2026-04-06T16:03:12.051332139Z Processing job 32dfa7c9-5d25-4370-8eaf-ec76afb11d02
2026-04-06T16:03:12.386136621Z Completed job 46f6f3b2-f02f-4465-bfe7-4350041f8df1
2026-04-06T16:03:12.386996476Z Processing job 30b5967a-bd41-4101-9e10-edfb1be68094
2026-04-06T16:03:12.667266712Z Completed job 32dfa7c9-5d25-4370-8eaf-ec76afb11d02
2026-04-06T16:03:12.669869252Z Processing job 6bb8a21a-b213-41cc-b9c0-bda98b4fc009
2026-04-06T16:03:13.003635756Z Completed job 30b5967a-bd41-4101-9e10-edfb1be68094
2026-04-06T16:03:13.006009343Z Processing job b576ffa4-f788-43d1-acce-83311e50f7f1
2026-04-06T16:03:13.269026467Z Completed job 6bb8a21a-b213-41cc-b9c0-bda98b4fc009
2026-04-06T16:03:13.269128095Z Processing job 0af370f5-b770-4b20-9a5f-90519c3f4d39
2026-04-06T16:03:13.652800197Z Completed job b576ffa4-f788-43d1-acce-83311e50f7f1
2026-04-06T16:03:13.653741629Z Processing job 6ef4fcc6-ae9d-4078-b9db-a68b2d1ca622
2026-04-06T16:03:13.964856408Z Completed job 0af370f5-b770-4b20-9a5f-90519c3f4d39
2026-04-06T16:03:13.965721878Z Processing job af88c8ca-abd8-4d3b-a806-dc9bdf3839b8
2026-04-06T16:03:14.343652359Z Completed job 6ef4fcc6-ae9d-4078-b9db-a68b2d1ca622
2026-04-06T16:03:14.346198229Z Processing job 56854d32-adae-4c8e-9f3c-074def55726d
2026-04-06T16:03:14.659700476Z Completed job af88c8ca-abd8-4d3b-a806-dc9bdf3839b8
2026-04-06T16:03:14.660944934Z Processing job 0d287d38-d501-4e5b-a42e-3d1c7c6144d5
2026-04-06T16:03:14.989765673Z Completed job 56854d32-adae-4c8e-9f3c-074def55726d
2026-04-06T16:03:14.990751841Z Processing job c8ddd2ca-f367-4061-b49f-dc688475e740
2026-04-06T16:03:15.331630116Z Completed job 0d287d38-d501-4e5b-a42e-3d1c7c6144d5
2026-04-06T16:03:15.335548407Z Processing job b2189e48-ade7-4e97-ae60-033f2252d6c0
2026-04-06T16:03:15.664801760Z Completed job c8ddd2ca-f367-4061-b49f-dc688475e740
2026-04-06T16:03:15.666569684Z Processing job 4e46f856-d307-4676-a92c-ad0b2df0a748
2026-04-06T16:03:15.981534884Z Completed job b2189e48-ade7-4e97-ae60-033f2252d6c0
2026-04-06T16:03:15.983918096Z Processing job 0b41f257-10bd-4b18-b123-566ea62f9f0d
2026-04-06T16:03:16.291594157Z Completed job 4e46f856-d307-4676-a92c-ad0b2df0a748
2026-04-06T16:03:16.293248387Z Processing job 429141be-53ec-4a99-ac47-28e4cd5cafa0
2026-04-06T16:03:16.580781119Z Completed job 0b41f257-10bd-4b18-b123-566ea62f9f0d
2026-04-06T16:03:16.583337561Z Processing job 7f30d598-baf2-4a8c-a10f-40972a2b9738
2026-04-06T16:03:16.906734484Z Completed job 429141be-53ec-4a99-ac47-28e4cd5cafa0
2026-04-06T16:03:16.907967245Z Processing job 228c4b44-8f84-486d-a078-1f2a9af33c76
2026-04-06T16:03:17.413797431Z Completed job 7f30d598-baf2-4a8c-a10f-40972a2b9738
2026-04-06T16:03:17.416611430Z Processing job d1a55ac4-7524-47fb-a149-779496dff438
2026-04-06T16:03:17.675968998Z Completed job 228c4b44-8f84-486d-a078-1f2a9af33c76
2026-04-06T16:03:17.678682434Z Processing job 8aa71de2-211f-47d8-abc8-11b07e708892
2026-04-06T16:03:18.077689328Z Completed job d1a55ac4-7524-47fb-a149-779496dff438
2026-04-06T16:03:18.079018268Z Processing job 21b2bc6b-28de-4bb2-8b09-448b04db4e13
2026-04-06T16:03:18.376963322Z Completed job 8aa71de2-211f-47d8-abc8-11b07e708892
2026-04-06T16:03:18.377975129Z Processing job 38e86c43-8559-4ec5-bffb-d9c9dcbd4148
2026-04-06T16:03:18.724368330Z Completed job 21b2bc6b-28de-4bb2-8b09-448b04db4e13
2026-04-06T16:03:18.726481133Z Processing job 0ccedc4f-5fa4-4b3f-998d-4c7a23a48cec
2026-04-06T16:03:19.007194917Z Completed job 38e86c43-8559-4ec5-bffb-d9c9dcbd4148
2026-04-06T16:03:19.008238544Z Processing job 0e0db38a-f67d-412d-8cc7-8336c9797ada
2026-04-06T16:03:19.357576905Z Completed job 0ccedc4f-5fa4-4b3f-998d-4c7a23a48cec
2026-04-06T16:03:19.358857724Z Processing job 4ef5ee5d-c1b5-41a7-9205-737d0fcd825a
2026-04-06T16:03:19.664884020Z Completed job 0e0db38a-f67d-412d-8cc7-8336c9797ada
2026-04-06T16:03:19.665556671Z Processing job 3f70c796-5d18-4738-acb5-8dc6727cf3da
2026-04-06T16:03:20.028729255Z Completed job 4ef5ee5d-c1b5-41a7-9205-737d0fcd825a
2026-04-06T16:03:20.030016817Z Processing job 5d5e407e-bc58-4456-aef7-cbb1a528bb07
2026-04-06T16:03:20.310284171Z Completed job 3f70c796-5d18-4738-acb5-8dc6727cf3da
2026-04-06T16:03:20.313609950Z Processing job 44ccae0a-efcb-4b61-8b79-602a2f4961d2
2026-04-06T16:03:20.683066449Z Completed job 5d5e407e-bc58-4456-aef7-cbb1a528bb07
2026-04-06T16:03:20.685649374Z Processing job 02aeb50f-084b-4acb-a59c-c281cf3c54e2
2026-04-06T16:03:21.035671048Z Completed job 44ccae0a-efcb-4b61-8b79-602a2f4961d2
2026-04-06T16:03:21.036252213Z Processing job 9d6d0828-24b2-4b1b-bb5b-e4b4f3b28bd0
2026-04-06T16:03:21.346619137Z Completed job 02aeb50f-084b-4acb-a59c-c281cf3c54e2
2026-04-06T16:03:21.348703464Z Processing job 285c048e-54a2-4468-8716-3c1c00a582c3
2026-04-06T16:03:21.723804463Z Completed job 9d6d0828-24b2-4b1b-bb5b-e4b4f3b28bd0
2026-04-06T16:03:21.726266520Z Processing job d4669b76-c047-4070-a490-ad59a9265b74
2026-04-06T16:03:22.127171902Z Completed job 285c048e-54a2-4468-8716-3c1c00a582c3
2026-04-06T16:03:22.128977680Z Processing job 594f3c26-3e1f-4e98-bceb-745ae5a5cc98
2026-04-06T16:03:22.520006309Z Completed job d4669b76-c047-4070-a490-ad59a9265b74
2026-04-06T16:03:22.521100489Z Processing job 5ffa0171-0fe2-492a-b769-6f08e5d18f27
2026-04-06T16:03:22.856577310Z Completed job 594f3c26-3e1f-4e98-bceb-745ae5a5cc98
2026-04-06T16:03:22.859277806Z Processing job 131abed3-ebad-4e7e-a6f9-4b4dad5f93c7
2026-04-06T16:03:23.224354655Z Completed job 5ffa0171-0fe2-492a-b769-6f08e5d18f27
2026-04-06T16:03:23.226487884Z Processing job 0f87c264-125a-472c-a7c1-3f786ed088e6
2026-04-06T16:03:23.510858545Z Completed job 131abed3-ebad-4e7e-a6f9-4b4dad5f93c7
2026-04-06T16:03:23.511492832Z Processing job a1aaa2cf-fc1b-49c5-83f6-06aa2d844df3
2026-04-06T16:03:23.925653393Z Completed job 0f87c264-125a-472c-a7c1-3f786ed088e6
2026-04-06T16:03:23.927508791Z Processing job 81e441bf-5ded-49e6-89fd-8311bdb6a037
2026-04-06T16:03:24.177724118Z Completed job a1aaa2cf-fc1b-49c5-83f6-06aa2d844df3
2026-04-06T16:03:24.181632165Z Processing job fa414bce-8839-49b0-b62a-356530377780
2026-04-06T16:03:24.560802997Z Completed job 81e441bf-5ded-49e6-89fd-8311bdb6a037
2026-04-06T16:03:24.561779138Z Processing job 6b9048ae-95db-49e3-8c6c-556f0d537593
2026-04-06T16:03:24.865702099Z Completed job fa414bce-8839-49b0-b62a-356530377780
2026-04-06T16:03:24.869856614Z Processing job 03552453-30bf-4290-9888-bebc4a212de9
2026-04-06T16:03:25.245822073Z Completed job 6b9048ae-95db-49e3-8c6c-556f0d537593
2026-04-06T16:03:25.247883168Z Processing job 4ff59cba-ade9-4794-ab8d-c3e4aca7c35e
2026-04-06T16:03:25.560885705Z Completed job 03552453-30bf-4290-9888-bebc4a212de9
2026-04-06T16:03:25.563949202Z Processing job b4ee415f-51c0-47b3-899a-7903cab14dc5
2026-04-06T16:03:25.876783756Z Completed job 4ff59cba-ade9-4794-ab8d-c3e4aca7c35e
2026-04-06T16:03:25.877483845Z Processing job c9e3241c-53fd-45d4-8943-2730316d4a52
2026-04-06T16:03:26.270550744Z Completed job b4ee415f-51c0-47b3-899a-7903cab14dc5
2026-04-06T16:03:26.272076891Z Processing job cdb5e035-c3ee-4e3d-b87b-a0198458360e
2026-04-06T16:03:26.577980046Z Completed job c9e3241c-53fd-45d4-8943-2730316d4a52
2026-04-06T16:03:26.580105194Z Processing job 14b5f0d4-4618-4ac2-940a-7b7880f213ac
2026-04-06T16:03:26.934322606Z Completed job cdb5e035-c3ee-4e3d-b87b-a0198458360e
2026-04-06T16:03:26.935831872Z Processing job 8fa23b36-2e1b-4387-902d-5c1c1d7c1916
2026-04-06T16:03:27.341578084Z Completed job 14b5f0d4-4618-4ac2-940a-7b7880f213ac
2026-04-06T16:03:27.342085844Z Processing job 68731ace-7446-403f-afa1-f402d86a3ff0
2026-04-06T16:03:27.714656158Z Completed job 8fa23b36-2e1b-4387-902d-5c1c1d7c1916
2026-04-06T16:03:27.715403695Z Processing job f3c47dff-ff44-45ef-a773-c9abcc342b6a
2026-04-06T16:03:28.019232577Z Completed job 68731ace-7446-403f-afa1-f402d86a3ff0
2026-04-06T16:03:28.021171935Z Processing job 7c5b8c0e-4254-43e1-99ec-9bb371bc5999
2026-04-06T16:03:28.396926701Z Completed job f3c47dff-ff44-45ef-a773-c9abcc342b6a
2026-04-06T16:03:28.398788971Z Processing job 70b8d5ab-81be-4259-ae5e-6988aa24ebf7
2026-04-06T16:03:28.676033135Z Completed job 7c5b8c0e-4254-43e1-99ec-9bb371bc5999
2026-04-06T16:03:28.678573874Z Processing job 31e2dfef-34fe-4f8d-a35d-fc3001e4f861
2026-04-06T16:03:29.024860916Z Completed job 70b8d5ab-81be-4259-ae5e-6988aa24ebf7
2026-04-06T16:03:29.025968658Z Processing job 79519850-b1bd-431f-a6f0-b271b8207fb9
2026-04-06T16:03:29.304336580Z Completed job 31e2dfef-34fe-4f8d-a35d-fc3001e4f861
2026-04-06T16:03:29.306578784Z Processing job 79f7a8fb-306b-4f66-a1da-7aad21f733b1
2026-04-06T16:03:29.714195640Z Completed job 79519850-b1bd-431f-a6f0-b271b8207fb9
2026-04-06T16:03:29.716781216Z Processing job 4a54f174-677d-44e9-8e80-04b5fa125d4a
2026-04-06T16:03:30.046307988Z Completed job 79f7a8fb-306b-4f66-a1da-7aad21f733b1
2026-04-06T16:03:30.047974106Z Processing job ab38370e-1e4c-40a5-813a-27d0ef0fbdfd
2026-04-06T16:03:30.423517207Z Completed job 4a54f174-677d-44e9-8e80-04b5fa125d4a
2026-04-06T16:03:30.425787476Z Processing job 36a15e97-3506-4081-95de-eef5d5ea4e11
2026-04-06T16:03:30.786335645Z Completed job ab38370e-1e4c-40a5-813a-27d0ef0fbdfd
2026-04-06T16:03:30.788486584Z Processing job 6b10ac74-9f31-4e6b-aed1-da38e4117fc5
2026-04-06T16:03:31.095564507Z Completed job 36a15e97-3506-4081-95de-eef5d5ea4e11
2026-04-06T16:03:31.098320740Z Processing job 7f64e465-96d7-4949-84df-6a7b216e6d0c
2026-04-06T16:03:31.412081444Z Completed job 6b10ac74-9f31-4e6b-aed1-da38e4117fc5
2026-04-06T16:03:31.413604839Z Processing job 142f3eeb-573b-4214-8ef9-954a241e5d73
2026-04-06T16:03:31.740828541Z Completed job 7f64e465-96d7-4949-84df-6a7b216e6d0c
2026-04-06T16:03:31.742882557Z Processing job 35771ab0-7d18-428e-a09e-7d866e179f37
2026-04-06T16:03:32.027794383Z Completed job 142f3eeb-573b-4214-8ef9-954a241e5d73
2026-04-06T16:03:32.029298929Z Processing job b43bd960-846d-4a0e-a204-8441704b5f43
2026-04-06T16:03:32.356808024Z Completed job 35771ab0-7d18-428e-a09e-7d866e179f37
2026-04-06T16:03:32.358703891Z Processing job 74e2e073-5f36-4278-9703-e58d34c9db96
2026-04-06T16:03:32.684382521Z Completed job b43bd960-846d-4a0e-a204-8441704b5f43
2026-04-06T16:03:32.687159677Z Processing job a975f039-bd7c-4bf0-a474-62e6c48f6fe7
2026-04-06T16:03:33.028712796Z Completed job 74e2e073-5f36-4278-9703-e58d34c9db96
2026-04-06T16:03:33.030260022Z Processing job 7231a9a9-7c1e-467a-ab52-f96b8f8a906e
2026-04-06T16:03:33.316493306Z Completed job a975f039-bd7c-4bf0-a474-62e6c48f6fe7
2026-04-06T16:03:33.318476574Z Processing job bf04bbd2-f0f8-45ab-a38c-10cdb5d775ed
2026-04-06T16:03:33.650898537Z Completed job 7231a9a9-7c1e-467a-ab52-f96b8f8a906e
2026-04-06T16:03:33.652739471Z Processing job 2b29817a-7860-4590-abaa-fa729e130cc6
2026-04-06T16:03:33.965777182Z Completed job bf04bbd2-f0f8-45ab-a38c-10cdb5d775ed
2026-04-06T16:03:33.968904343Z Processing job d6f733f1-f255-4129-bc2e-adb3dd6103cb
2026-04-06T16:03:34.296978785Z Completed job 2b29817a-7860-4590-abaa-fa729e130cc6
2026-04-06T16:03:34.298368473Z Processing job 01f43716-c883-48c2-806e-e35b80b862d7
2026-04-06T16:03:34.624789768Z Completed job d6f733f1-f255-4129-bc2e-adb3dd6103cb
2026-04-06T16:03:34.626508084Z Processing job bf5ff45c-ffa4-443b-b0f3-c64742da98e6
2026-04-06T16:03:34.957862311Z Completed job 01f43716-c883-48c2-806e-e35b80b862d7
2026-04-06T16:03:34.959742186Z Processing job 8db165dc-ff81-4abc-9721-4af7a9c0b5d2
2026-04-06T16:03:35.306764203Z Completed job bf5ff45c-ffa4-443b-b0f3-c64742da98e6
2026-04-06T16:03:35.307651038Z Processing job 4c1e448e-57cd-4939-9eac-9d9b7f7a35f9
2026-04-06T16:03:35.642701774Z Completed job 8db165dc-ff81-4abc-9721-4af7a9c0b5d2
2026-04-06T16:03:35.648501066Z Processing job 6f0817f1-6fb3-4192-b39a-86293d6e856a
2026-04-06T16:03:35.998661128Z Completed job 4c1e448e-57cd-4939-9eac-9d9b7f7a35f9
2026-04-06T16:03:35.999914276Z Processing job c4e4dd57-4d47-4f3f-8666-321a1d761a84
2026-04-06T16:03:36.291047839Z Completed job 6f0817f1-6fb3-4192-b39a-86293d6e856a
2026-04-06T16:03:36.293610762Z Processing job 40ab4d3f-4745-4a97-9c98-94cc233c7ad8
2026-04-06T16:03:36.700228768Z Completed job c4e4dd57-4d47-4f3f-8666-321a1d761a84
2026-04-06T16:03:36.702984882Z Processing job 0542bb94-e244-4514-90ac-06d368cddd1e
2026-04-06T16:03:36.924973971Z Completed job 40ab4d3f-4745-4a97-9c98-94cc233c7ad8
2026-04-06T16:03:36.927362897Z Processing job bf620c05-8715-47f5-92c1-e7e4d2c04a1a
2026-04-06T16:03:37.514196302Z Completed job 0542bb94-e244-4514-90ac-06d368cddd1e
2026-04-06T16:03:37.514881085Z Processing job b2b612a0-ffc5-4346-a2a2-9a96ef17d22a
2026-04-06T16:03:37.731041393Z Completed job bf620c05-8715-47f5-92c1-e7e4d2c04a1a
2026-04-06T16:03:37.732619116Z Processing job 4ad11acb-51e7-4cba-a0f9-fe624e9bd7d3
2026-04-06T16:03:38.190960438Z Completed job b2b612a0-ffc5-4346-a2a2-9a96ef17d22a
2026-04-06T16:03:38.195542912Z Processing job 6f0eac60-6501-4d37-b647-41cde97987e9
2026-04-06T16:03:38.435151483Z Completed job 4ad11acb-51e7-4cba-a0f9-fe624e9bd7d3
2026-04-06T16:03:38.436875840Z Processing job f067f6a6-cd98-45e3-b2f3-29217a40fcb6
2026-04-06T16:03:38.922916568Z Completed job 6f0eac60-6501-4d37-b647-41cde97987e9
2026-04-06T16:03:38.925473204Z Processing job 61a08643-f4cd-4133-9a7a-0fb52aa5f385
2026-04-06T16:03:39.103998327Z Completed job f067f6a6-cd98-45e3-b2f3-29217a40fcb6
2026-04-06T16:03:39.105495434Z Processing job 715ae955-d767-4bb7-94ae-2c8a033b0a00
2026-04-06T16:03:39.553305892Z Completed job 61a08643-f4cd-4133-9a7a-0fb52aa5f385
2026-04-06T16:03:39.556015446Z Processing job 88e91391-aba6-4275-bc1b-cfb655a2edae
2026-04-06T16:03:39.764849406Z Completed job 715ae955-d767-4bb7-94ae-2c8a033b0a00
2026-04-06T16:03:39.766480995Z Processing job 6c9a5159-92b5-4709-97a5-53f66494a6c1
2026-04-06T16:03:40.247256530Z Completed job 88e91391-aba6-4275-bc1b-cfb655a2edae
2026-04-06T16:03:40.249685635Z Processing job 7b5fdbbe-1a2e-49cb-9dd2-12e1ac5cefff
2026-04-06T16:03:40.436438938Z Completed job 6c9a5159-92b5-4709-97a5-53f66494a6c1
2026-04-06T16:03:40.437921685Z Processing job 8e798237-8515-4e20-b8cf-490405241cf8
2026-04-06T16:03:40.915077304Z Completed job 7b5fdbbe-1a2e-49cb-9dd2-12e1ac5cefff
2026-04-06T16:03:40.915394454Z Processing job 3258629c-b784-4871-9604-0d51e2d2b242
2026-04-06T16:03:41.060119378Z Completed job 8e798237-8515-4e20-b8cf-490405241cf8
2026-04-06T16:03:41.060545144Z Processing job 756689b2-7948-4ada-b715-96091a836e88
2026-04-06T16:03:41.643989381Z Completed job 3258629c-b784-4871-9604-0d51e2d2b242
2026-04-06T16:03:41.645041210Z Processing job c3c1ef08-6077-46a1-bdac-37a575ef810d
2026-04-06T16:03:41.713243161Z Completed job 756689b2-7948-4ada-b715-96091a836e88
2026-04-06T16:03:41.715119156Z Processing job 140b8e7b-a3bc-41aa-abe5-d4959ddef5d3
2026-04-06T16:03:42.309117145Z Completed job c3c1ef08-6077-46a1-bdac-37a575ef810d
2026-04-06T16:03:42.310543722Z Processing job 859933b2-ff2a-4381-9170-468dd97125c9
2026-04-06T16:03:42.380074280Z Completed job 140b8e7b-a3bc-41aa-abe5-d4959ddef5d3
2026-04-06T16:03:42.383623603Z Processing job 4d976a98-b478-43ca-a917-62b23207fff1
2026-04-06T16:03:42.943431417Z Completed job 859933b2-ff2a-4381-9170-468dd97125c9
2026-04-06T16:03:42.945860420Z Processing job 9efc3d95-d7ed-474e-949d-edffd9ffd767
2026-04-06T16:03:43.050497111Z Completed job 4d976a98-b478-43ca-a917-62b23207fff1
2026-04-06T16:03:43.052880341Z Processing job 36bcaea6-fc79-4edc-bfab-65389b2705d8
2026-04-06T16:03:43.563651378Z Completed job 9efc3d95-d7ed-474e-949d-edffd9ffd767
2026-04-06T16:03:43.563739143Z Processing job f64875ea-3a4d-4c17-8281-d41b11264dda
2026-04-06T16:03:43.735483938Z Completed job 36bcaea6-fc79-4edc-bfab-65389b2705d8
2026-04-06T16:03:43.736880351Z Processing job 3e46b2a0-06d0-4112-a34d-d144fc2682c9
2026-04-06T16:03:44.289909073Z Completed job f64875ea-3a4d-4c17-8281-d41b11264dda
2026-04-06T16:03:44.293726430Z Processing job 5eb87e82-cf91-4107-b5b7-e54b5a00e308
2026-04-06T16:03:44.463865280Z Completed job 3e46b2a0-06d0-4112-a34d-d144fc2682c9
2026-04-06T16:03:44.467311195Z Processing job 90bf5a61-c12a-48e2-addf-b765f700f36e
2026-04-06T16:03:44.973184806Z Completed job 5eb87e82-cf91-4107-b5b7-e54b5a00e308
2026-04-06T16:03:44.975069078Z Processing job 279ab61a-f377-41b5-b30b-8318d21d54df
2026-04-06T16:03:45.072743530Z Completed job 90bf5a61-c12a-48e2-addf-b765f700f36e
2026-04-06T16:03:45.075284139Z Processing job a6b5f15f-3201-4a48-99a6-ffbf7f0d1a06
2026-04-06T16:03:45.573552440Z Completed job 279ab61a-f377-41b5-b30b-8318d21d54df
2026-04-06T16:03:45.575769159Z Processing job 27f661a7-cfb0-4254-b913-998bc2247dc1
2026-04-06T16:03:45.715830659Z Completed job a6b5f15f-3201-4a48-99a6-ffbf7f0d1a06
2026-04-06T16:03:45.717783562Z Processing job 4d54b558-6f89-4550-a043-ab07ebae5151
2026-04-06T16:03:46.197692965Z Completed job 27f661a7-cfb0-4254-b913-998bc2247dc1
2026-04-06T16:03:46.200560078Z Processing job 40486e56-3726-41e1-afdd-55f545fa03df
2026-04-06T16:03:46.314175844Z Completed job 4d54b558-6f89-4550-a043-ab07ebae5151
2026-04-06T16:03:46.318359706Z Processing job 62dd07a5-7197-4b49-81a0-afff35e28135
2026-04-06T16:03:46.878549161Z Completed job 40486e56-3726-41e1-afdd-55f545fa03df
2026-04-06T16:03:46.880620736Z Processing job 823b5726-8e60-481e-b7cc-c593669a5f00
2026-04-06T16:03:47.008769586Z Completed job 62dd07a5-7197-4b49-81a0-afff35e28135
2026-04-06T16:03:47.011294940Z Processing job 79640812-99af-488a-8335-4c337f808252
2026-04-06T16:03:47.700914418Z Completed job 823b5726-8e60-481e-b7cc-c593669a5f00
2026-04-06T16:03:47.702127720Z Processing job 1df42c52-9ed4-4fd0-82c8-d2b6c76ffb3f
2026-04-06T16:03:47.774291398Z Completed job 79640812-99af-488a-8335-4c337f808252
2026-04-06T16:03:47.775387178Z Processing job 34c1ee4f-2ad4-48c3-828c-c68210c89a31
2026-04-06T16:03:48.352695577Z Completed job 1df42c52-9ed4-4fd0-82c8-d2b6c76ffb3f
2026-04-06T16:03:48.354692605Z Processing job d94ac2ee-a72b-4250-8e86-654e4eef4005
2026-04-06T16:03:48.391042360Z Completed job 34c1ee4f-2ad4-48c3-828c-c68210c89a31
2026-04-06T16:03:48.393041561Z Processing job fb68cb07-ca11-4b29-bd71-0dbaaf5fcc47
2026-04-06T16:03:49.041790541Z Completed job d94ac2ee-a72b-4250-8e86-654e4eef4005
2026-04-06T16:03:49.045662391Z Processing job 8b0550d9-2df2-4ad7-a859-fac428122ff9
2026-04-06T16:03:49.078490993Z Completed job fb68cb07-ca11-4b29-bd71-0dbaaf5fcc47
2026-04-06T16:03:49.081150458Z Processing job 0b73274e-4846-415f-b674-059382cd6ac6
2026-04-06T16:03:49.705189426Z Completed job 8b0550d9-2df2-4ad7-a859-fac428122ff9
2026-04-06T16:03:49.710567598Z Completed job 0b73274e-4846-415f-b674-059382cd6ac6
2026-04-06T16:03:49.710593569Z Processing job 3995e52e-edac-4b4b-9c67-80dc01ffc1ca
2026-04-06T16:03:49.710473247Z Processing job 44967a81-254d-4e62-bb52-99814f46fad4
2026-04-06T16:03:50.388315808Z Completed job 3995e52e-edac-4b4b-9c67-80dc01ffc1ca
2026-04-06T16:03:50.391444296Z Processing job c91003bd-6710-487d-9d8a-ab8e87c5975f
2026-04-06T16:03:50.394163417Z Completed job 44967a81-254d-4e62-bb52-99814f46fad4
2026-04-06T16:03:50.399160431Z Processing job dc5f0170-1910-41c1-a40e-436d9845673c
2026-04-06T16:03:51.083988374Z Completed job c91003bd-6710-487d-9d8a-ab8e87c5975f
2026-04-06T16:03:51.089286586Z Processing job 691c906e-5073-4402-bd57-06371927297b
2026-04-06T16:03:51.082908379Z Completed job dc5f0170-1910-41c1-a40e-436d9845673c
2026-04-06T16:03:51.089575648Z Processing job b45e88f3-8263-45fc-8135-8fc43c868f95
2026-04-06T16:03:51.762356440Z Completed job 691c906e-5073-4402-bd57-06371927297b
2026-04-06T16:03:51.766228496Z Processing job 1f79cc23-5b05-4c65-9107-0c6d77c0a72a
2026-04-06T16:03:51.767799697Z Completed job b45e88f3-8263-45fc-8135-8fc43c868f95
2026-04-06T16:03:51.771841251Z Processing job 0985ee72-6efb-47f3-a525-4937c4777137
2026-04-06T16:03:52.413539949Z Completed job 0985ee72-6efb-47f3-a525-4937c4777137
2026-04-06T16:03:52.415077412Z Processing job a915b1b1-8769-4687-88d6-aaac53c33dad
2026-04-06T16:03:52.456800112Z Completed job 1f79cc23-5b05-4c65-9107-0c6d77c0a72a
2026-04-06T16:03:52.457700815Z Processing job 50c6a41b-937f-4bc5-a501-6a944b9671e3
2026-04-06T16:03:53.002225225Z Completed job a915b1b1-8769-4687-88d6-aaac53c33dad
2026-04-06T16:03:53.004746092Z Processing job 56fbe95f-6dd4-4578-936c-6bfaf1f09bb8
2026-04-06T16:03:53.032462432Z Completed job 50c6a41b-937f-4bc5-a501-6a944b9671e3
2026-04-06T16:03:53.034369742Z Processing job ac29031b-62d4-4367-8aef-af45e3830970
2026-04-06T16:03:53.641952603Z Completed job ac29031b-62d4-4367-8aef-af45e3830970
2026-04-06T16:03:53.636380332Z Completed job 56fbe95f-6dd4-4578-936c-6bfaf1f09bb8
2026-04-06T16:03:53.644110495Z Processing job 207c05e1-701d-49f2-815f-5d08be3e0ac9
2026-04-06T16:03:53.639918691Z Processing job 18eefebf-12e6-45b5-9eca-2787460bfb76
2026-04-06T16:03:54.331349869Z Completed job 18eefebf-12e6-45b5-9eca-2787460bfb76
2026-04-06T16:03:54.334567137Z Completed job 207c05e1-701d-49f2-815f-5d08be3e0ac9
2026-04-06T16:03:54.335676360Z Processing job c9b63851-abcc-498e-98dd-1b25efebc4f8
2026-04-06T16:03:54.333881994Z Processing job ef00d6b1-1864-460f-b914-2e1a659bc891
2026-04-06T16:03:54.915236396Z Completed job c9b63851-abcc-498e-98dd-1b25efebc4f8
2026-04-06T16:03:54.916914960Z Processing job 58d4801f-994a-4cec-abba-f32f1bff4b50
2026-04-06T16:03:54.916821017Z Completed job ef00d6b1-1864-460f-b914-2e1a659bc891
2026-04-06T16:03:54.919995996Z Processing job 23822c92-19c9-400c-a874-31342f7a0fd8
2026-04-06T16:03:55.584851928Z Completed job 23822c92-19c9-400c-a874-31342f7a0fd8
2026-04-06T16:03:55.588954488Z Completed job 58d4801f-994a-4cec-abba-f32f1bff4b50
2026-04-06T16:03:55.587580050Z Processing job c6c89738-c6a3-4899-8bb5-66d620529812
2026-04-06T16:03:55.591929383Z Processing job 1b7994cb-ee7e-4f72-8a3a-3f0c9ca8fc06
2026-04-06T16:03:56.190813431Z Completed job 1b7994cb-ee7e-4f72-8a3a-3f0c9ca8fc06
2026-04-06T16:03:56.196750151Z Processing job 982206a8-a1a8-47af-b654-58d0bd7cc3b7
2026-04-06T16:03:56.231483975Z Completed job c6c89738-c6a3-4899-8bb5-66d620529812
2026-04-06T16:03:56.233632253Z Processing job 69137986-8350-4335-83ce-885921358ceb
2026-04-06T16:03:56.812658830Z Completed job 982206a8-a1a8-47af-b654-58d0bd7cc3b7
2026-04-06T16:03:56.818440176Z Processing job 464bf7bc-624d-4ca7-8b30-507e047e68c1
2026-04-06T16:03:56.819714334Z Completed job 69137986-8350-4335-83ce-885921358ceb
2026-04-06T16:03:56.820001324Z Processing job 3e4ba66d-e44d-4891-86b9-b9fa5533101f
2026-04-06T16:03:57.661526576Z Completed job 464bf7bc-624d-4ca7-8b30-507e047e68c1
2026-04-06T16:03:57.663809626Z Processing job 82dde527-e871-42c4-a21a-c7603b8cecb3
2026-04-06T16:03:57.670008572Z Completed job 3e4ba66d-e44d-4891-86b9-b9fa5533101f
2026-04-06T16:03:57.672498753Z Processing job 44023cb3-f2a8-407a-a5bc-e9b22eb7f174
2026-04-06T16:03:58.317155895Z Completed job 44023cb3-f2a8-407a-a5bc-e9b22eb7f174
2026-04-06T16:03:58.321117264Z Completed job 82dde527-e871-42c4-a21a-c7603b8cecb3
2026-04-06T16:03:58.321247595Z Processing job ac34e2dc-e214-4a54-a55e-1d5896685f13
2026-04-06T16:03:58.328847630Z Processing job 4b6e00af-33f5-433f-9dd3-787c309b3be3
2026-04-06T16:03:58.925617753Z Completed job ac34e2dc-e214-4a54-a55e-1d5896685f13
2026-04-06T16:03:58.929583702Z Processing job ca1d9ef5-14d1-402b-8d4b-225393c5de21
2026-04-06T16:03:58.945382448Z Completed job 4b6e00af-33f5-433f-9dd3-787c309b3be3
2026-04-06T16:03:58.946161643Z Processing job 0773bcd7-4191-4f60-a428-b10e71003828
2026-04-06T16:03:59.596584335Z Completed job ca1d9ef5-14d1-402b-8d4b-225393c5de21
2026-04-06T16:03:59.602702286Z Completed job 0773bcd7-4191-4f60-a428-b10e71003828
2026-04-06T16:03:59.606854085Z Processing job 4e7a1571-b2c4-421f-b82d-3d8abf903357
2026-04-06T16:03:59.598640708Z Processing job a1758d80-53dd-4cd4-8e81-9640501a3c6f
2026-04-06T16:04:00.276297036Z Completed job 4e7a1571-b2c4-421f-b82d-3d8abf903357
2026-04-06T16:04:00.276648929Z Completed job a1758d80-53dd-4cd4-8e81-9640501a3c6f
2026-04-06T16:04:00.284650680Z Processing job 39e59e17-5cfc-4da3-8476-8718f34d4937
2026-04-06T16:04:00.284399066Z Processing job d604eed9-1635-4ec6-954b-b582320993ef
2026-04-06T16:04:00.941657292Z Completed job d604eed9-1635-4ec6-954b-b582320993ef
2026-04-06T16:04:00.947688364Z Processing job 922fdd1c-b233-45aa-afb0-171f3efcaccc
2026-04-06T16:04:00.999128302Z Completed job 39e59e17-5cfc-4da3-8476-8718f34d4937
2026-04-06T16:04:01.000132098Z Processing job 4e5aaece-8b9b-45e3-a5cb-02e843eb7f45
2026-04-06T16:04:01.619609143Z Completed job 922fdd1c-b233-45aa-afb0-171f3efcaccc
2026-04-06T16:04:01.620951283Z Processing job ab527516-7d14-458c-9656-4b7a638fbc70
2026-04-06T16:04:01.658638994Z Completed job 4e5aaece-8b9b-45e3-a5cb-02e843eb7f45
2026-04-06T16:04:01.658720510Z Processing job 2406cece-ec36-4685-bacf-a6a04e2cbe78
2026-04-06T16:04:02.271072582Z Completed job ab527516-7d14-458c-9656-4b7a638fbc70
2026-04-06T16:04:02.273724790Z Processing job a24d3db2-ed2a-40e4-b4c5-48cc52a17c7c
2026-04-06T16:04:02.374632327Z Completed job 2406cece-ec36-4685-bacf-a6a04e2cbe78
2026-04-06T16:04:02.375826015Z Processing job 1b467118-153f-49dc-9eff-6a0aed6f4240
2026-04-06T16:04:02.899945233Z Completed job a24d3db2-ed2a-40e4-b4c5-48cc52a17c7c
2026-04-06T16:04:02.903149378Z Processing job 8a260da0-d8f9-4320-a4ac-5460028f1b26
2026-04-06T16:04:02.977729201Z Completed job 1b467118-153f-49dc-9eff-6a0aed6f4240
2026-04-06T16:04:02.979549111Z Processing job 2c919ca6-a709-49d1-9043-144e3e994af2
2026-04-06T16:04:03.509867645Z Completed job 8a260da0-d8f9-4320-a4ac-5460028f1b26
2026-04-06T16:04:03.510917059Z Processing job 28a453e4-1fea-42a6-856b-79c58a12f36f
2026-04-06T16:04:03.590924082Z Completed job 2c919ca6-a709-49d1-9043-144e3e994af2
2026-04-06T16:04:03.592022629Z Processing job 98befde4-d2df-4c38-a064-0e23ff579093
2026-04-06T16:04:04.111903460Z Completed job 28a453e4-1fea-42a6-856b-79c58a12f36f
2026-04-06T16:04:04.113797317Z Processing job fa04264c-0c65-4fad-9860-a640ceb46f35
2026-04-06T16:04:04.210355201Z Completed job 98befde4-d2df-4c38-a064-0e23ff579093
2026-04-06T16:04:04.210567980Z Processing job 2f76d796-412d-4ee6-aec5-e001b07ac292
2026-04-06T16:04:04.797181585Z Completed job fa04264c-0c65-4fad-9860-a640ceb46f35
2026-04-06T16:04:04.797946143Z Processing job 740f4a65-c15d-484f-b479-319cf2145a10
2026-04-06T16:04:04.808606636Z Completed job 2f76d796-412d-4ee6-aec5-e001b07ac292
2026-04-06T16:04:04.818636105Z Processing job 9ecb8a2f-a8bd-44be-b60f-56bff667e87f
2026-04-06T16:04:05.550904831Z Completed job 9ecb8a2f-a8bd-44be-b60f-56bff667e87f
2026-04-06T16:04:05.552139999Z Processing job ca5b4e6d-55be-4f91-ac75-fcde5261372d
2026-04-06T16:04:05.551476996Z Completed job 740f4a65-c15d-484f-b479-319cf2145a10
2026-04-06T16:04:05.551540461Z Processing job 45cc4f21-a14d-438b-b927-b972f39364cf
2026-04-06T16:04:06.173921574Z Completed job ca5b4e6d-55be-4f91-ac75-fcde5261372d
2026-04-06T16:04:06.172148131Z Completed job 45cc4f21-a14d-438b-b927-b972f39364cf
2026-04-06T16:04:06.175925359Z Processing job 3c196fd6-aadc-4ea5-b4ab-8a8381b0cf35
2026-04-06T16:04:06.178255867Z Processing job 57872a9f-3715-4c88-8a61-83a617a87683
2026-04-06T16:04:06.825386385Z Completed job 57872a9f-3715-4c88-8a61-83a617a87683
2026-04-06T16:04:06.829447892Z Processing job e23b6899-50b7-4aaf-9558-533d46d1f225
2026-04-06T16:04:06.836745689Z Completed job 3c196fd6-aadc-4ea5-b4ab-8a8381b0cf35
2026-04-06T16:04:06.840518838Z Processing job 127da1b8-78b2-4096-ac0d-2887e9499557
2026-04-06T16:04:07.689057905Z Completed job e23b6899-50b7-4aaf-9558-533d46d1f225
2026-04-06T16:04:07.690090565Z Processing job bfa0b812-fc75-4f89-850b-1f54660c9a73
2026-04-06T16:04:07.697070882Z Completed job 127da1b8-78b2-4096-ac0d-2887e9499557
2026-04-06T16:04:07.701499624Z Processing job 891b7909-b894-48e5-8d27-c30d34bf5152
2026-04-06T16:04:08.381310147Z Completed job bfa0b812-fc75-4f89-850b-1f54660c9a73
2026-04-06T16:04:08.383697335Z Processing job bb129294-9684-441c-9c45-4f19fcb20d83
2026-04-06T16:04:08.384849386Z Completed job 891b7909-b894-48e5-8d27-c30d34bf5152
2026-04-06T16:04:08.388882870Z Processing job cd3e0dff-c714-406b-8ce9-7e4cf24facd5
2026-04-06T16:04:09.040579903Z Completed job bb129294-9684-441c-9c45-4f19fcb20d83
2026-04-06T16:04:09.042523572Z Processing job e165c607-eafa-4543-8df2-ef3e2fc12a84
2026-04-06T16:04:09.040687566Z Completed job cd3e0dff-c714-406b-8ce9-7e4cf24facd5
2026-04-06T16:04:09.041951308Z Processing job 74aaaca1-276f-44ab-8528-b56874918332
2026-04-06T16:04:09.688730800Z Completed job 74aaaca1-276f-44ab-8528-b56874918332
2026-04-06T16:04:09.689078756Z Processing job 9ea43ac7-9649-4602-9c0d-a4af1aba6a3c
2026-04-06T16:04:09.722610914Z Completed job e165c607-eafa-4543-8df2-ef3e2fc12a84
2026-04-06T16:04:09.725143643Z Processing job 7dd165b5-cafc-4266-b91c-3535b43bdb5e
2026-04-06T16:04:10.423274687Z Completed job 7dd165b5-cafc-4266-b91c-3535b43bdb5e
2026-04-06T16:04:10.428824236Z Processing job 0c6fa198-2d47-4f42-941e-6160d0ea8243
2026-04-06T16:04:10.428557582Z Completed job 9ea43ac7-9649-4602-9c0d-a4af1aba6a3c
2026-04-06T16:04:10.428631720Z Processing job b4de6095-7252-47df-ade8-ed6639ee8e88
2026-04-06T16:04:11.074963605Z Completed job b4de6095-7252-47df-ade8-ed6639ee8e88
2026-04-06T16:04:11.075045881Z Processing job 309f7d03-87b5-4a8c-881a-3ccdfc56e701
2026-04-06T16:04:11.082041159Z Completed job 0c6fa198-2d47-4f42-941e-6160d0ea8243
2026-04-06T16:04:11.085281660Z Processing job 780914ad-a9fd-4b7c-a3a0-d20a07a9e47e
2026-04-06T16:04:11.786653233Z Completed job 309f7d03-87b5-4a8c-881a-3ccdfc56e701
2026-04-06T16:04:11.790444113Z Processing job bffd44e7-3ceb-4d8e-83ca-09b563d92947
2026-04-06T16:04:11.794784052Z Completed job 780914ad-a9fd-4b7c-a3a0-d20a07a9e47e
2026-04-06T16:04:11.797053490Z Processing job 2f2a04ee-fad8-41b3-8885-9b8527c164c7
2026-04-06T16:04:12.449977945Z Completed job bffd44e7-3ceb-4d8e-83ca-09b563d92947
2026-04-06T16:04:12.455088867Z Completed job 2f2a04ee-fad8-41b3-8885-9b8527c164c7
2026-04-06T16:04:12.455781959Z Processing job 88bdba4a-1f54-492e-84e0-c9db836c2e65
2026-04-06T16:04:12.452547933Z Processing job 0444b24e-c666-4026-85b6-a194340f998d
2026-04-06T16:04:13.089488662Z Completed job 0444b24e-c666-4026-85b6-a194340f998d
2026-04-06T16:04:13.092064399Z Completed job 88bdba4a-1f54-492e-84e0-c9db836c2e65
2026-04-06T16:04:13.091656437Z Processing job 7e207738-0448-4bfa-91ed-ee0f90262ae8
2026-04-06T16:04:13.095374039Z Processing job b4e1d1aa-7c6f-418e-b0e0-95913e42f3bb
2026-04-06T16:04:13.722286049Z Completed job b4e1d1aa-7c6f-418e-b0e0-95913e42f3bb
2026-04-06T16:04:13.728623617Z Processing job 03988d46-0aef-4c0b-b87d-2a6ef9fd8a2f
2026-04-06T16:04:13.789955220Z Completed job 7e207738-0448-4bfa-91ed-ee0f90262ae8
2026-04-06T16:04:13.794203915Z Processing job 4318258a-5434-4746-b766-a815102b4879
2026-04-06T16:04:14.391902077Z Completed job 03988d46-0aef-4c0b-b87d-2a6ef9fd8a2f
2026-04-06T16:04:14.394609163Z Processing job 155cd220-8a50-4541-be28-edee49d972fa
2026-04-06T16:04:14.460901716Z Completed job 4318258a-5434-4746-b766-a815102b4879
2026-04-06T16:04:14.461968559Z Processing job bbd10472-77a2-4378-b829-cc3b1daa9e7f
2026-04-06T16:04:15.034640228Z Completed job 155cd220-8a50-4541-be28-edee49d972fa
2026-04-06T16:04:15.037311208Z Processing job b7195e72-f6d5-4c7a-b499-cbc007839552
2026-04-06T16:04:15.068678683Z Completed job bbd10472-77a2-4378-b829-cc3b1daa9e7f
2026-04-06T16:04:15.071332332Z Processing job dd467c73-dd5e-4ad3-b757-6bb31525ca8a
2026-04-06T16:04:15.686284084Z Completed job b7195e72-f6d5-4c7a-b499-cbc007839552
2026-04-06T16:04:15.687606863Z Processing job c88ccf6b-f954-4a08-b008-6c7beb4ff436
2026-04-06T16:04:15.717446896Z Completed job dd467c73-dd5e-4ad3-b757-6bb31525ca8a
2026-04-06T16:04:15.719112484Z Processing job d59001ea-d0bb-48a5-bea9-99b32c18ae73
2026-04-06T16:04:16.289394298Z Completed job c88ccf6b-f954-4a08-b008-6c7beb4ff436
2026-04-06T16:04:16.292145835Z Processing job 7a0d0516-e05b-42e0-8efb-1a708ef09b4c
2026-04-06T16:04:16.298098951Z Completed job d59001ea-d0bb-48a5-bea9-99b32c18ae73
2026-04-06T16:04:16.302610696Z Processing job fc9c029c-7d96-42d5-a5a8-6b0857b25b85
2026-04-06T16:04:16.950544125Z Completed job 7a0d0516-e05b-42e0-8efb-1a708ef09b4c
2026-04-06T16:04:16.951121303Z Processing job b63fa267-c152-4b64-91f1-eb0bf40a653f
2026-04-06T16:04:16.948458885Z Completed job fc9c029c-7d96-42d5-a5a8-6b0857b25b85
2026-04-06T16:04:16.950359052Z Processing job 1e9e29ad-e441-4fde-b152-1032916de446
2026-04-06T16:04:17.801974898Z Completed job b63fa267-c152-4b64-91f1-eb0bf40a653f
2026-04-06T16:04:17.798379976Z Completed job 1e9e29ad-e441-4fde-b152-1032916de446
2026-04-06T16:04:17.804107434Z Processing job c62a8245-df00-47ac-86c8-424ea3b8dc2d
2026-04-06T16:04:17.804433997Z Processing job 725aa887-a6e5-4d7f-a1a1-2980e2646e3c
2026-04-06T16:04:18.457583276Z Completed job 725aa887-a6e5-4d7f-a1a1-2980e2646e3c
2026-04-06T16:04:18.461388701Z Processing job 9f7f13aa-6701-42dc-bacd-7b743650d992
2026-04-06T16:04:18.495100891Z Completed job c62a8245-df00-47ac-86c8-424ea3b8dc2d
2026-04-06T16:04:18.498373536Z Processing job c2d4590e-8b88-4697-9b35-d373aa824c61
2026-04-06T16:04:19.077505081Z Completed job 9f7f13aa-6701-42dc-bacd-7b743650d992
2026-04-06T16:04:19.088717044Z Completed job c2d4590e-8b88-4697-9b35-d373aa824c61
2026-04-06T16:04:19.079996786Z Processing job 622da00e-09dc-4791-be74-a48329a0b4f6
2026-04-06T16:04:19.094122745Z Processing job 3e0c905e-8065-4af9-b30d-75e83f8b6f51
2026-04-06T16:04:19.738679020Z Completed job 3e0c905e-8065-4af9-b30d-75e83f8b6f51
2026-04-06T16:04:19.740352268Z Completed job 622da00e-09dc-4791-be74-a48329a0b4f6
2026-04-06T16:04:19.740591588Z Processing job 03632294-68f2-468e-9079-79a3101fecb1
2026-04-06T16:04:19.748588290Z Processing job 9357c07a-fabf-4440-a3cf-3e038349407b
2026-04-06T16:04:20.420894534Z Completed job 9357c07a-fabf-4440-a3cf-3e038349407b
2026-04-06T16:04:20.422178574Z Completed job 03632294-68f2-468e-9079-79a3101fecb1
2026-04-06T16:04:20.427535170Z Processing job 36375f82-2eac-4829-b94e-54fc18dea23a
2026-04-06T16:04:20.427622900Z Processing job a32f39b7-b272-4280-a57e-f29dd90542ca
2026-04-06T16:04:21.072926473Z Completed job 36375f82-2eac-4829-b94e-54fc18dea23a
2026-04-06T16:04:21.066343921Z Completed job a32f39b7-b272-4280-a57e-f29dd90542ca
2026-04-06T16:04:21.067268356Z Processing job 6ac4171e-0772-47f8-82c4-5c1092fcebc4
2026-04-06T16:04:21.077558963Z Processing job ef2acd15-c0ba-4c55-95b0-756b7c1933d0
2026-04-06T16:04:21.784809465Z Completed job ef2acd15-c0ba-4c55-95b0-756b7c1933d0
2026-04-06T16:04:21.791555704Z Processing job 7f5a10c4-d6ef-46d4-a432-b14d12dbbef6
2026-04-06T16:04:21.784348457Z Completed job 6ac4171e-0772-47f8-82c4-5c1092fcebc4
2026-04-06T16:04:21.784478940Z Processing job d71640b5-976c-4364-9886-fb6a9d0ad218
2026-04-06T16:04:22.566324175Z Completed job 7f5a10c4-d6ef-46d4-a432-b14d12dbbef6
2026-04-06T16:04:22.570572159Z Processing job e5b4c4c7-218b-4c24-acf6-b5933bec5f87
2026-04-06T16:04:22.602666255Z Completed job d71640b5-976c-4364-9886-fb6a9d0ad218
2026-04-06T16:04:22.604695516Z Processing job 2e4a352e-b024-4367-b0f9-de7a5166fae2
2026-04-06T16:04:23.241797224Z Completed job e5b4c4c7-218b-4c24-acf6-b5933bec5f87
2026-04-06T16:04:23.239887937Z Completed job 2e4a352e-b024-4367-b0f9-de7a5166fae2
2026-04-06T16:04:23.242789624Z Processing job b8d1d5b4-f93a-4bd1-ac6f-4130884613fa
2026-04-06T16:04:23.247584616Z Processing job 98a7d31e-c467-4c09-b4d8-aeaa576d50a6
2026-04-06T16:04:23.890122702Z Completed job 98a7d31e-c467-4c09-b4d8-aeaa576d50a6
2026-04-06T16:04:23.890009805Z Completed job b8d1d5b4-f93a-4bd1-ac6f-4130884613fa
2026-04-06T16:04:23.895206792Z Processing job 0a29e642-2e20-43e5-8d80-bf5f660c5a4a
2026-04-06T16:04:23.894387178Z Processing job dbee25e8-bfbb-4880-bb61-bb7e3ad9dafd
2026-04-06T16:04:24.566823472Z Completed job 0a29e642-2e20-43e5-8d80-bf5f660c5a4a
2026-04-06T16:04:24.567992327Z Processing job 83a4380d-1b7c-4d27-99ce-211923c3571c
2026-04-06T16:04:24.575210167Z Completed job dbee25e8-bfbb-4880-bb61-bb7e3ad9dafd
2026-04-06T16:04:24.578841291Z Processing job eecb58a0-6ffd-49e5-8703-161e51de429d
2026-04-06T16:04:25.196517795Z Completed job 83a4380d-1b7c-4d27-99ce-211923c3571c
2026-04-06T16:04:25.198689711Z Processing job f86080d6-65b0-4a18-80f1-ee1329fbbded
2026-04-06T16:04:25.202645587Z Completed job eecb58a0-6ffd-49e5-8703-161e51de429d
2026-04-06T16:04:25.205362798Z Processing job 2db19902-7849-4e0b-a12f-210b8038dc04
2026-04-06T16:04:25.832258052Z Completed job f86080d6-65b0-4a18-80f1-ee1329fbbded
2026-04-06T16:04:25.833588320Z Processing job 5abe46c0-d44b-406c-95a7-830154900181
2026-04-06T16:04:25.832147960Z Completed job 2db19902-7849-4e0b-a12f-210b8038dc04
2026-04-06T16:04:25.834073121Z Processing job 41cb87d5-c2ef-4c35-9b15-7f3c0e209866
2026-04-06T16:04:26.497691209Z Completed job 5abe46c0-d44b-406c-95a7-830154900181
2026-04-06T16:04:26.498073907Z Completed job 41cb87d5-c2ef-4c35-9b15-7f3c0e209866
2026-04-06T16:04:26.503530156Z Processing job e41af989-56be-4975-9f9b-58f8269d268a
2026-04-06T16:04:26.502627997Z Processing job c4c4fc03-cf2d-473f-8c88-f96e14f5ad6a
2026-04-06T16:04:27.307198063Z Completed job c4c4fc03-cf2d-473f-8c88-f96e14f5ad6a
2026-04-06T16:04:27.308698669Z Processing job 16f0226f-d0c6-45af-b03b-5f4462d1f2d7
2026-04-06T16:04:27.376984579Z Completed job e41af989-56be-4975-9f9b-58f8269d268a
2026-04-06T16:04:27.379589733Z Processing job d91be4ef-2788-41b7-a8bb-7468c241f102
2026-04-06T16:04:27.953749043Z Completed job 16f0226f-d0c6-45af-b03b-5f4462d1f2d7
2026-04-06T16:04:27.955761532Z Processing job 7abe8398-8fb2-4d28-803e-20a1569bfb39
2026-04-06T16:04:28.032954835Z Completed job d91be4ef-2788-41b7-a8bb-7468c241f102
2026-04-06T16:04:28.034745009Z Processing job b1145bcb-27ac-42eb-93a7-e9b32872635c
2026-04-06T16:04:28.546466956Z Completed job 7abe8398-8fb2-4d28-803e-20a1569bfb39
2026-04-06T16:04:28.549183918Z Processing job 1e34f587-84d1-48c7-92b1-dfd30960235b
2026-04-06T16:04:28.655181260Z Completed job b1145bcb-27ac-42eb-93a7-e9b32872635c
2026-04-06T16:04:28.657782456Z Processing job c499cfd9-d483-494c-ab00-8b1bddae6995
2026-04-06T16:04:29.225838190Z Completed job 1e34f587-84d1-48c7-92b1-dfd30960235b
2026-04-06T16:04:29.227554286Z Processing job fb1bb19b-87a5-4834-a6aa-2a0f1cae0724
2026-04-06T16:04:29.303972019Z Completed job c499cfd9-d483-494c-ab00-8b1bddae6995
2026-04-06T16:04:29.305461522Z Processing job 6a9736a9-75cf-4e80-a7e6-7e58865411b8
2026-04-06T16:04:29.882926681Z Completed job fb1bb19b-87a5-4834-a6aa-2a0f1cae0724
2026-04-06T16:04:29.884479070Z Processing job 92bbed62-86ca-4c5f-898d-f82928e94965
2026-04-06T16:04:30.001813995Z Completed job 6a9736a9-75cf-4e80-a7e6-7e58865411b8
2026-04-06T16:04:30.004984588Z Processing job 610b21eb-abb4-4585-8e0b-f35f6c1f009b
2026-04-06T16:04:30.617574248Z Completed job 92bbed62-86ca-4c5f-898d-f82928e94965
2026-04-06T16:04:30.621481743Z Processing job 69894106-bb60-4863-88e2-b799f293b5cf
2026-04-06T16:04:30.647313703Z Completed job 610b21eb-abb4-4585-8e0b-f35f6c1f009b
2026-04-06T16:04:30.647784252Z Processing job 3f63334c-3755-464d-8e2f-42f2f591d1ae
2026-04-06T16:04:31.234299913Z Completed job 3f63334c-3755-464d-8e2f-42f2f591d1ae
2026-04-06T16:04:31.237598668Z Processing job 00809748-0b0c-42c6-9485-58a14b4fc62a
2026-04-06T16:04:31.271402174Z Completed job 69894106-bb60-4863-88e2-b799f293b5cf
2026-04-06T16:04:31.275073994Z Processing job 1a5806df-6a64-4ab8-87b4-005aa05b59ff
2026-04-06T16:04:31.918050215Z Completed job 00809748-0b0c-42c6-9485-58a14b4fc62a
2026-04-06T16:04:31.921246037Z Completed job 1a5806df-6a64-4ab8-87b4-005aa05b59ff
2026-04-06T16:04:31.922542800Z Processing job 6cd995fa-5890-442f-8867-49cd04cf330f
2026-04-06T16:04:31.924123718Z Processing job 17bd9d5e-2441-40c6-81c5-12cc80aad4d5
2026-04-06T16:04:32.594187517Z Completed job 6cd995fa-5890-442f-8867-49cd04cf330f
2026-04-06T16:04:32.588636516Z Completed job 17bd9d5e-2441-40c6-81c5-12cc80aad4d5
2026-04-06T16:04:32.600467695Z Processing job 4c451094-6c7d-4086-9bec-907211b5a621
2026-04-06T16:04:32.590380664Z Processing job e2bddcdf-01e7-4f72-a37c-f418593302e4
2026-04-06T16:04:33.203468442Z Completed job 4c451094-6c7d-4086-9bec-907211b5a621
2026-04-06T16:04:33.210001941Z Processing job e744bb86-1fc6-4242-afb6-d462e0f225ee
2026-04-06T16:04:33.202919861Z Completed job e2bddcdf-01e7-4f72-a37c-f418593302e4
2026-04-06T16:04:33.209493043Z Processing job ca347593-2076-4d40-8a96-0f68a0231155
2026-04-06T16:04:33.817322834Z Completed job e744bb86-1fc6-4242-afb6-d462e0f225ee
2026-04-06T16:04:33.822884218Z Processing job 44f2f96d-293b-483d-bd14-161761ffeca9
2026-04-06T16:04:33.820203453Z Completed job ca347593-2076-4d40-8a96-0f68a0231155
2026-04-06T16:04:33.821215290Z Processing job 82316172-5355-4580-9dd3-3d3c7b6b97fd
2026-04-06T16:04:34.444030337Z Completed job 82316172-5355-4580-9dd3-3d3c7b6b97fd
2026-04-06T16:04:34.449828999Z Completed job 44f2f96d-293b-483d-bd14-161761ffeca9
2026-04-06T16:04:34.445624779Z Processing job 9f71929e-e6ef-4e9d-adb8-e64366a435e8
2026-04-06T16:04:34.453341830Z Processing job 1797bde7-e662-4e6f-ac08-579d49ce7c28
2026-04-06T16:04:35.103016156Z Completed job 9f71929e-e6ef-4e9d-adb8-e64366a435e8
2026-04-06T16:04:35.102881774Z Completed job 1797bde7-e662-4e6f-ac08-579d49ce7c28
2026-04-06T16:04:35.108617833Z Processing job 0ea52928-6b56-4462-b5b1-f7e5d8fe1b25
2026-04-06T16:04:35.108967213Z Processing job a08136a9-05c4-4b5f-b0a5-2ea5b2cbef59
2026-04-06T16:04:35.758892374Z Completed job a08136a9-05c4-4b5f-b0a5-2ea5b2cbef59
2026-04-06T16:04:35.759670412Z Processing job 140678d4-0f86-44b8-83c7-0375c0526bda
2026-04-06T16:04:35.810713963Z Completed job 0ea52928-6b56-4462-b5b1-f7e5d8fe1b25
2026-04-06T16:04:35.812893917Z Processing job da48a191-2913-46a8-95be-e7330c2911e6
2026-04-06T16:04:36.398877123Z Completed job 140678d4-0f86-44b8-83c7-0375c0526bda
2026-04-06T16:04:36.401348058Z Processing job 06a20cc5-9ed4-4364-883a-846095793589
2026-04-06T16:04:36.478744129Z Completed job da48a191-2913-46a8-95be-e7330c2911e6
2026-04-06T16:04:36.479608935Z Processing job fc4393e7-6360-44ff-945b-ec23841e6351
2026-04-06T16:04:37.118556735Z Completed job 06a20cc5-9ed4-4364-883a-846095793589
2026-04-06T16:04:37.125725072Z Processing job f77ff017-857a-4e52-b049-798fed823550
2026-04-06T16:04:37.295168877Z Completed job fc4393e7-6360-44ff-945b-ec23841e6351
2026-04-06T16:04:37.296300218Z Processing job f7b8868c-28ce-4db3-a552-463fbe742e66
2026-04-06T16:04:37.926548337Z Completed job f77ff017-857a-4e52-b049-798fed823550
2026-04-06T16:04:37.929524014Z Processing job 839d4b98-722a-47db-9cbb-9e9ba7568f98
2026-04-06T16:04:37.972108568Z Completed job f7b8868c-28ce-4db3-a552-463fbe742e66
2026-04-06T16:04:37.975585293Z Processing job b5fbf0ff-240f-45eb-a469-386d17b9b84f
2026-04-06T16:04:38.540292968Z Completed job 839d4b98-722a-47db-9cbb-9e9ba7568f98
2026-04-06T16:04:38.540805385Z Processing job 925b7ed8-1c6c-4bd8-b8e8-bcc794bf4904
2026-04-06T16:04:38.625075759Z Completed job b5fbf0ff-240f-45eb-a469-386d17b9b84f
2026-04-06T16:04:38.626112192Z Processing job 205b023f-341a-4a14-beb9-5785fce0730b
2026-04-06T16:04:39.189095732Z Completed job 925b7ed8-1c6c-4bd8-b8e8-bcc794bf4904
2026-04-06T16:04:39.190728147Z Processing job 52d3d3bb-797f-4d57-a71e-745d0aa9ae2f
2026-04-06T16:04:39.282971762Z Completed job 205b023f-341a-4a14-beb9-5785fce0730b
2026-04-06T16:04:39.285358099Z Processing job 82738a3a-e836-48e9-af40-4f35ff38e166
2026-04-06T16:04:39.895613706Z Completed job 52d3d3bb-797f-4d57-a71e-745d0aa9ae2f
2026-04-06T16:04:39.897070258Z Processing job 99f6fbb2-c527-4465-b07a-6945a6f75d67
2026-04-06T16:04:39.905228399Z Completed job 82738a3a-e836-48e9-af40-4f35ff38e166
2026-04-06T16:04:39.905614592Z Processing job 117aa7fd-97c8-4614-9801-014a95bb3c1c
2026-04-06T16:04:40.581625851Z Completed job 99f6fbb2-c527-4465-b07a-6945a6f75d67
2026-04-06T16:04:40.585307080Z Processing job 63104189-abbd-43a6-92b3-df2cc917ab9a
2026-04-06T16:04:40.585193968Z Completed job 117aa7fd-97c8-4614-9801-014a95bb3c1c
2026-04-06T16:04:40.590458325Z Processing job 3d36f021-4a7c-4dde-b3d2-21d13cabfcd9
2026-04-06T16:04:41.221127476Z Completed job 3d36f021-4a7c-4dde-b3d2-21d13cabfcd9
2026-04-06T16:04:41.223553415Z Processing job 78c01921-f31b-4b62-8bb2-e48b84d3bc57
2026-04-06T16:04:41.230739801Z Completed job 63104189-abbd-43a6-92b3-df2cc917ab9a
2026-04-06T16:04:41.235563718Z Processing job 96951878-3444-41ae-afdf-771bb62b2a37
2026-04-06T16:04:41.882304739Z Completed job 78c01921-f31b-4b62-8bb2-e48b84d3bc57
2026-04-06T16:04:41.881941595Z Completed job 96951878-3444-41ae-afdf-771bb62b2a37
2026-04-06T16:04:41.884904821Z Processing job 3fbc898f-7803-4c98-a863-5fd55b60c0b8
2026-04-06T16:04:41.892556352Z Processing job a7138bb6-1ed9-41fe-9033-57013695697e
2026-04-06T16:04:42.526156469Z Completed job a7138bb6-1ed9-41fe-9033-57013695697e
2026-04-06T16:04:42.527318036Z Completed job 3fbc898f-7803-4c98-a863-5fd55b60c0b8
2026-04-06T16:04:42.527860364Z Processing job abfcfede-98b0-4b2b-baf4-3a45c7a09260
2026-04-06T16:04:42.532036808Z Processing job e91caac7-1255-4873-a0b0-6f2f706fc2b9
2026-04-06T16:04:43.154101266Z Completed job abfcfede-98b0-4b2b-baf4-3a45c7a09260
2026-04-06T16:04:43.156643666Z Completed job e91caac7-1255-4873-a0b0-6f2f706fc2b9
2026-04-06T16:04:43.161984199Z Processing job f934c8db-07f8-4932-ae46-a0f36387a4e1
2026-04-06T16:04:43.164293837Z Processing job f70a079f-5c7b-42ee-a0d2-eef7838d3656
2026-04-06T16:04:43.822207450Z Completed job f70a079f-5c7b-42ee-a0d2-eef7838d3656
2026-04-06T16:04:43.824000432Z Processing job f4dc72c4-d140-4a53-b77e-023bc3ae7271
2026-04-06T16:04:43.834145198Z Completed job f934c8db-07f8-4932-ae46-a0f36387a4e1
2026-04-06T16:04:43.841899397Z Processing job 40456bd3-07a8-469d-b9ce-8950c9e606b6
2026-04-06T16:04:44.536703274Z Completed job 40456bd3-07a8-469d-b9ce-8950c9e606b6
2026-04-06T16:04:44.542425988Z Processing job aeb1d5e9-5f30-4bc2-93ab-84152246951e
2026-04-06T16:04:44.576253939Z Completed job f4dc72c4-d140-4a53-b77e-023bc3ae7271
2026-04-06T16:04:44.577531860Z Processing job 7fcbd283-53ba-4ad9-87da-9a1ed78ccc77
2026-04-06T16:04:45.210742907Z Completed job aeb1d5e9-5f30-4bc2-93ab-84152246951e
2026-04-06T16:04:45.211958554Z Processing job 777aa3cc-4013-4b68-93d3-d3d622815157
2026-04-06T16:04:45.218790243Z Completed job 7fcbd283-53ba-4ad9-87da-9a1ed78ccc77
2026-04-06T16:04:45.219787484Z Processing job 2d0bb4f7-bc0f-4a5f-8a60-cd50599f9e64
2026-04-06T16:04:45.885215589Z Completed job 777aa3cc-4013-4b68-93d3-d3d622815157
2026-04-06T16:04:45.887178611Z Processing job 805f994d-72f6-4d88-8700-89e0c072d98a
2026-04-06T16:04:45.889625576Z Completed job 2d0bb4f7-bc0f-4a5f-8a60-cd50599f9e64
2026-04-06T16:04:45.889690418Z Processing job d4ea56b7-dbcd-4543-b645-68b9f61676e7
2026-04-06T16:04:46.550745148Z Completed job d4ea56b7-dbcd-4543-b645-68b9f61676e7
2026-04-06T16:04:46.551301982Z Processing job 6bae917d-8fd8-44c5-8079-9fd0c8fbd041
2026-04-06T16:04:46.555558325Z Completed job 805f994d-72f6-4d88-8700-89e0c072d98a
2026-04-06T16:04:46.561341637Z Processing job 2ab1f788-8897-4b0f-b530-6eca174ec214
2026-04-06T16:04:47.400355813Z Completed job 6bae917d-8fd8-44c5-8079-9fd0c8fbd041
2026-04-06T16:04:47.404318684Z Processing job 06b6e128-692c-4b63-a40a-1494bf8a7887
2026-04-06T16:04:47.407465196Z Completed job 2ab1f788-8897-4b0f-b530-6eca174ec214
2026-04-06T16:04:47.410986812Z Processing job 0f90d4e7-6c66-4c7b-b4b7-e4538283d2a8
2026-04-06T16:04:48.071905367Z Completed job 0f90d4e7-6c66-4c7b-b4b7-e4538283d2a8
2026-04-06T16:04:48.078934555Z Completed job 06b6e128-692c-4b63-a40a-1494bf8a7887
2026-04-06T16:04:48.079170495Z Processing job b0ca3a4b-6a74-4e48-8be2-a742e5b97a4f
2026-04-06T16:04:48.073130319Z Processing job a1c733f9-a3e2-4f66-bf4d-6c1c2b223ba7
2026-04-06T16:04:48.745389169Z Completed job b0ca3a4b-6a74-4e48-8be2-a742e5b97a4f
2026-04-06T16:04:48.747518458Z Processing job 0df44c06-0395-4a2b-965b-b812b31ebada
2026-04-06T16:04:48.784862940Z Completed job a1c733f9-a3e2-4f66-bf4d-6c1c2b223ba7
2026-04-06T16:04:48.785710374Z Processing job 641d98ec-14b6-49d3-b4bb-e943b802eda9
2026-04-06T16:04:49.417021002Z Completed job 0df44c06-0395-4a2b-965b-b812b31ebada
2026-04-06T16:04:49.417778141Z Processing job 5ffe0d32-d641-45d2-b8d3-337e23bf3c9a
2026-04-06T16:04:49.429895563Z Completed job 641d98ec-14b6-49d3-b4bb-e943b802eda9
2026-04-06T16:04:49.432850231Z Processing job d88d2c1d-419e-4180-ac91-d3af7bf51f00
2026-04-06T16:04:50.042662266Z Completed job 5ffe0d32-d641-45d2-b8d3-337e23bf3c9a
2026-04-06T16:04:50.043355952Z Processing job b5e4b79f-3b85-4653-8c1a-78220970b25e
2026-04-06T16:04:50.051193643Z Completed job d88d2c1d-419e-4180-ac91-d3af7bf51f00
2026-04-06T16:04:50.058218548Z Processing job 28c3a42b-a05e-4158-9327-db698a86a128
2026-04-06T16:04:50.730303523Z Completed job 28c3a42b-a05e-4158-9327-db698a86a128
2026-04-06T16:04:50.730329196Z Completed job b5e4b79f-3b85-4653-8c1a-78220970b25e
2026-04-06T16:04:50.737707280Z Processing job 82bb5db8-7cdb-4f94-a016-99c925f4156b
2026-04-06T16:04:50.738935704Z Processing job df57b6ac-2afa-4008-b8f4-0b97a4ffc5ae
2026-04-06T16:04:51.434761256Z Completed job 82bb5db8-7cdb-4f94-a016-99c925f4156b
2026-04-06T16:04:51.438151131Z Processing job 4e76a846-a9cb-4392-a8ac-4f8404cc724f
2026-04-06T16:04:51.425164200Z Completed job df57b6ac-2afa-4008-b8f4-0b97a4ffc5ae
2026-04-06T16:04:51.428479260Z Processing job b8e1a994-5140-4a59-8c5d-9287ff4577c9
2026-04-06T16:04:52.049865263Z Completed job b8e1a994-5140-4a59-8c5d-9287ff4577c9
2026-04-06T16:04:52.053685778Z Processing job 7262ed84-70fd-4150-920e-84dc97022bde
2026-04-06T16:04:52.059132606Z Completed job 4e76a846-a9cb-4392-a8ac-4f8404cc724f
2026-04-06T16:04:52.064579014Z Processing job d37f619e-4f88-41a6-b605-636c6d74f00c
2026-04-06T16:04:52.743261791Z Completed job 7262ed84-70fd-4150-920e-84dc97022bde
2026-04-06T16:04:52.747528717Z Completed job d37f619e-4f88-41a6-b605-636c6d74f00c
2026-04-06T16:04:52.747507694Z Processing job da24dbe2-0405-4399-b083-6b74e0d88a0b
2026-04-06T16:04:52.749301343Z Processing job 6b407703-4adb-4de2-9784-068adb078d56
2026-04-06T16:04:53.369564540Z Completed job da24dbe2-0405-4399-b083-6b74e0d88a0b
2026-04-06T16:04:53.371680605Z Processing job 66fde003-6d7b-4b96-b3b5-576e75270cb1
2026-04-06T16:04:53.409678906Z Completed job 6b407703-4adb-4de2-9784-068adb078d56
2026-04-06T16:04:53.410640539Z Processing job c979374f-919b-42d4-ac1b-b07a9eb78e7b
2026-04-06T16:04:54.046030031Z Completed job c979374f-919b-42d4-ac1b-b07a9eb78e7b
2026-04-06T16:04:54.043215416Z Completed job 66fde003-6d7b-4b96-b3b5-576e75270cb1
2026-04-06T16:04:54.050311469Z Processing job f0ce7b27-642c-49d6-8fd0-dcc1b2d38302
2026-04-06T16:04:54.061572461Z Processing job 06832719-d1fd-4baf-af50-76e93e852569
2026-04-06T16:04:54.722663707Z Completed job f0ce7b27-642c-49d6-8fd0-dcc1b2d38302
2026-04-06T16:04:54.719356706Z Completed job 06832719-d1fd-4baf-af50-76e93e852569
2026-04-06T16:04:54.725037836Z Processing job 0414a51f-ce09-4ae0-8334-b693a0e3416c
2026-04-06T16:04:54.722771723Z Processing job dd3fc5b3-c975-4673-b84f-8848ced21902
2026-04-06T16:04:55.377481414Z Completed job 0414a51f-ce09-4ae0-8334-b693a0e3416c
2026-04-06T16:04:55.380574563Z Processing job 540be644-200f-4825-84cd-db679c919d6e
2026-04-06T16:04:55.384686345Z Completed job dd3fc5b3-c975-4673-b84f-8848ced21902
2026-04-06T16:04:55.392521138Z Processing job e4fa5482-2b0a-457a-a84e-afc3b6230f62
2026-04-06T16:04:56.042260099Z Completed job 540be644-200f-4825-84cd-db679c919d6e
2026-04-06T16:04:56.044400695Z Processing job 802084c6-f48f-41fb-b501-3ebada3f7c6e
2026-04-06T16:04:56.046447405Z Completed job e4fa5482-2b0a-457a-a84e-afc3b6230f62
2026-04-06T16:04:56.049617143Z Processing job 4188651e-b25f-4bbe-9f84-359a1c578686
2026-04-06T16:04:56.676725463Z Completed job 4188651e-b25f-4bbe-9f84-359a1c578686
2026-04-06T16:04:56.678395788Z Completed job 802084c6-f48f-41fb-b501-3ebada3f7c6e
2026-04-06T16:04:56.684315135Z Processing job d9394a9b-1eee-4128-b547-87f32092d39e
2026-04-06T16:04:56.681962981Z Processing job 7037ffc8-4c90-41df-9a6c-b276b3f5bd66
2026-04-06T16:04:57.520883559Z Completed job d9394a9b-1eee-4128-b547-87f32092d39e
2026-04-06T16:04:57.524634393Z Processing job 702f23f2-7361-42b7-82df-54b7efc9af07
2026-04-06T16:04:57.561299615Z Completed job 7037ffc8-4c90-41df-9a6c-b276b3f5bd66
2026-04-06T16:04:57.564728285Z Processing job f950da72-d05b-444d-88f9-cb9795c8a0c1
2026-04-06T16:04:58.133812550Z Completed job 702f23f2-7361-42b7-82df-54b7efc9af07
2026-04-06T16:04:58.134948885Z Processing job 7834627f-7165-4cfb-8486-16c337cd8339
2026-04-06T16:04:58.214367631Z Completed job f950da72-d05b-444d-88f9-cb9795c8a0c1
2026-04-06T16:04:58.215365584Z Processing job 6de50033-643f-4516-9235-87029a24be6d
2026-04-06T16:04:58.815836610Z Completed job 7834627f-7165-4cfb-8486-16c337cd8339
2026-04-06T16:04:58.817083128Z Processing job 0ff35fa6-4394-42c9-9c14-8acdd5e53f1e
2026-04-06T16:04:58.847948007Z Completed job 6de50033-643f-4516-9235-87029a24be6d
2026-04-06T16:04:58.849720649Z Processing job ed8a8421-3c7c-4ae1-9e44-01217ec177aa
2026-04-06T16:04:59.518142519Z Completed job 0ff35fa6-4394-42c9-9c14-8acdd5e53f1e
2026-04-06T16:04:59.520914538Z Processing job 7e22f366-967c-4924-9125-e1066efb5bfd
2026-04-06T16:04:59.526511173Z Completed job ed8a8421-3c7c-4ae1-9e44-01217ec177aa
2026-04-06T16:04:59.527540695Z Processing job 407c042e-aa47-48b0-a279-1b8eb0f08924
2026-04-06T16:05:00.191695592Z Completed job 407c042e-aa47-48b0-a279-1b8eb0f08924
2026-04-06T16:05:00.196570269Z Processing job 3d656273-0de7-4f9a-b491-5db6a0737a56
2026-04-06T16:05:00.200448954Z Completed job 7e22f366-967c-4924-9125-e1066efb5bfd
2026-04-06T16:05:00.204163540Z Processing job 0c45b8cd-4f69-48ee-8ae9-781d88ef93d8
2026-04-06T16:05:00.903968976Z Completed job 0c45b8cd-4f69-48ee-8ae9-781d88ef93d8
2026-04-06T16:05:00.905486766Z Processing job 5ae5fa4c-d952-41ce-b7cb-177ab50f216f
2026-04-06T16:05:00.908177201Z Completed job 3d656273-0de7-4f9a-b491-5db6a0737a56
2026-04-06T16:05:00.910665350Z Processing job 9b44784f-157c-48ce-b017-f1a34c725efe
2026-04-06T16:05:01.605184187Z Completed job 5ae5fa4c-d952-41ce-b7cb-177ab50f216f
2026-04-06T16:05:01.607568019Z Completed job 9b44784f-157c-48ce-b017-f1a34c725efe
2026-04-06T16:05:01.607622172Z Processing job 9c8628c6-a798-4dda-9ee7-41a29aa6c53f
2026-04-06T16:05:01.606014987Z Processing job b2f05332-1181-4c10-9a0e-51ac4d76c709
2026-04-06T16:05:02.250789509Z Completed job 9c8628c6-a798-4dda-9ee7-41a29aa6c53f
2026-04-06T16:05:02.251714667Z Processing job fc06f336-e1a6-4f0d-b6db-ff1ffcde9011
2026-04-06T16:05:02.290992037Z Completed job b2f05332-1181-4c10-9a0e-51ac4d76c709
2026-04-06T16:05:02.292614884Z Processing job c39750e4-0093-4a9f-b74a-708fd0964a52
2026-04-06T16:05:02.907177843Z Completed job c39750e4-0093-4a9f-b74a-708fd0964a52
2026-04-06T16:05:02.906293537Z Completed job fc06f336-e1a6-4f0d-b6db-ff1ffcde9011
2026-04-06T16:05:02.913872378Z Processing job 0709a6ae-c100-461b-98be-51188336281f
2026-04-06T16:05:02.912788591Z Processing job a049d413-3b99-40f0-a18b-dd1a4cfe142f
2026-04-06T16:05:03.549318245Z Completed job 0709a6ae-c100-461b-98be-51188336281f
2026-04-06T16:05:03.548964180Z Completed job a049d413-3b99-40f0-a18b-dd1a4cfe142f
2026-04-06T16:05:03.555745796Z Processing job 05d603fa-1cc8-4e99-9e73-6cbe43125e5a
2026-04-06T16:05:03.550721065Z Processing job ca3bd21c-4231-4332-b09f-5b1cab7457e6
2026-04-06T16:05:04.172309822Z Completed job 05d603fa-1cc8-4e99-9e73-6cbe43125e5a
2026-04-06T16:05:04.173061535Z Processing job 56fe6326-5d0f-4861-8273-10b020fddfd7
2026-04-06T16:05:04.182202167Z Completed job ca3bd21c-4231-4332-b09f-5b1cab7457e6
2026-04-06T16:05:04.184342631Z Processing job 02659c6e-9afb-420e-9301-e9f3c0d7242d
2026-04-06T16:05:04.856047990Z Completed job 56fe6326-5d0f-4861-8273-10b020fddfd7
2026-04-06T16:05:04.856679755Z Processing job b37f3f9b-95d9-4aa7-827c-bde2a0af472c
2026-04-06T16:05:04.855767195Z Completed job 02659c6e-9afb-420e-9301-e9f3c0d7242d
2026-04-06T16:05:04.864454671Z Processing job 547ee22b-fc7b-433f-b993-f6150256c000
2026-04-06T16:05:05.587881560Z Completed job b37f3f9b-95d9-4aa7-827c-bde2a0af472c
2026-04-06T16:05:05.592593470Z Processing job b6404ee0-4df7-4841-8600-bd5a777f441d
2026-04-06T16:05:05.593011090Z Completed job 547ee22b-fc7b-433f-b993-f6150256c000
2026-04-06T16:05:05.594796665Z Processing job aa66ec47-a97f-410e-b0c7-d7088dec7906
2026-04-06T16:05:06.269979946Z Completed job b6404ee0-4df7-4841-8600-bd5a777f441d
2026-04-06T16:05:06.272159695Z Processing job 7ac2cbdc-df4f-4456-b33e-db53f4f0b93b
2026-04-06T16:05:06.306361457Z Completed job aa66ec47-a97f-410e-b0c7-d7088dec7906
2026-04-06T16:05:06.306912406Z Processing job c9233d5a-fa2b-4722-be4c-1583114c5520
2026-04-06T16:05:06.935772823Z Completed job 7ac2cbdc-df4f-4456-b33e-db53f4f0b93b
2026-04-06T16:05:06.935768120Z Completed job c9233d5a-fa2b-4722-be4c-1583114c5520
2026-04-06T16:05:06.936492950Z Processing job 981b163d-e38f-4cd7-8d0b-2bc1503b72f9
2026-04-06T16:05:06.943158250Z Processing job f4ece092-b476-499d-9837-2050d825ffcb
2026-04-06T16:05:07.696149993Z Completed job f4ece092-b476-499d-9837-2050d825ffcb
2026-04-06T16:05:07.695957850Z Completed job 981b163d-e38f-4cd7-8d0b-2bc1503b72f9
2026-04-06T16:05:07.702374726Z Processing job f17a04b1-f60f-4369-b8a4-46aa0b56f835
2026-04-06T16:05:07.702374663Z Processing job 38353c9b-78ab-4385-8120-44846c62b5b2
2026-04-06T16:05:08.367648296Z Completed job f17a04b1-f60f-4369-b8a4-46aa0b56f835
2026-04-06T16:05:08.367201443Z Completed job 38353c9b-78ab-4385-8120-44846c62b5b2
2026-04-06T16:05:08.369312837Z Processing job 221b813f-a942-4eae-9e38-8e124fdafa39
2026-04-06T16:05:08.380639535Z Processing job 6a8735a8-1763-42d6-8082-6e3ec76ede56
2026-04-06T16:05:09.021308858Z Completed job 6a8735a8-1763-42d6-8082-6e3ec76ede56
2026-04-06T16:05:09.016616073Z Completed job 221b813f-a942-4eae-9e38-8e124fdafa39
2026-04-06T16:05:09.018937122Z Processing job 01793cd9-fbfb-4b6c-8b72-a93138d2c8f0
2026-04-06T16:05:09.025656753Z Processing job 9447eec9-c2cb-4a2a-b329-7483e560d6fa
2026-04-06T16:05:09.685881540Z Completed job 9447eec9-c2cb-4a2a-b329-7483e560d6fa
2026-04-06T16:05:09.686142849Z Completed job 01793cd9-fbfb-4b6c-8b72-a93138d2c8f0
2026-04-06T16:05:09.692068990Z Processing job 09b6ecfd-8f64-4167-9d98-2c725b705b54
2026-04-06T16:05:09.687609166Z Processing job 2c1103bc-5214-4672-969e-3438bb468f2d
2026-04-06T16:05:10.349675566Z Completed job 09b6ecfd-8f64-4167-9d98-2c725b705b54
2026-04-06T16:05:10.349376072Z Completed job 2c1103bc-5214-4672-969e-3438bb468f2d
2026-04-06T16:05:10.349975589Z Processing job 8d638984-f0c2-4fe4-9fa3-0b49a3b88396
2026-04-06T16:05:10.353526028Z Processing job 82fbfbaf-0875-4108-883c-2f0814b8fbd5
2026-04-06T16:05:11.038606847Z Completed job 8d638984-f0c2-4fe4-9fa3-0b49a3b88396
2026-04-06T16:05:11.041641639Z Processing job 659d78a5-0519-40bb-842d-96ed66a4f048
2026-04-06T16:05:11.075862998Z Completed job 82fbfbaf-0875-4108-883c-2f0814b8fbd5
2026-04-06T16:05:11.077494352Z Processing job 48768006-bc98-4426-b309-1e443b14327b
2026-04-06T16:05:11.717149439Z Completed job 48768006-bc98-4426-b309-1e443b14327b
2026-04-06T16:05:11.716866846Z Completed job 659d78a5-0519-40bb-842d-96ed66a4f048
2026-04-06T16:05:11.721370777Z Processing job 25bdaf77-aced-4210-9e13-2c61236a549c
2026-04-06T16:05:11.723007859Z Processing job b13d07b2-0341-43e5-9000-679053f11499
2026-04-06T16:05:12.394901301Z Completed job 25bdaf77-aced-4210-9e13-2c61236a549c
2026-04-06T16:05:12.394925522Z Processing job c2646abb-dcb2-42c0-9972-50614ccb5543
2026-04-06T16:05:12.394631942Z Completed job b13d07b2-0341-43e5-9000-679053f11499
2026-04-06T16:05:12.395486945Z Processing job ce21a258-fbdf-4814-ba0f-2805eaf90936
2026-04-06T16:05:13.082111054Z Completed job c2646abb-dcb2-42c0-9972-50614ccb5543
2026-04-06T16:05:13.085271732Z Processing job 3f35a17d-0cf5-428b-af90-1254316f4231
2026-04-06T16:05:13.084512337Z Completed job ce21a258-fbdf-4814-ba0f-2805eaf90936
2026-04-06T16:05:13.087922692Z Processing job b9f00127-ad9c-4ba6-9d58-30e6f91b0e70
2026-04-06T16:05:13.710471130Z Completed job 3f35a17d-0cf5-428b-af90-1254316f4231
2026-04-06T16:05:13.715470599Z Completed job b9f00127-ad9c-4ba6-9d58-30e6f91b0e70
2026-04-06T16:05:13.713818872Z Processing job fd008014-620e-48e4-84fe-d49fa1e05024
2026-04-06T16:05:13.718856028Z Processing job 0590f2ca-4593-40b4-9301-5e59b9a656be
2026-04-06T16:05:14.385213853Z Completed job fd008014-620e-48e4-84fe-d49fa1e05024
2026-04-06T16:05:14.389371833Z Processing job 5d82e5d2-f2b7-4ec8-b06d-d5c88a2a157c
2026-04-06T16:05:14.392536699Z Completed job 0590f2ca-4593-40b4-9301-5e59b9a656be
2026-04-06T16:05:14.396509742Z Processing job 3269ac6c-ee0d-4313-a723-e3966f520e63
2026-04-06T16:05:15.099347312Z Completed job 5d82e5d2-f2b7-4ec8-b06d-d5c88a2a157c
2026-04-06T16:05:15.100667225Z Processing job 2c961da6-e32e-4f8b-af6e-d452dfdb2493
2026-04-06T16:05:15.140071708Z Completed job 3269ac6c-ee0d-4313-a723-e3966f520e63
2026-04-06T16:05:15.144604216Z Processing job 8af4f9c1-021f-479c-bf23-66444cffdd84
2026-04-06T16:05:15.738143422Z Completed job 2c961da6-e32e-4f8b-af6e-d452dfdb2493
2026-04-06T16:05:15.740641513Z Processing job 1eef5844-43b9-4841-984b-3138117ba07f
2026-04-06T16:05:15.823991764Z Completed job 8af4f9c1-021f-479c-bf23-66444cffdd84
2026-04-06T16:05:15.826126742Z Processing job caeba1c1-6512-44f5-8394-3699297c4422
2026-04-06T16:05:16.401556644Z Completed job 1eef5844-43b9-4841-984b-3138117ba07f
2026-04-06T16:05:16.404184350Z Processing job 4e3e79b7-3a20-4c55-9902-584587fb6f75
2026-04-06T16:05:16.485872997Z Completed job caeba1c1-6512-44f5-8394-3699297c4422
2026-04-06T16:05:16.487958154Z Processing job a93fcf8c-f4de-4027-9d3a-a6fb7735da35
2026-04-06T16:05:17.128216343Z Completed job 4e3e79b7-3a20-4c55-9902-584587fb6f75
2026-04-06T16:05:17.129222958Z Processing job 23cf522b-0a08-4998-8ba8-967a9551db27
2026-04-06T16:05:17.250477767Z Completed job a93fcf8c-f4de-4027-9d3a-a6fb7735da35
2026-04-06T16:05:17.251844567Z Processing job bece9d7c-2cc0-4e53-9d52-58a337eb5423
2026-04-06T16:05:17.838078804Z Completed job 23cf522b-0a08-4998-8ba8-967a9551db27
2026-04-06T16:05:17.839651679Z Processing job e064e58a-00ce-489e-8ddc-b7848bda30ca
2026-04-06T16:05:17.941982445Z Completed job bece9d7c-2cc0-4e53-9d52-58a337eb5423
2026-04-06T16:05:17.943942035Z Processing job b9baeb36-c18d-411f-bc5a-a97dbeb4d595
2026-04-06T16:05:18.519009357Z Completed job e064e58a-00ce-489e-8ddc-b7848bda30ca
2026-04-06T16:05:18.519397761Z Processing job 15babc27-3deb-4b6a-9019-81417c3dcd08
2026-04-06T16:05:18.585173810Z Completed job b9baeb36-c18d-411f-bc5a-a97dbeb4d595
2026-04-06T16:05:18.586499726Z Processing job 89ffc354-60f7-45b4-b8c0-95b8135add2f
2026-04-06T16:05:19.196012778Z Completed job 15babc27-3deb-4b6a-9019-81417c3dcd08
2026-04-06T16:05:19.198078289Z Processing job 83680c55-385f-48e8-9deb-4ef6f78ba742
2026-04-06T16:05:19.322398577Z Completed job 89ffc354-60f7-45b4-b8c0-95b8135add2f
2026-04-06T16:05:19.368593252Z Processing job 3642cfaa-e195-43a6-bed9-6429f29e2e69
2026-04-06T16:05:19.907604003Z Completed job 83680c55-385f-48e8-9deb-4ef6f78ba742
2026-04-06T16:05:19.908515218Z Processing job 68ff2db1-1e24-4f61-bda5-1975e0429b66
2026-04-06T16:05:20.040092483Z Completed job 3642cfaa-e195-43a6-bed9-6429f29e2e69
2026-04-06T16:05:20.042425262Z Processing job 995b84f9-604f-4a37-bb7c-8f82961c6ff0
2026-04-06T16:05:20.588923013Z Completed job 68ff2db1-1e24-4f61-bda5-1975e0429b66
2026-04-06T16:05:20.592934333Z Processing job 1405aeac-f8a0-49c3-9553-40d7bdb872b6
2026-04-06T16:05:20.738783602Z Completed job 995b84f9-604f-4a37-bb7c-8f82961c6ff0
2026-04-06T16:05:20.741710386Z Processing job 1eb5937a-7340-4248-a832-839317d7293d
2026-04-06T16:05:21.257004314Z Completed job 1405aeac-f8a0-49c3-9553-40d7bdb872b6
2026-04-06T16:05:21.257704858Z Processing job f350ba4a-bedb-4964-abd6-b89e9638877e
2026-04-06T16:05:21.408436086Z Completed job 1eb5937a-7340-4248-a832-839317d7293d
2026-04-06T16:05:21.408828000Z Processing job 7942b25c-be1d-4041-92dd-a5acab4f35db
2026-04-06T16:05:21.891659693Z Completed job f350ba4a-bedb-4964-abd6-b89e9638877e
2026-04-06T16:05:21.895861664Z Processing job 76f9988c-4d98-4980-9819-84d0615fbf8a
2026-04-06T16:05:22.160311800Z Completed job 7942b25c-be1d-4041-92dd-a5acab4f35db
2026-04-06T16:05:22.161287117Z Processing job 351a3981-bb59-4497-b968-0e04b0373b20
2026-04-06T16:05:22.676568768Z Completed job 76f9988c-4d98-4980-9819-84d0615fbf8a
2026-04-06T16:05:22.677498016Z Processing job e76b46f2-9147-477d-a232-6e554c3224eb
2026-04-06T16:05:22.847072870Z Completed job 351a3981-bb59-4497-b968-0e04b0373b20
2026-04-06T16:05:22.848807029Z Processing job 06b6703c-9927-46b5-b7a7-cf797e0654a4
2026-04-06T16:05:23.271945897Z Completed job e76b46f2-9147-477d-a232-6e554c3224eb
2026-04-06T16:05:23.273147364Z Processing job c2f2480c-699f-4612-8cd2-92bcb491203c
2026-04-06T16:05:23.483321545Z Completed job 06b6703c-9927-46b5-b7a7-cf797e0654a4
2026-04-06T16:05:23.484929981Z Processing job e3fdd87e-c0b5-4b02-8c81-b2fe1dffaf84
2026-04-06T16:05:23.984523892Z Completed job c2f2480c-699f-4612-8cd2-92bcb491203c
2026-04-06T16:05:23.985027118Z Processing job 69261f26-de35-4bf2-b9c3-c6a360ed9b76
2026-04-06T16:05:24.242804839Z Completed job e3fdd87e-c0b5-4b02-8c81-b2fe1dffaf84
2026-04-06T16:05:24.244744276Z Processing job 95453cbc-da7c-41be-8e71-72c5ebd9ba29
2026-04-06T16:05:24.685022613Z Completed job 69261f26-de35-4bf2-b9c3-c6a360ed9b76
2026-04-06T16:05:24.686719934Z Processing job 944f0508-31ba-4d47-bc8a-a8b05e717abc
2026-04-06T16:05:24.932282557Z Completed job 95453cbc-da7c-41be-8e71-72c5ebd9ba29
2026-04-06T16:05:24.932933449Z Processing job ac3e5f10-d85d-4e97-89b7-591278b92427
2026-04-06T16:05:25.366824310Z Completed job 944f0508-31ba-4d47-bc8a-a8b05e717abc
2026-04-06T16:05:25.368236513Z Processing job ef4f31b7-e87b-4a7e-9563-9b093702d395
2026-04-06T16:05:25.615632313Z Completed job ac3e5f10-d85d-4e97-89b7-591278b92427
2026-04-06T16:05:25.616955533Z Processing job e0ba3ecd-04f0-4ca2-8576-df7697b2c325
2026-04-06T16:05:26.051349214Z Completed job ef4f31b7-e87b-4a7e-9563-9b093702d395
2026-04-06T16:05:26.053529446Z Processing job f2594d7c-a992-47db-85b0-e002fc7a0437
2026-04-06T16:05:26.288943874Z Completed job e0ba3ecd-04f0-4ca2-8576-df7697b2c325
2026-04-06T16:05:26.290207489Z Processing job 36d9f9cc-6bed-44a4-a7f4-7f314c7d7913
2026-04-06T16:05:26.712849017Z Completed job f2594d7c-a992-47db-85b0-e002fc7a0437
2026-04-06T16:05:26.715004715Z Processing job 3691fe3e-2015-47a7-9b5b-2b8855218b7d
2026-04-06T16:05:27.047257282Z Completed job 36d9f9cc-6bed-44a4-a7f4-7f314c7d7913
2026-04-06T16:05:27.052728737Z Processing job 6b5c6786-c09d-4b7b-bf42-e2cd13fd2da0
2026-04-06T16:05:27.557107655Z Completed job 3691fe3e-2015-47a7-9b5b-2b8855218b7d
2026-04-06T16:05:27.560499737Z Processing job ea1a8b10-e9f9-43aa-b84b-2bebff07fac7
2026-04-06T16:05:27.827006457Z Completed job 6b5c6786-c09d-4b7b-bf42-e2cd13fd2da0
2026-04-06T16:05:27.829204547Z Processing job 99ba5524-7a0f-4573-8b5a-a123f3b41eac
2026-04-06T16:05:28.205503914Z Completed job ea1a8b10-e9f9-43aa-b84b-2bebff07fac7
2026-04-06T16:05:28.206701923Z Processing job 8daa3889-da4b-4f5c-a92b-fdd9087c3792
2026-04-06T16:05:28.501913084Z Completed job 99ba5524-7a0f-4573-8b5a-a123f3b41eac
2026-04-06T16:05:28.504546004Z Processing job 75c44da5-eb5d-44b6-b7f2-c0e0130a6cdc
2026-04-06T16:05:28.906095361Z Completed job 8daa3889-da4b-4f5c-a92b-fdd9087c3792
2026-04-06T16:05:28.907089391Z Processing job 6bc26db4-d11a-4a44-a917-a7ae07897bda
2026-04-06T16:05:29.170501543Z Completed job 75c44da5-eb5d-44b6-b7f2-c0e0130a6cdc
2026-04-06T16:05:29.172180299Z Processing job 42883b2d-8f8b-4088-ac29-ee1fb2944154
2026-04-06T16:05:29.601649659Z Completed job 6bc26db4-d11a-4a44-a917-a7ae07897bda
2026-04-06T16:05:29.602849656Z Processing job a1430372-c36b-4115-af00-ff716c2ccb04
2026-04-06T16:05:29.910771118Z Completed job 42883b2d-8f8b-4088-ac29-ee1fb2944154
2026-04-06T16:05:29.912656270Z Processing job c7298e43-001d-41de-9a61-73c265d77489
2026-04-06T16:05:30.270924155Z Completed job a1430372-c36b-4115-af00-ff716c2ccb04
2026-04-06T16:05:30.272682317Z Processing job e9844886-74f1-4ed1-a8aa-7370c47e35c3
2026-04-06T16:05:30.583077066Z Completed job c7298e43-001d-41de-9a61-73c265d77489
2026-04-06T16:05:30.584989386Z Processing job 4a7962bf-7078-4b7e-853c-3fc12e16f8cf
2026-04-06T16:05:30.981978343Z Completed job e9844886-74f1-4ed1-a8aa-7370c47e35c3
2026-04-06T16:05:30.983724971Z Processing job 75090299-7468-4954-837e-9e7c28c0f1a1
2026-04-06T16:05:31.278222848Z Completed job 4a7962bf-7078-4b7e-853c-3fc12e16f8cf
2026-04-06T16:05:31.279044459Z Processing job 3f4381c5-bb9e-4e18-afad-98527a7db3cb
2026-04-06T16:05:31.638658006Z Completed job 75090299-7468-4954-837e-9e7c28c0f1a1
2026-04-06T16:05:31.642630311Z Processing job 28ceccf2-cf0b-4561-bdbf-1dc3e8a612dc
2026-04-06T16:05:31.886980251Z Completed job 3f4381c5-bb9e-4e18-afad-98527a7db3cb
2026-04-06T16:05:31.888959151Z Processing job 29980653-0fda-4d20-b1d8-b301bd3156c0
2026-04-06T16:05:32.316629743Z Completed job 28ceccf2-cf0b-4561-bdbf-1dc3e8a612dc
2026-04-06T16:05:32.317927660Z Processing job cf4dd5fb-70c9-458b-8cce-cde7d11ae141
2026-04-06T16:05:32.528782012Z Completed job 29980653-0fda-4d20-b1d8-b301bd3156c0
2026-04-06T16:05:32.528890068Z Processing job 63ec69d0-e448-4cf2-af8f-1b60f0fa5b4e
2026-04-06T16:05:32.956270324Z Completed job cf4dd5fb-70c9-458b-8cce-cde7d11ae141
2026-04-06T16:05:32.957965818Z Processing job 514b8219-dcb0-4086-845f-97e3327dbe18
2026-04-06T16:05:33.208912124Z Completed job 63ec69d0-e448-4cf2-af8f-1b60f0fa5b4e
2026-04-06T16:05:33.210192579Z Processing job b1053858-5d16-48c0-bde2-babeda9814a9
2026-04-06T16:05:33.621137348Z Completed job 514b8219-dcb0-4086-845f-97e3327dbe18
2026-04-06T16:05:33.623936301Z Processing job 561f98a5-0913-4088-8366-9c624f3e10f1
2026-04-06T16:05:33.847140322Z Completed job b1053858-5d16-48c0-bde2-babeda9814a9
2026-04-06T16:05:33.850715405Z Processing job 2b2ce156-0dfe-45ee-8bb3-e1f9c2e6ae2a
2026-04-06T16:05:34.225686624Z Completed job 561f98a5-0913-4088-8366-9c624f3e10f1
2026-04-06T16:05:34.226231658Z Processing job dc4d168f-975c-427b-98b0-8d742df0a7f5
2026-04-06T16:05:34.474573979Z Completed job 2b2ce156-0dfe-45ee-8bb3-e1f9c2e6ae2a
2026-04-06T16:05:34.477487812Z Processing job cab4d8a5-55b8-415c-8b6d-408941c88559
2026-04-06T16:05:34.883500303Z Completed job dc4d168f-975c-427b-98b0-8d742df0a7f5
2026-04-06T16:05:34.883715826Z Processing job e731ea6c-51f8-41d8-bfee-a9e690ad519b
2026-04-06T16:05:35.153522124Z Completed job cab4d8a5-55b8-415c-8b6d-408941c88559
2026-04-06T16:05:35.155791463Z Processing job bf88ed62-6161-4c1b-bdfb-0e9e0f4ddaeb
2026-04-06T16:05:35.568857706Z Completed job e731ea6c-51f8-41d8-bfee-a9e690ad519b
2026-04-06T16:05:35.569590167Z Processing job b326c779-0b74-483f-b236-b5436766dff8
2026-04-06T16:05:35.820590306Z Completed job bf88ed62-6161-4c1b-bdfb-0e9e0f4ddaeb
2026-04-06T16:05:35.822555078Z Processing job daffa15b-d5cf-4b2d-94c8-512a5e8bdb44
2026-04-06T16:05:36.271289750Z Completed job b326c779-0b74-483f-b236-b5436766dff8
2026-04-06T16:05:36.271915170Z Processing job 34b73b43-cc7f-45be-9e9e-84404186a899
2026-04-06T16:05:36.510780518Z Completed job daffa15b-d5cf-4b2d-94c8-512a5e8bdb44
2026-04-06T16:05:36.511967089Z Processing job 9bf2279c-3fc1-47e7-b123-91e196b018ed
2026-04-06T16:05:36.963628791Z Completed job 34b73b43-cc7f-45be-9e9e-84404186a899
2026-04-06T16:05:36.964148589Z Processing job 0f618203-b373-4b8c-9b87-9b075ace7322
2026-04-06T16:05:37.286908314Z Completed job 9bf2279c-3fc1-47e7-b123-91e196b018ed
2026-04-06T16:05:37.289393023Z Processing job 3739a54c-c3e7-46ab-9bb9-944b43e6aeef
2026-04-06T16:05:37.759886358Z Completed job 0f618203-b373-4b8c-9b87-9b075ace7322
2026-04-06T16:05:37.760536045Z Processing job 4f872dcf-acbd-4f3b-81ef-40b349249b21
2026-04-06T16:05:37.978452549Z Completed job 3739a54c-c3e7-46ab-9bb9-944b43e6aeef
2026-04-06T16:05:37.982144606Z Processing job b63fe1d8-4ba8-42fb-8b7e-a027d86b78b1
2026-04-06T16:05:38.418866921Z Completed job 4f872dcf-acbd-4f3b-81ef-40b349249b21
2026-04-06T16:05:38.420763597Z Processing job 1135f300-a41b-4c31-a30a-e2fba54e0448
2026-04-06T16:05:38.671775399Z Completed job b63fe1d8-4ba8-42fb-8b7e-a027d86b78b1
2026-04-06T16:05:38.672628086Z Processing job d64ef96e-c7b8-4846-a6be-50e54603046a
2026-04-06T16:05:39.073155536Z Completed job 1135f300-a41b-4c31-a30a-e2fba54e0448
2026-04-06T16:05:39.075634805Z Processing job 520b959a-0e52-4d43-a28f-be51d0af1658
2026-04-06T16:05:39.323751913Z Completed job d64ef96e-c7b8-4846-a6be-50e54603046a
2026-04-06T16:05:39.327912451Z Processing job a06fae5b-3dd6-4228-b9d8-ae29ae941d52
2026-04-06T16:05:39.722130879Z Completed job 520b959a-0e52-4d43-a28f-be51d0af1658
2026-04-06T16:05:39.723479024Z Processing job d37fb361-fbb0-465f-b1d6-a87cc5614906
2026-04-06T16:05:39.964537042Z Completed job a06fae5b-3dd6-4228-b9d8-ae29ae941d52
2026-04-06T16:05:39.965979548Z Processing job 777a1964-1044-482c-9ea0-f9753ec9d8b0
2026-04-06T16:05:40.401721895Z Completed job d37fb361-fbb0-465f-b1d6-a87cc5614906
2026-04-06T16:05:40.403753535Z Processing job d259e99b-9de7-43f8-bbe2-da22d44609b4
2026-04-06T16:05:40.660248307Z Completed job 777a1964-1044-482c-9ea0-f9753ec9d8b0
2026-04-06T16:05:40.662877845Z Processing job 4dc4b09a-6a4f-4393-8b3d-b9d04d1661ed
2026-04-06T16:05:41.053337925Z Completed job d259e99b-9de7-43f8-bbe2-da22d44609b4
2026-04-06T16:05:41.054929887Z Processing job ad1f267f-e684-49c6-9daf-4b1d9350594f
2026-04-06T16:05:41.325072031Z Completed job 4dc4b09a-6a4f-4393-8b3d-b9d04d1661ed
2026-04-06T16:05:41.328112658Z Processing job 652af72d-7480-4a0c-a2b3-c67e1ee41d1e
2026-04-06T16:05:41.663666339Z Completed job ad1f267f-e684-49c6-9daf-4b1d9350594f
2026-04-06T16:05:41.666545303Z Processing job 35250fbe-5ca7-4f3e-a214-663c33f2ad52
2026-04-06T16:05:41.995119670Z Completed job 652af72d-7480-4a0c-a2b3-c67e1ee41d1e
2026-04-06T16:05:41.998371057Z Processing job fd983a94-b1f0-4cb9-96ae-a79e74300363
2026-04-06T16:05:42.338615104Z Completed job 35250fbe-5ca7-4f3e-a214-663c33f2ad52
2026-04-06T16:05:42.341241489Z Processing job 17f26df6-a1a4-4795-a578-24d98279176a
2026-04-06T16:05:42.635974960Z Completed job fd983a94-b1f0-4cb9-96ae-a79e74300363
2026-04-06T16:05:42.637663512Z Processing job 3e7fc72f-8b09-44b4-9455-0d439998eafa
2026-04-06T16:05:42.992471820Z Completed job 17f26df6-a1a4-4795-a578-24d98279176a
2026-04-06T16:05:42.993176842Z Processing job faea8409-a5b6-4535-9aa3-b56d9b7064b5
2026-04-06T16:05:43.313739357Z Completed job 3e7fc72f-8b09-44b4-9455-0d439998eafa
2026-04-06T16:05:43.317031946Z Processing job e7580bc2-7a81-465d-8450-9cfff8548842
2026-04-06T16:05:43.659624148Z Completed job faea8409-a5b6-4535-9aa3-b56d9b7064b5
2026-04-06T16:05:43.661329085Z Processing job eadd695b-fcc5-45a0-8341-ddd5d2ae9a28
2026-04-06T16:05:43.978535668Z Completed job e7580bc2-7a81-465d-8450-9cfff8548842
2026-04-06T16:05:43.979208632Z Processing job 4178fbb2-1ab8-4f09-8db5-c73d079e25a7
2026-04-06T16:05:44.272268298Z Completed job eadd695b-fcc5-45a0-8341-ddd5d2ae9a28
2026-04-06T16:05:44.273746921Z Processing job 899a7dee-cd8a-4dc8-b066-f71fdce3ca87
2026-04-06T16:05:44.679193722Z Completed job 4178fbb2-1ab8-4f09-8db5-c73d079e25a7
2026-04-06T16:05:44.681467573Z Processing job 5a696c92-1234-4247-ac96-1c0b0a5018e9
2026-04-06T16:05:44.956134484Z Completed job 899a7dee-cd8a-4dc8-b066-f71fdce3ca87
2026-04-06T16:05:44.957461251Z Processing job 12b75ea3-f1fd-47c9-a829-79d2e541ca80
2026-04-06T16:05:45.352144131Z Completed job 5a696c92-1234-4247-ac96-1c0b0a5018e9
2026-04-06T16:05:45.353776006Z Processing job 7cd2faf8-9240-4605-8edc-a65cba4cc17d
2026-04-06T16:05:45.662468359Z Completed job 12b75ea3-f1fd-47c9-a829-79d2e541ca80
2026-04-06T16:05:45.664546597Z Processing job b9937ff6-927d-438f-a310-1b2bb686a6e0
2026-04-06T16:05:46.030532229Z Completed job 7cd2faf8-9240-4605-8edc-a65cba4cc17d
2026-04-06T16:05:46.032845602Z Processing job 6433b5bb-bb66-4f74-a2b7-457d02fa0e68
2026-04-06T16:05:46.331645658Z Completed job b9937ff6-927d-438f-a310-1b2bb686a6e0
2026-04-06T16:05:46.332279458Z Processing job c99ad407-34fb-434f-bf90-6ad582b1af3d
2026-04-06T16:05:46.633480636Z Completed job 6433b5bb-bb66-4f74-a2b7-457d02fa0e68
2026-04-06T16:05:46.634640842Z Processing job 28094333-1aff-4c33-8a6f-9794c24b97e6
2026-04-06T16:05:47.002304387Z Completed job c99ad407-34fb-434f-bf90-6ad582b1af3d
2026-04-06T16:05:47.004087372Z Processing job 4ae24bad-2ef8-422e-8415-c8417e13fc57
2026-04-06T16:05:47.466529659Z Completed job 28094333-1aff-4c33-8a6f-9794c24b97e6
2026-04-06T16:05:47.467923479Z Processing job fa3215bc-d53c-4ef9-b24e-c29cc6d9aee5
2026-04-06T16:05:47.804872060Z Completed job 4ae24bad-2ef8-422e-8415-c8417e13fc57
2026-04-06T16:05:47.810339940Z Processing job b9eb75e7-7583-4f3b-80c3-a324ed334d72
2026-04-06T16:05:48.144458079Z Completed job fa3215bc-d53c-4ef9-b24e-c29cc6d9aee5
2026-04-06T16:05:48.146012142Z Processing job c7fe3fa7-94b2-4c3a-94f9-c25550d061bb
2026-04-06T16:05:48.478995847Z Completed job b9eb75e7-7583-4f3b-80c3-a324ed334d72
2026-04-06T16:05:48.480192751Z Processing job 7681398b-d1f9-4b13-b782-aa2d66796412
2026-04-06T16:05:48.831734339Z Completed job c7fe3fa7-94b2-4c3a-94f9-c25550d061bb
2026-04-06T16:05:48.842026758Z Processing job 602107b4-d6ba-4e67-8667-6a598492dbc3
2026-04-06T16:05:49.133596666Z Completed job 7681398b-d1f9-4b13-b782-aa2d66796412
2026-04-06T16:05:49.136157914Z Processing job 93c75f19-c91a-4a66-b94b-06d9da860e1c
2026-04-06T16:05:49.520984850Z Completed job 602107b4-d6ba-4e67-8667-6a598492dbc3
2026-04-06T16:05:49.521959996Z Processing job 350225a6-d2a1-4e38-8b16-95728fd71990
2026-04-06T16:05:49.747878512Z Completed job 93c75f19-c91a-4a66-b94b-06d9da860e1c
2026-04-06T16:05:49.750694967Z Processing job b177f456-e92b-4d43-8dce-19b06dc48c85
2026-04-06T16:05:50.162057185Z Completed job 350225a6-d2a1-4e38-8b16-95728fd71990
2026-04-06T16:05:50.164933323Z Processing job 760029db-8e00-41e6-b446-06262b0b859b
2026-04-06T16:05:50.420601358Z Completed job b177f456-e92b-4d43-8dce-19b06dc48c85
2026-04-06T16:05:50.421178466Z Processing job 6925f255-2118-4aa0-94fa-e0b7ce18dfeb
2026-04-06T16:05:50.860196982Z Completed job 760029db-8e00-41e6-b446-06262b0b859b
2026-04-06T16:05:50.861861625Z Processing job 082eb71d-ec68-4f13-b7dc-1ad8c0f3f3b1
2026-04-06T16:05:51.084555027Z Completed job 6925f255-2118-4aa0-94fa-e0b7ce18dfeb
2026-04-06T16:05:51.086083572Z Processing job 1a2f1356-c9f2-4ea2-84a9-ce7d8f866e8e
2026-04-06T16:05:51.506553377Z Completed job 082eb71d-ec68-4f13-b7dc-1ad8c0f3f3b1
2026-04-06T16:05:51.507768882Z Processing job c2fdb5d4-7efa-410d-9043-dc038b7cabc4
2026-04-06T16:05:51.728935300Z Completed job 1a2f1356-c9f2-4ea2-84a9-ce7d8f866e8e
2026-04-06T16:05:51.730897601Z Processing job 0d0256cf-3c85-4da9-9963-a58650128d8e
2026-04-06T16:05:52.104248911Z Completed job c2fdb5d4-7efa-410d-9043-dc038b7cabc4
2026-04-06T16:05:52.105948023Z Processing job 6c596571-187a-4137-b0ad-e1961a086e55
2026-04-06T16:05:52.330302720Z Completed job 0d0256cf-3c85-4da9-9963-a58650128d8e
2026-04-06T16:05:52.332519809Z Processing job 97443835-d138-4249-a255-e058a3fc8b0a
2026-04-06T16:05:52.756819212Z Completed job 6c596571-187a-4137-b0ad-e1961a086e55
2026-04-06T16:05:52.758506108Z Processing job 5d59323d-55de-4b19-8056-f774ffb54754
2026-04-06T16:05:52.972326726Z Completed job 97443835-d138-4249-a255-e058a3fc8b0a
2026-04-06T16:05:52.974362131Z Processing job 334d078d-75aa-4fae-83df-e594f3237146
2026-04-06T16:05:53.403317920Z Completed job 5d59323d-55de-4b19-8056-f774ffb54754
2026-04-06T16:05:53.403984490Z Processing job 77ff3ba3-3c35-49ad-b0b9-83ee0338197b
2026-04-06T16:05:53.652066153Z Completed job 334d078d-75aa-4fae-83df-e594f3237146
2026-04-06T16:05:53.655435933Z Processing job c96a2d8b-ff50-4543-b110-cec31b3bcc6d
2026-04-06T16:05:54.105097081Z Completed job 77ff3ba3-3c35-49ad-b0b9-83ee0338197b
2026-04-06T16:05:54.113332709Z Processing job 150e05ee-9bb3-4742-b9cb-dc26e6007b6c
2026-04-06T16:05:54.321576562Z Completed job c96a2d8b-ff50-4543-b110-cec31b3bcc6d
2026-04-06T16:05:54.324213821Z Processing job ec34a0ac-d44a-4182-a4d1-59568cd8a216
2026-04-06T16:05:54.763708021Z Completed job 150e05ee-9bb3-4742-b9cb-dc26e6007b6c
2026-04-06T16:05:54.766566759Z Processing job 10d35086-9228-4090-8d2c-04e1215b847c
2026-04-06T16:05:55.020097909Z Completed job ec34a0ac-d44a-4182-a4d1-59568cd8a216
2026-04-06T16:05:55.022832776Z Processing job e8461486-3609-47da-a212-29c5aa94d638
2026-04-06T16:05:55.429688572Z Completed job 10d35086-9228-4090-8d2c-04e1215b847c
2026-04-06T16:05:55.433251673Z Processing job c63da106-0e9d-41db-8ac1-71402f997f09
2026-04-06T16:05:55.724581774Z Completed job e8461486-3609-47da-a212-29c5aa94d638
2026-04-06T16:05:55.725632986Z Processing job a582ca3e-a048-43be-8dd1-5df8c3b243e7
2026-04-06T16:05:56.083997515Z Completed job c63da106-0e9d-41db-8ac1-71402f997f09
2026-04-06T16:05:56.084174330Z Processing job b6b02ebf-29be-4a23-9895-ce1c2ff1ac0b
2026-04-06T16:05:56.336088332Z Completed job a582ca3e-a048-43be-8dd1-5df8c3b243e7
2026-04-06T16:05:56.340349172Z Processing job 84f9389f-2671-4715-88a6-dbdaaa6aff1d
2026-04-06T16:05:56.676219882Z Completed job b6b02ebf-29be-4a23-9895-ce1c2ff1ac0b
2026-04-06T16:05:56.677135719Z Processing job 89b4a794-8cf7-44eb-a5e8-70436b7b016b
2026-04-06T16:05:57.019667960Z Completed job 84f9389f-2671-4715-88a6-dbdaaa6aff1d
2026-04-06T16:05:57.021495565Z Processing job 57b929e3-298d-4cd4-88e1-6f90160d4824
2026-04-06T16:05:57.470847256Z Completed job 89b4a794-8cf7-44eb-a5e8-70436b7b016b
2026-04-06T16:05:57.474490774Z Processing job b7a691d9-092d-4f32-9a3e-96a5885d684d
2026-04-06T16:05:57.773970378Z Completed job 57b929e3-298d-4cd4-88e1-6f90160d4824
2026-04-06T16:05:57.778380119Z Processing job 903418fa-abd6-4c70-867d-31b55c7e9eb5
2026-04-06T16:05:58.135243377Z Completed job b7a691d9-092d-4f32-9a3e-96a5885d684d
2026-04-06T16:05:58.136025503Z Processing job 381ff078-ed46-4de6-991d-28592e005c76
2026-04-06T16:05:58.459802798Z Completed job 903418fa-abd6-4c70-867d-31b55c7e9eb5
2026-04-06T16:05:58.462512981Z Processing job 41543822-4800-4eb7-8801-4e1fe556f241
2026-04-06T16:05:58.747139654Z Completed job 381ff078-ed46-4de6-991d-28592e005c76
2026-04-06T16:05:58.748835601Z Processing job 6863bce2-5fcf-4661-bc5c-d65fc451dade
2026-04-06T16:05:59.072667378Z Completed job 41543822-4800-4eb7-8801-4e1fe556f241
2026-04-06T16:05:59.074539622Z Processing job 06d217f0-62a2-463f-9e8a-95c39a8f638c
2026-04-06T16:05:59.432850039Z Completed job 6863bce2-5fcf-4661-bc5c-d65fc451dade
2026-04-06T16:05:59.434135560Z Processing job 2f6a0ae8-1dad-441a-ac26-f730f274ad05
2026-04-06T16:05:59.768629108Z Completed job 06d217f0-62a2-463f-9e8a-95c39a8f638c
2026-04-06T16:05:59.769849821Z Processing job 0148412d-2046-44e3-9cea-e1a813d9fa73
2026-04-06T16:06:00.114267475Z Completed job 2f6a0ae8-1dad-441a-ac26-f730f274ad05
2026-04-06T16:06:00.115188980Z Processing job 12339d6e-d0ab-4831-971f-8080469afcf7
2026-04-06T16:06:00.476758673Z Completed job 0148412d-2046-44e3-9cea-e1a813d9fa73
2026-04-06T16:06:00.481586415Z Processing job 46ca36a9-1553-4363-8b5c-df0c38a280a6
2026-04-06T16:06:00.820884243Z Completed job 12339d6e-d0ab-4831-971f-8080469afcf7
2026-04-06T16:06:00.824279606Z Processing job 94ff6b1c-ff67-42e0-9127-df9655e6c3fe
2026-04-06T16:06:01.156944661Z Completed job 46ca36a9-1553-4363-8b5c-df0c38a280a6
2026-04-06T16:06:01.158521306Z Processing job 1da7dee7-bdb8-4c1a-96a6-324dc87e8211
2026-04-06T16:06:01.565092718Z Completed job 94ff6b1c-ff67-42e0-9127-df9655e6c3fe
2026-04-06T16:06:01.565185791Z Processing job f095494d-c6a9-4c41-998d-ffd1f4732b16
2026-04-06T16:06:01.841882713Z Completed job 1da7dee7-bdb8-4c1a-96a6-324dc87e8211
2026-04-06T16:06:01.842493036Z Processing job 11dc3e0f-d6d4-4686-a783-19a84b0b23fc
2026-04-06T16:06:02.278111944Z Completed job f095494d-c6a9-4c41-998d-ffd1f4732b16
2026-04-06T16:06:02.278961645Z Processing job 643fb204-a0df-4664-b7d6-e538ea64fc3f
2026-04-06T16:06:02.567647622Z Completed job 11dc3e0f-d6d4-4686-a783-19a84b0b23fc
2026-04-06T16:06:02.568484285Z Processing job 8c67d7c4-c79e-4718-8ae6-7a7c721ee1a6
2026-04-06T16:06:02.920647645Z Completed job 643fb204-a0df-4664-b7d6-e538ea64fc3f
2026-04-06T16:06:02.923094982Z Processing job b5a8a8fa-d072-4370-8a99-244ecece7cfc
2026-04-06T16:06:03.164961307Z Completed job 8c67d7c4-c79e-4718-8ae6-7a7c721ee1a6
2026-04-06T16:06:03.168135386Z Processing job f8ad0dac-677d-44c9-aca7-08a7128a0da2
2026-04-06T16:06:03.514357093Z Completed job b5a8a8fa-d072-4370-8a99-244ecece7cfc
2026-04-06T16:06:03.515551294Z Processing job bd2a61f8-69ed-438f-992d-584a92a0b8e6
2026-04-06T16:06:03.833393458Z Completed job f8ad0dac-677d-44c9-aca7-08a7128a0da2
2026-04-06T16:06:03.835208604Z Processing job 98ac11bb-b2dd-4299-af5e-92bbf5808028
2026-04-06T16:06:04.155256016Z Completed job bd2a61f8-69ed-438f-992d-584a92a0b8e6
2026-04-06T16:06:04.160609883Z Processing job 56870ef8-2e8d-42fe-a2e9-8bbc8fe1cae1
2026-04-06T16:06:04.468032232Z Completed job 98ac11bb-b2dd-4299-af5e-92bbf5808028
2026-04-06T16:06:04.469389747Z Processing job e564c43f-0ca1-477b-a62d-4b356f365330
2026-04-06T16:06:04.863544905Z Completed job 56870ef8-2e8d-42fe-a2e9-8bbc8fe1cae1
2026-04-06T16:06:04.867629791Z Processing job 378d3832-8226-4f1f-a778-412a24beccc0
2026-04-06T16:06:05.136052015Z Completed job e564c43f-0ca1-477b-a62d-4b356f365330
2026-04-06T16:06:05.137088477Z Processing job c53851bc-8f31-4e50-9ddc-4e859f908e4f
2026-04-06T16:06:05.560848363Z Completed job 378d3832-8226-4f1f-a778-412a24beccc0
2026-04-06T16:06:05.562581715Z Processing job 80a0892f-5364-4c19-947f-2e8197d9459d
2026-04-06T16:06:05.862160087Z Completed job c53851bc-8f31-4e50-9ddc-4e859f908e4f
2026-04-06T16:06:05.863897313Z Processing job 0b163571-0822-4b69-87a9-416965ca9398
2026-04-06T16:06:06.216320925Z Completed job 80a0892f-5364-4c19-947f-2e8197d9459d
2026-04-06T16:06:06.218925928Z Processing job a473eac1-21c8-4307-ac7d-6e9ba136c3ab
2026-04-06T16:06:06.503659079Z Completed job 0b163571-0822-4b69-87a9-416965ca9398
2026-04-06T16:06:06.504727926Z Processing job 8e8c82ea-2af2-4156-a6a5-8c96d869aa10
2026-04-06T16:06:06.895914509Z Completed job a473eac1-21c8-4307-ac7d-6e9ba136c3ab
2026-04-06T16:06:06.897940116Z Processing job c7e50470-9bd6-4ff0-aad8-d0f23b92e5aa
2026-04-06T16:06:07.285721392Z Completed job 8e8c82ea-2af2-4156-a6a5-8c96d869aa10
2026-04-06T16:06:07.287753846Z Processing job 62d6ade1-70a6-4f00-a9d9-cd6e6a96f444
2026-04-06T16:06:07.668201889Z Completed job c7e50470-9bd6-4ff0-aad8-d0f23b92e5aa
2026-04-06T16:06:07.669189466Z Processing job f24ec47f-e891-423c-8cfe-52d5ff31386c
2026-04-06T16:06:07.949221568Z Completed job 62d6ade1-70a6-4f00-a9d9-cd6e6a96f444
2026-04-06T16:06:07.951500443Z Processing job cbe36836-1cba-46f5-9c2a-03b516f42baa
2026-04-06T16:06:08.420277161Z Completed job f24ec47f-e891-423c-8cfe-52d5ff31386c
2026-04-06T16:06:08.421681028Z Processing job 419b8b97-8e40-4b78-8453-a8a1583bd33a
2026-04-06T16:06:08.754090570Z Completed job cbe36836-1cba-46f5-9c2a-03b516f42baa
2026-04-06T16:06:08.755149190Z Processing job 082bd0e0-e24c-4f96-9473-a743cb6c4956
2026-04-06T16:06:09.137645700Z Completed job 419b8b97-8e40-4b78-8453-a8a1583bd33a
2026-04-06T16:06:09.139037586Z Processing job ada312d5-543c-48ab-b11a-913fb63af947
2026-04-06T16:06:09.443893723Z Completed job 082bd0e0-e24c-4f96-9473-a743cb6c4956
2026-04-06T16:06:09.444328420Z Processing job e65e4fc6-f78f-45e2-bdb3-26da2d9ed7c5
2026-04-06T16:06:09.854196995Z Completed job ada312d5-543c-48ab-b11a-913fb63af947
2026-04-06T16:06:09.856260978Z Processing job 9f1bdeb0-d77c-48dd-9d46-b0ab1d1bf1b1
2026-04-06T16:06:10.081097294Z Completed job e65e4fc6-f78f-45e2-bdb3-26da2d9ed7c5
2026-04-06T16:06:10.082340831Z Processing job 9a45fd74-7d13-4e22-be65-e56c4a573dd6
2026-04-06T16:06:10.527768114Z Completed job 9f1bdeb0-d77c-48dd-9d46-b0ab1d1bf1b1
2026-04-06T16:06:10.537599834Z Processing job e3982519-61be-4310-9a0f-be79c981c716
2026-04-06T16:06:10.746159461Z Completed job 9a45fd74-7d13-4e22-be65-e56c4a573dd6
2026-04-06T16:06:10.749034785Z Processing job 55e9b8fd-96b3-46c5-ba10-a4038d6e7950
2026-04-06T16:06:11.242691249Z Completed job e3982519-61be-4310-9a0f-be79c981c716
2026-04-06T16:06:11.243519724Z Processing job 3e894c50-487c-473b-88c4-3fec46f5022c
2026-04-06T16:06:11.391075836Z Completed job 55e9b8fd-96b3-46c5-ba10-a4038d6e7950
2026-04-06T16:06:11.391997496Z Processing job 65eca055-562a-4681-9ae1-1fdc00b4e1af
2026-04-06T16:06:11.888512683Z Completed job 3e894c50-487c-473b-88c4-3fec46f5022c
2026-04-06T16:06:11.890463771Z Processing job 5054dc77-c6e9-47fd-919c-14a88d6d81d9
2026-04-06T16:06:12.051772288Z Completed job 65eca055-562a-4681-9ae1-1fdc00b4e1af
2026-04-06T16:06:12.052893834Z Processing job 1c910022-130d-4d02-a1b0-099b2697b063
2026-04-06T16:06:12.588583665Z Completed job 5054dc77-c6e9-47fd-919c-14a88d6d81d9
2026-04-06T16:06:12.590212861Z Processing job 315433e6-74fc-4ea4-8fb0-85db7f6faab1
2026-04-06T16:06:12.700304819Z Completed job 1c910022-130d-4d02-a1b0-099b2697b063
2026-04-06T16:06:12.702596223Z Processing job ddae035c-8d18-4a91-8da2-78bafa3aab7d
2026-04-06T16:06:13.266527401Z Completed job 315433e6-74fc-4ea4-8fb0-85db7f6faab1
2026-04-06T16:06:13.267536576Z Processing job 875cbb21-1fe4-4035-a718-71910d019153
2026-04-06T16:06:13.368095565Z Completed job ddae035c-8d18-4a91-8da2-78bafa3aab7d
2026-04-06T16:06:13.369134044Z Processing job fdaf6504-88e3-415c-b37c-fdc72e160d6f
2026-04-06T16:06:13.948305033Z Completed job 875cbb21-1fe4-4035-a718-71910d019153
2026-04-06T16:06:13.950809984Z Processing job 773bedf8-953d-4218-9b35-1c446c3a9227
2026-04-06T16:06:14.066237308Z Completed job fdaf6504-88e3-415c-b37c-fdc72e160d6f
2026-04-06T16:06:14.068002999Z Processing job 100706ea-98ea-4da8-8c5b-68c82cc8a1f5
2026-04-06T16:06:14.609201993Z Completed job 773bedf8-953d-4218-9b35-1c446c3a9227
2026-04-06T16:06:14.614572629Z Processing job 6f10fbf4-2d13-456c-8e21-dd8b785051a0
2026-04-06T16:06:14.719017222Z Completed job 100706ea-98ea-4da8-8c5b-68c82cc8a1f5
2026-04-06T16:06:14.719460491Z Processing job e79a2bd2-8e0c-42ff-bf2e-8d7a7ce7ca5d
2026-04-06T16:06:15.311531801Z Completed job e79a2bd2-8e0c-42ff-bf2e-8d7a7ce7ca5d
2026-04-06T16:06:15.281578149Z Completed job 6f10fbf4-2d13-456c-8e21-dd8b785051a0
2026-04-06T16:06:15.313406460Z Processing job 276ac356-617b-4bb6-bbc3-fde00ee35f9d
2026-04-06T16:06:15.284491231Z Processing job f8c16e36-f46d-460b-a393-20319bc8776e
2026-04-06T16:06:15.934639260Z Completed job f8c16e36-f46d-460b-a393-20319bc8776e
2026-04-06T16:06:15.936388227Z Processing job 5f86ac8a-4c86-4d92-949c-7d3e4f7a40e1
2026-04-06T16:06:15.980611769Z Completed job 276ac356-617b-4bb6-bbc3-fde00ee35f9d
2026-04-06T16:06:15.983525560Z Processing job 22b60bda-fabc-4a0c-b3ba-e814814a39d6
2026-04-06T16:06:16.568165125Z Completed job 5f86ac8a-4c86-4d92-949c-7d3e4f7a40e1
2026-04-06T16:06:16.568562659Z Processing job 7ad49481-bef7-4f6e-ab65-f4553619437b
2026-04-06T16:06:16.650466504Z Completed job 22b60bda-fabc-4a0c-b3ba-e814814a39d6
2026-04-06T16:06:16.651252195Z Processing job f40c8e51-344a-4d24-b5a1-601f395f5fa5
2026-04-06T16:06:17.389660897Z Completed job 7ad49481-bef7-4f6e-ab65-f4553619437b
2026-04-06T16:06:17.392034967Z Processing job 37cd9c02-5699-4132-a45d-c4d996b0f559
2026-04-06T16:06:17.490287682Z Completed job f40c8e51-344a-4d24-b5a1-601f395f5fa5
2026-04-06T16:06:17.491058023Z Processing job 5a81af31-d9ed-4a80-9906-801d709922fb
2026-04-06T16:06:18.040963742Z Completed job 37cd9c02-5699-4132-a45d-c4d996b0f559
2026-04-06T16:06:18.042934514Z Processing job 9339c98a-b355-4646-ab8b-d96cfed60900
2026-04-06T16:06:18.164888925Z Completed job 5a81af31-d9ed-4a80-9906-801d709922fb
2026-04-06T16:06:18.168618553Z Processing job ca646b89-a0dc-4b24-806e-da948a8ac034
2026-04-06T16:06:18.719124437Z Completed job 9339c98a-b355-4646-ab8b-d96cfed60900
2026-04-06T16:06:18.720320168Z Processing job 8ddbb2c0-eb43-4a30-b122-3765bad8c618
2026-04-06T16:06:18.839342465Z Completed job ca646b89-a0dc-4b24-806e-da948a8ac034
2026-04-06T16:06:18.843668102Z Processing job 2fec473a-2218-4873-a430-31e4c5000605
2026-04-06T16:06:19.396515599Z Completed job 8ddbb2c0-eb43-4a30-b122-3765bad8c618
2026-04-06T16:06:19.398394238Z Processing job 141aa7f7-d6aa-49e9-9ef6-4d56113ea3d1
2026-04-06T16:06:19.501382073Z Completed job 2fec473a-2218-4873-a430-31e4c5000605
2026-04-06T16:06:19.502047793Z Processing job da5da911-f2e4-4381-812d-eae5a6c246b7
2026-04-06T16:06:20.073576916Z Completed job 141aa7f7-d6aa-49e9-9ef6-4d56113ea3d1
2026-04-06T16:06:20.075451063Z Processing job 3b965364-2b6e-421a-8676-1ad0c762ef35
2026-04-06T16:06:20.189642286Z Completed job da5da911-f2e4-4381-812d-eae5a6c246b7
2026-04-06T16:06:20.191818243Z Processing job 10a1b898-9b1c-4c36-ba53-05d3d859d61d
2026-04-06T16:06:20.765912280Z Completed job 3b965364-2b6e-421a-8676-1ad0c762ef35
2026-04-06T16:06:20.766612345Z Processing job f1b20780-cc80-4c3a-ad10-165dfc3e75f1
2026-04-06T16:06:20.920544109Z Completed job 10a1b898-9b1c-4c36-ba53-05d3d859d61d
2026-04-06T16:06:20.921056031Z Processing job f740aa35-e40a-4dc6-b964-56709e107247
2026-04-06T16:06:21.402000134Z Completed job f1b20780-cc80-4c3a-ad10-165dfc3e75f1
2026-04-06T16:06:21.404551262Z Processing job a60eade1-ee80-4bcb-a7e7-b64caaa9c4fc
2026-04-06T16:06:21.533338678Z Completed job f740aa35-e40a-4dc6-b964-56709e107247
2026-04-06T16:06:21.534649350Z Processing job 84b29b42-ca22-4e0b-9c14-dd3b5582645c
2026-04-06T16:06:22.189984293Z Completed job a60eade1-ee80-4bcb-a7e7-b64caaa9c4fc
2026-04-06T16:06:22.191179390Z Processing job 206240ae-f787-405a-b7d6-249d2c933cb1
2026-04-06T16:06:22.305070243Z Completed job 84b29b42-ca22-4e0b-9c14-dd3b5582645c
2026-04-06T16:06:22.307552061Z Processing job 3bdc8e69-eaaa-4f34-b548-99564a0c1fab
2026-04-06T16:06:22.863171058Z Completed job 206240ae-f787-405a-b7d6-249d2c933cb1
2026-04-06T16:06:22.865538134Z Processing job 194ee8b7-382c-4677-a510-e7b8f9898ee6
2026-04-06T16:06:22.976748187Z Completed job 3bdc8e69-eaaa-4f34-b548-99564a0c1fab
2026-04-06T16:06:22.979906542Z Processing job 8f076a75-fa10-4d2b-9bd3-8a2a533347a7
2026-04-06T16:06:23.522159012Z Completed job 194ee8b7-382c-4677-a510-e7b8f9898ee6
2026-04-06T16:06:23.523492337Z Processing job f5a513fc-767c-4b0d-a03f-4fec7b26bacb
2026-04-06T16:06:23.672629450Z Completed job 8f076a75-fa10-4d2b-9bd3-8a2a533347a7
2026-04-06T16:06:23.674676264Z Processing job f87489fe-147c-4087-a35e-1e75790aee04
2026-04-06T16:06:24.182745664Z Completed job f5a513fc-767c-4b0d-a03f-4fec7b26bacb
2026-04-06T16:06:24.184864344Z Processing job 9a4e94eb-4e97-4096-b66c-fb4fbf6cc045
2026-04-06T16:06:24.368267225Z Completed job f87489fe-147c-4087-a35e-1e75790aee04
2026-04-06T16:06:24.370094166Z Processing job 60099f54-bc65-44f4-b2fe-718d2f490369
2026-04-06T16:06:24.890944619Z Completed job 9a4e94eb-4e97-4096-b66c-fb4fbf6cc045
2026-04-06T16:06:24.891579243Z Processing job 7a8efd55-03f3-4181-9f80-da1814d6311d
2026-04-06T16:06:25.019964001Z Completed job 60099f54-bc65-44f4-b2fe-718d2f490369
2026-04-06T16:06:25.020567068Z Processing job f4271320-3a13-44c2-89d3-c2bbe5addb66
2026-04-06T16:06:25.594571000Z Completed job 7a8efd55-03f3-4181-9f80-da1814d6311d
2026-04-06T16:06:25.597025916Z Processing job 9489f16a-c1dc-47f8-810d-d2404758091f
2026-04-06T16:06:25.743157937Z Completed job f4271320-3a13-44c2-89d3-c2bbe5addb66
2026-04-06T16:06:25.744029391Z Processing job 884decf3-efde-4fef-97b7-f39387f525e8
2026-04-06T16:06:26.284461487Z Completed job 9489f16a-c1dc-47f8-810d-d2404758091f
2026-04-06T16:06:26.286464912Z Processing job 127221f7-8f0a-4dea-a382-7ab4eda14f2c
2026-04-06T16:06:26.412834865Z Completed job 884decf3-efde-4fef-97b7-f39387f525e8
2026-04-06T16:06:26.414341637Z Processing job 9f498527-ea5c-4a47-a452-497b3f57d1a0
2026-04-06T16:06:26.923768814Z Completed job 127221f7-8f0a-4dea-a382-7ab4eda14f2c
2026-04-06T16:06:26.924400010Z Processing job 0b7c7e1a-17eb-4cbb-9543-caf7056b9481
2026-04-06T16:06:27.158388217Z Completed job 9f498527-ea5c-4a47-a452-497b3f57d1a0
2026-04-06T16:06:27.159400555Z Processing job fa9bf78c-3bb8-46d1-a1bc-e7509aaafb56
2026-04-06T16:06:27.741714649Z Completed job 0b7c7e1a-17eb-4cbb-9543-caf7056b9481
2026-04-06T16:06:27.743785754Z Processing job 4b949f06-1ce6-4ecb-82b0-9a42ed92f8df
2026-04-06T16:06:27.909599098Z Completed job fa9bf78c-3bb8-46d1-a1bc-e7509aaafb56
2026-04-06T16:06:27.914353148Z Processing job 06780d62-3680-4d3e-8cf8-efdbdc9082e7
2026-04-06T16:06:28.420059997Z Completed job 4b949f06-1ce6-4ecb-82b0-9a42ed92f8df
2026-04-06T16:06:28.421797920Z Processing job d003e1e5-a236-4e0c-891c-3b699347a53d
2026-04-06T16:06:28.600818724Z Completed job 06780d62-3680-4d3e-8cf8-efdbdc9082e7
2026-04-06T16:06:28.601635902Z Processing job 86e2aca0-6ee8-42b1-b86b-81c21e664ee5
2026-04-06T16:06:29.045259331Z Completed job d003e1e5-a236-4e0c-891c-3b699347a53d
2026-04-06T16:06:29.046707228Z Processing job dbc5e605-2a94-4ea8-9f2e-f77541c6613e
2026-04-06T16:06:29.221381268Z Completed job 86e2aca0-6ee8-42b1-b86b-81c21e664ee5
2026-04-06T16:06:29.222152187Z Processing job 0f7f34a8-dcf2-4b7b-a9d1-9ab99929115e
2026-04-06T16:06:29.753589561Z Completed job dbc5e605-2a94-4ea8-9f2e-f77541c6613e
2026-04-06T16:06:29.757402577Z Processing job aebc34c2-7a4b-4171-b1d7-8da1327c9a7e
2026-04-06T16:06:29.897022086Z Completed job 0f7f34a8-dcf2-4b7b-a9d1-9ab99929115e
2026-04-06T16:06:29.899102232Z Processing job 5f568d85-8316-45b8-bedf-9c9080541125
2026-04-06T16:06:30.487976529Z Completed job aebc34c2-7a4b-4171-b1d7-8da1327c9a7e
2026-04-06T16:06:30.489639848Z Processing job 646423cd-fc62-42dd-9a7f-df7624a9a887
2026-04-06T16:06:30.616863354Z Completed job 5f568d85-8316-45b8-bedf-9c9080541125
2026-04-06T16:06:30.618823155Z Processing job 370dbf05-7781-491f-a50a-5621b7f25bf6
2026-04-06T16:06:31.233828174Z Completed job 646423cd-fc62-42dd-9a7f-df7624a9a887
2026-04-06T16:06:31.236147059Z Processing job b5665020-fbf7-4c64-8d7a-288707d2f22d
2026-04-06T16:06:31.276817428Z Completed job 370dbf05-7781-491f-a50a-5621b7f25bf6
2026-04-06T16:06:31.278382915Z Processing job fa41ba90-f5d2-46b9-bdbb-306f4efe0204
2026-04-06T16:06:31.969085197Z Completed job fa41ba90-f5d2-46b9-bdbb-306f4efe0204
2026-04-06T16:06:31.969323392Z Completed job b5665020-fbf7-4c64-8d7a-288707d2f22d
2026-04-06T16:06:31.976277976Z Processing job 17f3c4e4-69fa-47b2-be38-e03e6d2e20ac
2026-04-06T16:06:31.975487168Z Processing job 56c49c4a-e39f-47bd-98ec-51457c8416ec
2026-04-06T16:06:32.624480513Z Completed job 17f3c4e4-69fa-47b2-be38-e03e6d2e20ac
2026-04-06T16:06:32.622391313Z Completed job 56c49c4a-e39f-47bd-98ec-51457c8416ec
2026-04-06T16:06:32.628617977Z Processing job 9e7901b6-2cea-4eb0-8c07-be97474b732e
2026-04-06T16:06:32.629632307Z Processing job 657b449b-d30e-4df9-bfc6-0115ff44437b
2026-04-06T16:06:33.283557760Z Completed job 657b449b-d30e-4df9-bfc6-0115ff44437b
2026-04-06T16:06:33.283381764Z Completed job 9e7901b6-2cea-4eb0-8c07-be97474b732e
2026-04-06T16:06:33.287839559Z Processing job c2a74e13-1faf-49b1-8970-28829d7ec751
2026-04-06T16:06:33.289712343Z Processing job 952edf19-1ae5-4f5c-9279-2106348a7988
2026-04-06T16:06:33.924570290Z Completed job c2a74e13-1faf-49b1-8970-28829d7ec751
2026-04-06T16:06:33.927015828Z Processing job ebb6752a-4941-4e93-8fff-9bff7b0a016c
2026-04-06T16:06:33.931522117Z Completed job 952edf19-1ae5-4f5c-9279-2106348a7988
2026-04-06T16:06:33.933609620Z Processing job 9b0e8b7f-75d9-46c1-a583-7548bc85809d
2026-04-06T16:06:34.585541739Z Completed job ebb6752a-4941-4e93-8fff-9bff7b0a016c
2026-04-06T16:06:34.586938574Z Processing job 48336132-6e7b-4082-85d2-e88f9646f78c
2026-04-06T16:06:34.585218997Z Completed job 9b0e8b7f-75d9-46c1-a583-7548bc85809d
2026-04-06T16:06:34.589338000Z Processing job 961e34b8-8947-4ca0-9fb2-abdc1f83c8cd
2026-04-06T16:06:35.238124113Z Completed job 961e34b8-8947-4ca0-9fb2-abdc1f83c8cd
2026-04-06T16:06:35.242619956Z Processing job ea144dab-a465-47b4-bd05-401f3ec3d089
2026-04-06T16:06:35.274968568Z Completed job 48336132-6e7b-4082-85d2-e88f9646f78c
2026-04-06T16:06:35.278108014Z Processing job 10506692-1bb0-433a-8478-83a92fb5f326
2026-04-06T16:06:35.976687131Z Completed job ea144dab-a465-47b4-bd05-401f3ec3d089
2026-04-06T16:06:35.977960339Z Processing job 18b23ec2-8525-4a3f-9016-bd94e32ccb10
2026-04-06T16:06:35.977207600Z Completed job 10506692-1bb0-433a-8478-83a92fb5f326
2026-04-06T16:06:35.982170391Z Processing job 8d17dc27-70ca-4edb-9c6f-d37b388a79c5
2026-04-06T16:06:36.659706316Z Completed job 8d17dc27-70ca-4edb-9c6f-d37b388a79c5
2026-04-06T16:06:36.663173493Z Processing job db254296-7c7c-43f0-a98f-276152c7485a
2026-04-06T16:06:36.648388133Z Completed job 18b23ec2-8525-4a3f-9016-bd94e32ccb10
2026-04-06T16:06:36.649285509Z Processing job 5c0e32c6-798a-4f01-ad55-055ea624625b
2026-04-06T16:06:37.530328205Z Completed job 5c0e32c6-798a-4f01-ad55-055ea624625b
2026-04-06T16:06:37.534750649Z Processing job 5d9e3c71-cab3-4b9a-8d6c-04c8290f9fe7
2026-04-06T16:06:37.530493917Z Completed job db254296-7c7c-43f0-a98f-276152c7485a
2026-04-06T16:06:37.535641107Z Processing job ce74f87b-20bf-4db1-a8a1-387f0fd103ad
2026-04-06T16:06:38.170131036Z Completed job ce74f87b-20bf-4db1-a8a1-387f0fd103ad
2026-04-06T16:06:38.165597927Z Completed job 5d9e3c71-cab3-4b9a-8d6c-04c8290f9fe7
2026-04-06T16:06:38.176935598Z Processing job 56c74969-a88c-4621-a7a2-525dac954f92
2026-04-06T16:06:38.171805871Z Processing job 5388bf25-ca6c-48da-a0f1-7197475e33cb
2026-04-06T16:06:38.800131096Z Completed job 56c74969-a88c-4621-a7a2-525dac954f92
2026-04-06T16:06:38.803314934Z Processing job 217afab3-0e42-4f53-a76b-2ccc3cb80e1e
2026-04-06T16:06:38.803475166Z Completed job 5388bf25-ca6c-48da-a0f1-7197475e33cb
2026-04-06T16:06:38.806998295Z Processing job 5af2502c-99ad-4450-9d6f-68dda50024d7
2026-04-06T16:06:39.447526307Z Completed job 217afab3-0e42-4f53-a76b-2ccc3cb80e1e
2026-04-06T16:06:39.448394618Z Processing job 6bb83e8d-8bbc-4481-9217-1bc26fe811ce
2026-04-06T16:06:39.450979142Z Completed job 5af2502c-99ad-4450-9d6f-68dda50024d7
2026-04-06T16:06:39.453783367Z Processing job 02f82a71-1d2f-41ac-a3ef-5b9c7b11b816
2026-04-06T16:06:40.076023660Z Completed job 6bb83e8d-8bbc-4481-9217-1bc26fe811ce
2026-04-06T16:06:40.078452320Z Processing job a04fddc3-2f35-4ac9-bd2c-a7e4097e9017
2026-04-06T16:06:40.122235019Z Completed job 02f82a71-1d2f-41ac-a3ef-5b9c7b11b816
2026-04-06T16:06:40.123830714Z Processing job 98962f86-73b1-4cf6-890f-e8f308ba1944
2026-04-06T16:06:40.775884371Z Completed job a04fddc3-2f35-4ac9-bd2c-a7e4097e9017
2026-04-06T16:06:40.778737539Z Processing job 8d6c5e9c-ec45-4b62-a1f6-c2b926aa1566
2026-04-06T16:06:40.809533591Z Completed job 98962f86-73b1-4cf6-890f-e8f308ba1944
2026-04-06T16:06:40.810128493Z Processing job fab5c9a6-ebae-4e0d-8c6d-a0b9fa1449ec
2026-04-06T16:06:41.424654016Z Completed job 8d6c5e9c-ec45-4b62-a1f6-c2b926aa1566
2026-04-06T16:06:41.423555454Z Completed job fab5c9a6-ebae-4e0d-8c6d-a0b9fa1449ec
2026-04-06T16:06:41.430494174Z Processing job 0496b8c3-9740-4435-a1ea-ff5991f90b56
2026-04-06T16:06:41.429612167Z Processing job 01f69467-8d19-4e7c-8bbb-3e4e6b462bd0
2026-04-06T16:06:42.043469505Z Completed job 0496b8c3-9740-4435-a1ea-ff5991f90b56
2026-04-06T16:06:42.045962781Z Completed job 01f69467-8d19-4e7c-8bbb-3e4e6b462bd0
2026-04-06T16:06:42.049551573Z Processing job 5aab3727-f1f3-4325-889b-7c5940723d14
2026-04-06T16:06:42.051455953Z Processing job 43e512fb-973d-4141-9673-10abcbaefd8c
2026-04-06T16:06:42.735841038Z Completed job 43e512fb-973d-4141-9673-10abcbaefd8c
2026-04-06T16:06:42.737535530Z Processing job b37f290a-d7d3-4d44-8c70-cfab96eda5be
2026-04-06T16:06:42.741134475Z Completed job 5aab3727-f1f3-4325-889b-7c5940723d14
2026-04-06T16:06:42.741190305Z Processing job e150906e-e2cd-4dc4-9f46-1a852143a39c
2026-04-06T16:06:43.386572900Z Completed job e150906e-e2cd-4dc4-9f46-1a852143a39c
2026-04-06T16:06:43.391226133Z Completed job b37f290a-d7d3-4d44-8c70-cfab96eda5be
2026-04-06T16:06:43.395528860Z Processing job d4ba2b00-e630-41c2-be5c-7be89531c956
2026-04-06T16:06:43.389579239Z Processing job 7fb9afdd-b237-4932-8eb9-af8eb72d6f2b
2026-04-06T16:06:44.050089348Z Completed job d4ba2b00-e630-41c2-be5c-7be89531c956
2026-04-06T16:06:44.052614268Z Processing job d00fc7c9-e41f-4123-b75d-6850f4bf49e1
2026-04-06T16:06:44.088086239Z Completed job 7fb9afdd-b237-4932-8eb9-af8eb72d6f2b
2026-04-06T16:06:44.088194875Z Processing job 6f05e934-2042-4c5d-911f-15541e5775a3
2026-04-06T16:06:44.647115449Z Completed job d00fc7c9-e41f-4123-b75d-6850f4bf49e1
2026-04-06T16:06:44.648069693Z Processing job ab6a0fd0-a05f-4d91-98bf-9e887a5b4b26
2026-04-06T16:06:44.680069996Z Completed job 6f05e934-2042-4c5d-911f-15541e5775a3
2026-04-06T16:06:44.682066936Z Processing job 68fc97dd-6a80-49c6-a601-8fbf9ebd34c5
2026-04-06T16:06:45.278773737Z Completed job 68fc97dd-6a80-49c6-a601-8fbf9ebd34c5
2026-04-06T16:06:45.282902347Z Processing job dceb794c-ef24-41fe-89a2-8d70c49bf963
2026-04-06T16:06:45.278655583Z Completed job ab6a0fd0-a05f-4d91-98bf-9e887a5b4b26
2026-04-06T16:06:45.283930263Z Processing job 73f80747-5a83-4584-bf2d-186b69dab671
2026-04-06T16:06:45.919227259Z Completed job dceb794c-ef24-41fe-89a2-8d70c49bf963
2026-04-06T16:06:45.921482564Z Processing job 6309cd93-73aa-4820-9388-5b80d31db7d8
2026-04-06T16:06:45.918010381Z Completed job 73f80747-5a83-4584-bf2d-186b69dab671
2026-04-06T16:06:45.928567867Z Processing job bc69491f-1509-49eb-b6d3-c47d5a5b3a6a
2026-04-06T16:06:46.571611679Z Completed job bc69491f-1509-49eb-b6d3-c47d5a5b3a6a
2026-04-06T16:06:46.572251614Z Processing job 95799aab-b234-4108-8829-50448333681d
2026-04-06T16:06:46.577108609Z Completed job 6309cd93-73aa-4820-9388-5b80d31db7d8
2026-04-06T16:06:46.579281634Z Processing job cd038e44-7978-419a-86b2-8710fa7967aa
2026-04-06T16:06:47.392032470Z Completed job cd038e44-7978-419a-86b2-8710fa7967aa
2026-04-06T16:06:47.385367183Z Completed job 95799aab-b234-4108-8829-50448333681d
2026-04-06T16:06:47.387569078Z Processing job 503809fa-7351-4ea3-8484-8c1b2788ae6e
2026-04-06T16:06:47.402865615Z Processing job 5e50d07e-4049-42d4-aa21-df46214ab376
2026-04-06T16:06:48.103232264Z Completed job 503809fa-7351-4ea3-8484-8c1b2788ae6e
2026-04-06T16:06:48.105661778Z Processing job 7b857943-4219-4962-bb68-a9740a28c76d
2026-04-06T16:06:48.110936311Z Completed job 5e50d07e-4049-42d4-aa21-df46214ab376
2026-04-06T16:06:48.111584873Z Processing job 26a52bfb-8a0a-4aa0-825a-6dfeb214a8a1
2026-04-06T16:06:48.756012924Z Completed job 26a52bfb-8a0a-4aa0-825a-6dfeb214a8a1
2026-04-06T16:06:48.759366102Z Processing job 392cdfd4-bdfc-47c0-9a41-278499295934
2026-04-06T16:06:48.796677583Z Completed job 7b857943-4219-4962-bb68-a9740a28c76d
2026-04-06T16:06:48.798761985Z Processing job 98e75701-9404-46e4-85f0-b562e64d2a71
2026-04-06T16:06:49.390520830Z Completed job 392cdfd4-bdfc-47c0-9a41-278499295934
2026-04-06T16:06:49.392260451Z Processing job 7c5df44e-a6d1-433c-a585-574ca35c71a6
2026-04-06T16:06:49.398585635Z Completed job 98e75701-9404-46e4-85f0-b562e64d2a71
2026-04-06T16:06:49.402462585Z Processing job a7ea5ce4-d188-4b24-b945-4f138d19a3f8
2026-04-06T16:06:50.073934056Z Completed job a7ea5ce4-d188-4b24-b945-4f138d19a3f8
2026-04-06T16:06:50.078739104Z Processing job 95244357-07b1-4c61-b722-35ad30596fd6
2026-04-06T16:06:50.072834347Z Completed job 7c5df44e-a6d1-433c-a585-574ca35c71a6
2026-04-06T16:06:50.078311397Z Processing job 51ab9ca7-4015-42c2-abe4-288e7c292bd1
2026-04-06T16:06:50.971513117Z Completed job 95244357-07b1-4c61-b722-35ad30596fd6
2026-04-06T16:06:50.975042645Z Processing job 272635d8-5e76-4d61-a3b3-bf6dd2ce045f
2026-04-06T16:06:50.971960912Z Completed job 51ab9ca7-4015-42c2-abe4-288e7c292bd1
2026-04-06T16:06:50.974960774Z Processing job 8c4b0f26-e8d5-4263-9c4a-9db2645d6fcf
2026-04-06T16:06:51.755024875Z Completed job 272635d8-5e76-4d61-a3b3-bf6dd2ce045f
2026-04-06T16:06:51.764196602Z Completed job 8c4b0f26-e8d5-4263-9c4a-9db2645d6fcf
2026-04-06T16:06:51.767556386Z Processing job 7af6f92e-bdeb-4421-b8ab-fec2eed44e73
2026-04-06T16:06:51.757185058Z Processing job ac14c320-0256-4c96-b956-3054411692b5
2026-04-06T16:06:52.388345232Z Completed job 7af6f92e-bdeb-4421-b8ab-fec2eed44e73
2026-04-06T16:06:52.392920753Z Processing job 12b138e2-5a8d-4f70-aeed-ca068ffa71a4
2026-04-06T16:06:52.391757662Z Completed job ac14c320-0256-4c96-b956-3054411692b5
2026-04-06T16:06:52.395683727Z Processing job 84d35f63-5026-4a1e-9239-079ef3301e8a
2026-04-06T16:06:53.090664132Z Completed job 84d35f63-5026-4a1e-9239-079ef3301e8a
2026-04-06T16:06:53.091825223Z Processing job 74276c80-cde3-40ec-8c4c-eb35d0714190
2026-04-06T16:06:53.139504310Z Completed job 12b138e2-5a8d-4f70-aeed-ca068ffa71a4
2026-04-06T16:06:53.156753724Z Processing job 690fdbed-4857-4074-b922-05b441a98a5d
2026-04-06T16:06:53.700789025Z Completed job 74276c80-cde3-40ec-8c4c-eb35d0714190
2026-04-06T16:06:53.702527422Z Processing job fd0dd131-b59b-4188-bbde-77adab9b0999
2026-04-06T16:06:53.798602029Z Completed job 690fdbed-4857-4074-b922-05b441a98a5d
2026-04-06T16:06:53.801312790Z Processing job f1812654-9aa1-4d2c-a857-6db521af2753
2026-04-06T16:06:54.344149062Z Completed job fd0dd131-b59b-4188-bbde-77adab9b0999
2026-04-06T16:06:54.345054830Z Processing job c9fd4fd0-a1ed-427b-a7b9-7a4fb3e4f8c6
2026-04-06T16:06:54.414558105Z Completed job f1812654-9aa1-4d2c-a857-6db521af2753
2026-04-06T16:06:54.417364414Z Processing job 790c0c5e-1938-4c87-9fb8-3a484c4caaab
2026-04-06T16:06:55.014620044Z Completed job c9fd4fd0-a1ed-427b-a7b9-7a4fb3e4f8c6
2026-04-06T16:06:55.018555884Z Processing job 6b3feb54-b197-4972-bc58-c175f70f969a
2026-04-06T16:06:55.049730240Z Completed job 790c0c5e-1938-4c87-9fb8-3a484c4caaab
2026-04-06T16:06:55.052292028Z Processing job cacdf27d-e294-4283-802f-dda9429b5f91
2026-04-06T16:06:55.649130566Z Completed job 6b3feb54-b197-4972-bc58-c175f70f969a
2026-04-06T16:06:55.653400005Z Processing job c3aa4a9a-6920-4e2c-967f-5131e2113687
2026-04-06T16:06:55.657777962Z Completed job cacdf27d-e294-4283-802f-dda9429b5f91
2026-04-06T16:06:55.657853826Z Processing job f2136e52-9fbe-406e-b2b7-daba887108ab
2026-04-06T16:06:56.306508986Z Completed job f2136e52-9fbe-406e-b2b7-daba887108ab
2026-04-06T16:06:56.305888161Z Completed job c3aa4a9a-6920-4e2c-967f-5131e2113687
2026-04-06T16:06:56.308839090Z Processing job 5bf22aa6-a711-4554-97b5-d879011cf009
2026-04-06T16:06:56.308493655Z Processing job 86765849-bfa4-4be4-b0ab-c9ecdb66e09f
2026-04-06T16:06:56.900107072Z Completed job 5bf22aa6-a711-4554-97b5-d879011cf009
2026-04-06T16:06:56.901729919Z Processing job c17c4735-d090-476e-8740-98f28d66cb7b
2026-04-06T16:06:56.904706958Z Completed job 86765849-bfa4-4be4-b0ab-c9ecdb66e09f
2026-04-06T16:06:56.911628736Z Processing job 608669e2-f228-4c94-9d69-de11b594d4f4
2026-04-06T16:06:57.672638588Z Completed job c17c4735-d090-476e-8740-98f28d66cb7b
2026-04-06T16:06:57.674939752Z Processing job 2c5e8f5d-4dfe-43c2-901d-6d420d66df79
2026-04-06T16:06:57.710906674Z Completed job 608669e2-f228-4c94-9d69-de11b594d4f4
2026-04-06T16:06:57.712626151Z Processing job cf8f6804-5ee0-42a6-ba0a-ac8109a17279
2026-04-06T16:06:58.325064824Z Completed job 2c5e8f5d-4dfe-43c2-901d-6d420d66df79
2026-04-06T16:06:58.325510030Z Processing job 607a7b9b-80ba-46ff-b68f-30ec40a387e1
2026-04-06T16:06:58.356097054Z Completed job cf8f6804-5ee0-42a6-ba0a-ac8109a17279
2026-04-06T16:06:58.360575392Z Processing job 01d2f669-4df2-4d21-b1b7-cc6864dc8dee
2026-04-06T16:06:59.001004487Z Completed job 607a7b9b-80ba-46ff-b68f-30ec40a387e1
2026-04-06T16:06:59.003690644Z Completed job 01d2f669-4df2-4d21-b1b7-cc6864dc8dee
2026-04-06T16:06:59.005058565Z Processing job 3b4ae077-bed5-4ec1-b7e4-22172097af69
2026-04-06T16:06:59.007271043Z Processing job 8bac0cfd-6f7c-4b26-808e-bd9031cef2b5
2026-04-06T16:06:59.665295965Z Completed job 3b4ae077-bed5-4ec1-b7e4-22172097af69
2026-04-06T16:06:59.668025769Z Completed job 8bac0cfd-6f7c-4b26-808e-bd9031cef2b5
2026-04-06T16:06:59.668304127Z Processing job 318ced13-c416-403c-8925-c9899d1a832b
2026-04-06T16:06:59.673638842Z Processing job 553fdd9d-281c-4f5b-8885-ea942aaf4f6d
2026-04-06T16:07:00.356136327Z Completed job 318ced13-c416-403c-8925-c9899d1a832b
2026-04-06T16:07:00.363703636Z Processing job 95fa4e0f-6f3f-4a9c-ba12-4a5273e55143
2026-04-06T16:07:00.360154139Z Completed job 553fdd9d-281c-4f5b-8885-ea942aaf4f6d
2026-04-06T16:07:00.366150963Z Processing job 5c22976c-198d-468b-ad32-2d67543d677b
2026-04-06T16:07:01.103825446Z Completed job 95fa4e0f-6f3f-4a9c-ba12-4a5273e55143
2026-04-06T16:07:01.103909624Z Processing job 955c9a7a-d54a-48f7-9c83-a810e1014b04
2026-04-06T16:07:01.107456301Z Completed job 5c22976c-198d-468b-ad32-2d67543d677b
2026-04-06T16:07:01.110127510Z Processing job 70f15bfb-c224-4a82-9ebc-083b97d2da06
2026-04-06T16:07:01.785689467Z Completed job 70f15bfb-c224-4a82-9ebc-083b97d2da06
2026-04-06T16:07:01.788393459Z Processing job 5fa86ac6-0239-48ce-9b69-6794b6d0f781
2026-04-06T16:07:01.857662784Z Completed job 955c9a7a-d54a-48f7-9c83-a810e1014b04
2026-04-06T16:07:01.860601411Z Processing job f5a17e2b-23cd-4354-92c9-a248bd60c37c
2026-04-06T16:07:02.443189934Z Completed job 5fa86ac6-0239-48ce-9b69-6794b6d0f781
2026-04-06T16:07:02.446238896Z Processing job 80de8f90-57bc-4e5e-9f6e-5ffcd887fcb2
2026-04-06T16:07:02.451482489Z Completed job f5a17e2b-23cd-4354-92c9-a248bd60c37c
2026-04-06T16:07:02.455811789Z Processing job 683c332f-4e35-4ccf-bfb7-cdbabaf68d8e
2026-04-06T16:07:03.048507968Z Completed job 80de8f90-57bc-4e5e-9f6e-5ffcd887fcb2
2026-04-06T16:07:03.049889541Z Processing job 278ac10b-30f7-4be1-8d12-a5dee7466f9c
2026-04-06T16:07:03.054898438Z Completed job 683c332f-4e35-4ccf-bfb7-cdbabaf68d8e
2026-04-06T16:07:03.057564325Z Processing job 625466d3-9bb0-42e6-af47-40b0def0761e
2026-04-06T16:07:03.664510474Z Completed job 278ac10b-30f7-4be1-8d12-a5dee7466f9c
2026-04-06T16:07:03.670790404Z Completed job 625466d3-9bb0-42e6-af47-40b0def0761e
2026-04-06T16:07:03.668315214Z Processing job 769ec831-ac41-460e-9b70-101718efdc02
2026-04-06T16:07:03.673644460Z Processing job 4d9c0a41-03f1-43ed-b0fe-c2344771f89b
2026-04-06T16:07:04.322705925Z Completed job 4d9c0a41-03f1-43ed-b0fe-c2344771f89b
2026-04-06T16:07:04.326527879Z Processing job a09d2731-36c4-4ef9-b0b4-bce1b5d7f56c
2026-04-06T16:07:04.327351360Z Completed job 769ec831-ac41-460e-9b70-101718efdc02
2026-04-06T16:07:04.330567794Z Processing job 3a9aea3f-2682-476c-b6fa-0b3b13ce21d2
2026-04-06T16:07:04.964648386Z Completed job a09d2731-36c4-4ef9-b0b4-bce1b5d7f56c
2026-04-06T16:07:04.965705119Z Processing job d33eb2c3-8ed4-4c2a-90ba-734df67e3164
2026-04-06T16:07:04.969483471Z Completed job 3a9aea3f-2682-476c-b6fa-0b3b13ce21d2
2026-04-06T16:07:04.973256657Z Processing job 0f1e7706-bff0-43b3-bcd1-2fcdbdea98f3
2026-04-06T16:07:05.676316838Z Completed job d33eb2c3-8ed4-4c2a-90ba-734df67e3164
2026-04-06T16:07:05.676306533Z Completed job 0f1e7706-bff0-43b3-bcd1-2fcdbdea98f3
2026-04-06T16:07:05.680964891Z Processing job 2c50b5a1-3348-464a-b613-d9e23593b839
2026-04-06T16:07:05.680798449Z Processing job ec26cc5e-f523-4ca8-a605-c668f07dab09
2026-04-06T16:07:06.335000523Z Completed job 2c50b5a1-3348-464a-b613-d9e23593b839
2026-04-06T16:07:06.338510976Z Processing job 0ccfd8a4-b5f5-43df-8bf8-5e3a6511a63a
2026-04-06T16:07:06.377848635Z Completed job ec26cc5e-f523-4ca8-a605-c668f07dab09
2026-04-06T16:07:06.378729898Z Processing job 74b78c63-7cab-40c7-b779-02a2359aafe9
2026-04-06T16:07:07.026925239Z Completed job 0ccfd8a4-b5f5-43df-8bf8-5e3a6511a63a
2026-04-06T16:07:07.027751291Z Processing job 36b055aa-3d4a-4afe-aca0-d8617cad59e4
2026-04-06T16:07:07.190777787Z Completed job 74b78c63-7cab-40c7-b779-02a2359aafe9
2026-04-06T16:07:07.192143335Z Processing job cf954c0c-708e-4ffe-9dec-3d117353d146
2026-04-06T16:07:07.835916154Z Completed job 36b055aa-3d4a-4afe-aca0-d8617cad59e4
2026-04-06T16:07:07.836505092Z Processing job 3a3bbd49-4496-47f6-95af-3fcb077e3c69
2026-04-06T16:07:07.935214220Z Completed job cf954c0c-708e-4ffe-9dec-3d117353d146
2026-04-06T16:07:07.936451455Z Processing job ec555ead-a398-4ba7-8d27-dff00448c0df
2026-04-06T16:07:08.578540023Z Completed job 3a3bbd49-4496-47f6-95af-3fcb077e3c69
2026-04-06T16:07:08.579701633Z Processing job 51057642-dc5a-426d-ae94-3189ff07f3ef
2026-04-06T16:07:08.698749052Z Completed job ec555ead-a398-4ba7-8d27-dff00448c0df
2026-04-06T16:07:08.702191139Z Processing job dfcae047-c135-423b-b4c8-613e63a17c83
2026-04-06T16:07:09.284511097Z Completed job 51057642-dc5a-426d-ae94-3189ff07f3ef
2026-04-06T16:07:09.288464200Z Processing job db0d8c5e-7b1c-4c96-b8d9-7f93768d1d7d
2026-04-06T16:07:09.384401590Z Completed job dfcae047-c135-423b-b4c8-613e63a17c83
2026-04-06T16:07:09.386568999Z Processing job 1488799a-6ab2-4a2d-a944-c842f9fa190f
2026-04-06T16:07:09.982878815Z Completed job db0d8c5e-7b1c-4c96-b8d9-7f93768d1d7d
2026-04-06T16:07:09.985503620Z Processing job 4c64bff3-3c53-405b-a72b-734adc6bbb0f
2026-04-06T16:07:10.088154849Z Completed job 1488799a-6ab2-4a2d-a944-c842f9fa190f
2026-04-06T16:07:10.089711997Z Processing job 2d442114-0fe9-4347-b9fd-cab89b05a193
2026-04-06T16:07:10.742060242Z Completed job 4c64bff3-3c53-405b-a72b-734adc6bbb0f
2026-04-06T16:07:10.743134122Z Processing job 10762596-aec2-48c8-8271-5347979cc5b5
2026-04-06T16:07:10.754528116Z Completed job 2d442114-0fe9-4347-b9fd-cab89b05a193
2026-04-06T16:07:10.758572353Z Processing job 2afe82e1-abd6-45f1-9c13-ff02c75f9853
2026-04-06T16:07:11.387483360Z Completed job 10762596-aec2-48c8-8271-5347979cc5b5
2026-04-06T16:07:11.393697190Z Processing job f6524280-01dc-452a-ba88-a63ea394eff6
2026-04-06T16:07:11.393869354Z Completed job 2afe82e1-abd6-45f1-9c13-ff02c75f9853
2026-04-06T16:07:11.394112112Z Processing job be555f34-cd53-4afd-a440-9e4c52974071
2026-04-06T16:07:12.044124057Z Completed job f6524280-01dc-452a-ba88-a63ea394eff6
2026-04-06T16:07:12.045367619Z Completed job be555f34-cd53-4afd-a440-9e4c52974071
2026-04-06T16:07:12.046890293Z Processing job 5276bbb8-6f0d-4856-b554-de87e0b34fe8
2026-04-06T16:07:12.050261017Z Processing job 5ec22a58-7ccf-432b-a2e2-20a5fc74b3e6
2026-04-06T16:07:12.651727813Z Completed job 5ec22a58-7ccf-432b-a2e2-20a5fc74b3e6
2026-04-06T16:07:12.653223618Z Completed job 5276bbb8-6f0d-4856-b554-de87e0b34fe8
2026-04-06T16:07:12.656908161Z Processing job 2aa1f6bc-a591-4d7c-a7bd-d41b69cf2106
2026-04-06T16:07:12.657505683Z Processing job 10782354-7601-4c22-93f9-91639c236691
2026-04-06T16:07:13.258601671Z Completed job 2aa1f6bc-a591-4d7c-a7bd-d41b69cf2106
2026-04-06T16:07:13.258968288Z Completed job 10782354-7601-4c22-93f9-91639c236691
2026-04-06T16:07:13.264537229Z Processing job 87128314-21b7-4e65-838e-d8d4dbe85986
2026-04-06T16:07:13.264537222Z Processing job c9117fb7-a723-435c-aa4c-1bd3a6b423ca
2026-04-06T16:07:13.896139880Z Completed job 87128314-21b7-4e65-838e-d8d4dbe85986
2026-04-06T16:07:13.897718234Z Processing job 8fadf54a-2028-4c17-9404-e2dc15b214b6
2026-04-06T16:07:13.903897138Z Completed job c9117fb7-a723-435c-aa4c-1bd3a6b423ca
2026-04-06T16:07:13.907606695Z Processing job ba83f21e-f76d-43a4-9ece-1fdd396f30b4
2026-04-06T16:07:14.585210635Z Completed job 8fadf54a-2028-4c17-9404-e2dc15b214b6
2026-04-06T16:07:14.585081352Z Completed job ba83f21e-f76d-43a4-9ece-1fdd396f30b4
2026-04-06T16:07:14.589504990Z Processing job 6c8a29e3-59a9-48e0-a382-2011b2b7049f
2026-04-06T16:07:14.589590770Z Processing job eec9b12a-8230-4d20-b75d-ad29c4307047
2026-04-06T16:07:15.286499734Z Completed job 6c8a29e3-59a9-48e0-a382-2011b2b7049f
2026-04-06T16:07:15.286615886Z Processing job 92af7018-a45d-44ee-bf07-0498f7afb363
2026-04-06T16:07:15.325964856Z Completed job eec9b12a-8230-4d20-b75d-ad29c4307047
2026-04-06T16:07:15.329730193Z Processing job 52e12f16-b6ca-4fac-9438-57ddff87b6a5
2026-04-06T16:07:15.955383754Z Completed job 92af7018-a45d-44ee-bf07-0498f7afb363
2026-04-06T16:07:15.958774154Z Processing job b120f3e3-ada1-4f21-b2b9-6105e598bc7d
2026-04-06T16:07:15.961949964Z Completed job 52e12f16-b6ca-4fac-9438-57ddff87b6a5
2026-04-06T16:07:15.964788600Z Processing job 86b122df-fd97-4ede-ab21-74aa8e9d9af2
2026-04-06T16:07:16.667858424Z Completed job b120f3e3-ada1-4f21-b2b9-6105e598bc7d
2026-04-06T16:07:16.668999776Z Processing job 2d1957fe-18ee-4847-9549-c24ae786e861
2026-04-06T16:07:16.667955040Z Completed job 86b122df-fd97-4ede-ab21-74aa8e9d9af2
2026-04-06T16:07:16.669516175Z Processing job 1109f535-a1fc-44ae-a508-357558e2565a
2026-04-06T16:07:17.477073703Z Completed job 1109f535-a1fc-44ae-a508-357558e2565a
2026-04-06T16:07:17.478361763Z Completed job 2d1957fe-18ee-4847-9549-c24ae786e861
2026-04-06T16:07:17.481105732Z Processing job 3e511921-fe16-4ea0-b88c-923d5364cac7
2026-04-06T16:07:17.479261503Z Processing job e381aa4d-e5da-4848-bb95-f03f8c5aa9ff
2026-04-06T16:07:18.111679223Z Completed job e381aa4d-e5da-4848-bb95-f03f8c5aa9ff
2026-04-06T16:07:18.110248821Z Completed job 3e511921-fe16-4ea0-b88c-923d5364cac7
2026-04-06T16:07:18.114678516Z Processing job 11a9f005-3b2e-402e-84dd-38472ede002b
2026-04-06T16:07:18.118124022Z Processing job c8d14907-2d59-4350-a1ee-d96428ec2aa1
2026-04-06T16:07:18.766746919Z Completed job c8d14907-2d59-4350-a1ee-d96428ec2aa1
2026-04-06T16:07:18.770090134Z Completed job 11a9f005-3b2e-402e-84dd-38472ede002b
2026-04-06T16:07:18.768876716Z Processing job 9cd25f18-fdbd-4dca-836f-b17a4a4b8aa6
2026-04-06T16:07:18.771664664Z Processing job 25a81fd6-e97a-4d88-b3cc-2f943942ee03
2026-04-06T16:07:19.434359295Z Completed job 9cd25f18-fdbd-4dca-836f-b17a4a4b8aa6
2026-04-06T16:07:19.436638442Z Processing job 636387cf-431a-4ba8-bb28-771c31140c38
2026-04-06T16:07:19.475631889Z Completed job 25a81fd6-e97a-4d88-b3cc-2f943942ee03
2026-04-06T16:07:19.477509183Z Processing job a33f031a-cfed-4f2e-8560-8e7e881a93b1
2026-04-06T16:07:20.112599705Z Completed job a33f031a-cfed-4f2e-8560-8e7e881a93b1
2026-04-06T16:07:20.116269325Z Completed job 636387cf-431a-4ba8-bb28-771c31140c38
2026-04-06T16:07:20.115934157Z Processing job b9d281b5-9fbb-479a-9843-1464bd8bd995
2026-04-06T16:07:20.123375114Z Processing job 1f93a1a7-fe68-490c-b6e3-1f6c180d090e
2026-04-06T16:07:20.806299881Z Completed job b9d281b5-9fbb-479a-9843-1464bd8bd995
2026-04-06T16:07:20.809229345Z Processing job db72bc9c-431b-4c9d-8156-bdec776497d3
2026-04-06T16:07:20.807880335Z Completed job 1f93a1a7-fe68-490c-b6e3-1f6c180d090e
2026-04-06T16:07:20.813963995Z Processing job 20c89fcb-872d-4e34-8583-8169dc2d92e5
2026-04-06T16:07:21.464401580Z Completed job db72bc9c-431b-4c9d-8156-bdec776497d3
2026-04-06T16:07:21.467527476Z Processing job 74e0af79-de1f-463e-af63-1d5b6296582c
2026-04-06T16:07:21.468450814Z Completed job 20c89fcb-872d-4e34-8583-8169dc2d92e5
2026-04-06T16:07:21.473017436Z Processing job de437323-d42b-4823-91dc-6185c8de59e0
2026-04-06T16:07:22.239523359Z Completed job de437323-d42b-4823-91dc-6185c8de59e0
2026-04-06T16:07:22.248764134Z Completed job 74e0af79-de1f-463e-af63-1d5b6296582c
2026-04-06T16:07:22.242752313Z Processing job 086017fa-98f2-4fde-b095-f83275a57a6f
2026-04-06T16:07:22.254272964Z Processing job 8a75cfa5-6695-48ce-88b7-15f88bf89525
2026-04-06T16:07:22.859174471Z Completed job 8a75cfa5-6695-48ce-88b7-15f88bf89525
2026-04-06T16:07:22.851051468Z Completed job 086017fa-98f2-4fde-b095-f83275a57a6f
2026-04-06T16:07:22.854331115Z Processing job 3407af94-b204-44d7-a9b7-35f7d3987b14
2026-04-06T16:07:22.860916061Z Processing job d4b93d06-03d1-478c-ab7c-fac7add1e68d
2026-04-06T16:07:23.530817729Z Completed job d4b93d06-03d1-478c-ab7c-fac7add1e68d
2026-04-06T16:07:23.528966767Z Completed job 3407af94-b204-44d7-a9b7-35f7d3987b14
2026-04-06T16:07:23.533027678Z Processing job fdd840da-8627-4082-819d-91a79ed341d3
2026-04-06T16:07:23.530661258Z Processing job 97ee5a32-be6c-4a34-bcdc-539519228f05
2026-04-06T16:07:24.231318094Z Completed job fdd840da-8627-4082-819d-91a79ed341d3
2026-04-06T16:07:24.235992619Z Processing job d16e4394-566e-4e96-a045-bd894e88b7cb
2026-04-06T16:07:24.267792370Z Completed job 97ee5a32-be6c-4a34-bcdc-539519228f05
2026-04-06T16:07:24.270866643Z Processing job 4e4f6a8d-725a-45f0-aff3-cc6624e349ee
2026-04-06T16:07:24.895786906Z Completed job d16e4394-566e-4e96-a045-bd894e88b7cb
2026-04-06T16:07:24.900312645Z Processing job ff48d625-9b8b-4abf-8dbb-f7109fde78d0
2026-04-06T16:07:24.903622497Z Completed job 4e4f6a8d-725a-45f0-aff3-cc6624e349ee
2026-04-06T16:07:24.906145164Z Processing job ae90f0c2-a99a-49f2-817e-0fd510a5010c
2026-04-06T16:07:25.588754190Z Completed job ae90f0c2-a99a-49f2-817e-0fd510a5010c
2026-04-06T16:07:25.590632673Z Completed job ff48d625-9b8b-4abf-8dbb-f7109fde78d0
2026-04-06T16:07:25.591579437Z Processing job 7c58231c-7b92-4c78-ba3a-2da1ee01f4a0
2026-04-06T16:07:25.590747860Z Processing job 3f810d28-bd3e-4a17-9a99-1bf6de5224a7
2026-04-06T16:07:26.298083766Z Completed job 7c58231c-7b92-4c78-ba3a-2da1ee01f4a0
2026-04-06T16:07:26.294683851Z Completed job 3f810d28-bd3e-4a17-9a99-1bf6de5224a7
2026-04-06T16:07:26.295115498Z Processing job 5fb6a7a4-a714-4ad9-b75a-e3b837a1f058
2026-04-06T16:07:26.303356278Z Processing job a20c7a45-ed48-4b4e-b99c-6322356b8b44
2026-04-06T16:07:26.987908082Z Completed job a20c7a45-ed48-4b4e-b99c-6322356b8b44
2026-04-06T16:07:26.990868712Z Processing job d40f7fac-1ab7-425b-a91a-0c4e3baeba4a
2026-04-06T16:07:26.980324213Z Completed job 5fb6a7a4-a714-4ad9-b75a-e3b837a1f058
2026-04-06T16:07:26.983585746Z Processing job 056b390b-86a7-430b-89b8-f0a72593213b
2026-04-06T16:07:27.710018621Z Completed job d40f7fac-1ab7-425b-a91a-0c4e3baeba4a
2026-04-06T16:07:27.707731082Z Completed job 056b390b-86a7-430b-89b8-f0a72593213b
2026-04-06T16:07:27.713083324Z Processing job 4c547c6f-ea00-407a-9ae8-00833f723a46
2026-04-06T16:07:27.712669452Z Processing job 2d74f55b-de97-4afc-a9ee-08e10011259f
2026-04-06T16:07:28.349708932Z Completed job 2d74f55b-de97-4afc-a9ee-08e10011259f
2026-04-06T16:07:28.353562319Z Processing job aaaa8512-4b36-463c-94ad-61df74336f05
2026-04-06T16:07:28.385202801Z Completed job 4c547c6f-ea00-407a-9ae8-00833f723a46
2026-04-06T16:07:28.387137549Z Processing job 8d780794-c2a7-403b-97be-c019fa3bd623
2026-04-06T16:07:29.008831855Z Completed job aaaa8512-4b36-463c-94ad-61df74336f05
2026-04-06T16:07:29.016881238Z Completed job 8d780794-c2a7-403b-97be-c019fa3bd623
2026-04-06T16:07:29.014545415Z Processing job 881cb1bf-bff7-4c15-b9ca-3da637be2108
2026-04-06T16:07:29.025307403Z Processing job 57685b68-bc08-4b57-b7f4-24c04f2f9884
2026-04-06T16:07:29.754708938Z Completed job 57685b68-bc08-4b57-b7f4-24c04f2f9884
2026-04-06T16:07:29.757483947Z Completed job 881cb1bf-bff7-4c15-b9ca-3da637be2108
2026-04-06T16:07:29.758790773Z Processing job 49948362-2fa2-41cf-80f1-c0af5c744ec1
2026-04-06T16:07:29.756330662Z Processing job ae924dc4-1867-4133-955e-d6e234669926
2026-04-06T16:07:30.473858925Z Completed job 49948362-2fa2-41cf-80f1-c0af5c744ec1
2026-04-06T16:07:30.477308282Z Completed job ae924dc4-1867-4133-955e-d6e234669926
2026-04-06T16:07:30.474988495Z Processing job d77477e2-a4e9-44da-8da7-7ddc508f29b6
2026-04-06T16:07:30.483474820Z Processing job 67952bad-0863-4060-91b9-b4178f1d2ee7
2026-04-06T16:07:31.174435839Z Completed job 67952bad-0863-4060-91b9-b4178f1d2ee7
2026-04-06T16:07:31.179257343Z Processing job 433ae08a-3b26-4963-ae49-0e29b19f43bf
2026-04-06T16:07:31.178167776Z Completed job d77477e2-a4e9-44da-8da7-7ddc508f29b6
2026-04-06T16:07:31.181784096Z Processing job a49f430e-1599-4732-88f4-4bef1596a155
2026-04-06T16:07:31.848126485Z Completed job 433ae08a-3b26-4963-ae49-0e29b19f43bf
2026-04-06T16:07:31.849548371Z Completed job a49f430e-1599-4732-88f4-4bef1596a155
2026-04-06T16:07:31.849662624Z Processing job c8b114fb-30dc-4e74-9436-a0229f73110b
2026-04-06T16:07:31.854916209Z Processing job bac81c29-be78-418d-8b04-9511b119114b
2026-04-06T16:07:32.522581536Z Completed job c8b114fb-30dc-4e74-9436-a0229f73110b
2026-04-06T16:07:32.526721533Z Processing job 781710cb-6ec6-4b61-8c0d-3580c1cc2f80
2026-04-06T16:07:32.524951074Z Completed job bac81c29-be78-418d-8b04-9511b119114b
2026-04-06T16:07:32.530297474Z Processing job 97a5f0fd-c958-4f99-808c-1959200631bb
2026-04-06T16:07:33.177119653Z Completed job 781710cb-6ec6-4b61-8c0d-3580c1cc2f80
2026-04-06T16:07:33.178633815Z Processing job de3f2f5d-4b19-40d3-ae2a-f0acd5c2ac05
2026-04-06T16:07:33.218613424Z Completed job 97a5f0fd-c958-4f99-808c-1959200631bb
2026-04-06T16:07:33.220761967Z Processing job eba999aa-d3c8-4d9c-9d31-a5ea5edbe86a
2026-04-06T16:07:33.811041699Z Completed job de3f2f5d-4b19-40d3-ae2a-f0acd5c2ac05
2026-04-06T16:07:33.812817125Z Processing job 568767bd-4de0-4d55-80d7-5214f458ac64
2026-04-06T16:07:33.885141918Z Completed job eba999aa-d3c8-4d9c-9d31-a5ea5edbe86a
2026-04-06T16:07:33.886101187Z Processing job dc172940-19ee-4230-902c-8dcf4005ea71
2026-04-06T16:07:34.423531966Z Completed job 568767bd-4de0-4d55-80d7-5214f458ac64
2026-04-06T16:07:34.424010346Z Processing job 207aeffe-ee90-4c86-aaed-147203766e96
2026-04-06T16:07:34.525024444Z Completed job dc172940-19ee-4230-902c-8dcf4005ea71
2026-04-06T16:07:34.528040766Z Processing job 16d06a0d-2550-4d7f-8eda-b5148bb42719
2026-04-06T16:07:35.079606257Z Completed job 207aeffe-ee90-4c86-aaed-147203766e96
2026-04-06T16:07:35.081471431Z Processing job fcf98bd0-8f85-47bb-869f-ee00756d7b21
2026-04-06T16:07:35.173085428Z Completed job 16d06a0d-2550-4d7f-8eda-b5148bb42719
2026-04-06T16:07:35.177356150Z Processing job 8abe7592-46db-4757-bdd6-51aec682e646
2026-04-06T16:07:35.746244050Z Completed job fcf98bd0-8f85-47bb-869f-ee00756d7b21
2026-04-06T16:07:35.747402479Z Processing job 7d451f77-db4a-4849-9e40-bf7111352141
2026-04-06T16:07:35.859540842Z Completed job 8abe7592-46db-4757-bdd6-51aec682e646
2026-04-06T16:07:35.863027165Z Processing job 56a55319-2f71-486a-9056-a0a1920c1bcd
2026-04-06T16:07:36.565666371Z Completed job 56a55319-2f71-486a-9056-a0a1920c1bcd
2026-04-06T16:07:36.567940237Z Processing job 70114ef1-7658-4ee8-99e1-cf5c09fd2d1e
2026-04-06T16:07:36.458584055Z Completed job 7d451f77-db4a-4849-9e40-bf7111352141
2026-04-06T16:07:36.459886820Z Processing job adee99fb-cbd1-4055-9bd7-3e18f95ca115
2026-04-06T16:07:37.335805283Z Completed job 70114ef1-7658-4ee8-99e1-cf5c09fd2d1e
2026-04-06T16:07:37.340970938Z Processing job 36ae264d-6d48-4d7f-b34b-2a3d9e036d32
2026-04-06T16:07:37.367770605Z Completed job adee99fb-cbd1-4055-9bd7-3e18f95ca115
2026-04-06T16:07:37.368824488Z Processing job 3792c41a-50a7-4620-8dd0-33df40c41162
2026-04-06T16:07:37.969816843Z Completed job 3792c41a-50a7-4620-8dd0-33df40c41162
2026-04-06T16:07:37.969027997Z Completed job 36ae264d-6d48-4d7f-b34b-2a3d9e036d32
2026-04-06T16:07:37.969117583Z Processing job f8ff4e54-7f53-4674-ac42-0b1823e8dfc8
2026-04-06T16:07:37.977759915Z Processing job 484d7ce0-dddd-4ec2-81af-09d670ea098b
2026-04-06T16:07:38.701358910Z Completed job f8ff4e54-7f53-4674-ac42-0b1823e8dfc8
2026-04-06T16:07:38.706209358Z Processing job 01b09390-5b7a-4a10-8765-5889271e243b
2026-04-06T16:07:38.710528890Z Completed job 484d7ce0-dddd-4ec2-81af-09d670ea098b
2026-04-06T16:07:38.710648728Z Processing job 00c756d8-58bd-41d1-8856-30e89d99bfc2
2026-04-06T16:07:39.358143528Z Completed job 01b09390-5b7a-4a10-8765-5889271e243b
2026-04-06T16:07:39.361075256Z Completed job 00c756d8-58bd-41d1-8856-30e89d99bfc2
2026-04-06T16:07:39.358858378Z Processing job e93feaf9-f568-4d06-a376-2d23f6590d00
2026-04-06T16:07:39.364582946Z Processing job de38d9f7-d08e-44a6-ad65-672240e6ce93
2026-04-06T16:07:40.001847800Z Completed job de38d9f7-d08e-44a6-ad65-672240e6ce93
2026-04-06T16:07:40.011884944Z Completed job e93feaf9-f568-4d06-a376-2d23f6590d00
2026-04-06T16:07:40.017485574Z Processing job 70fd34eb-3abf-4457-b57a-2b4b33f4d0e1
2026-04-06T16:07:40.022722442Z Processing job 71323ce2-01f6-4f73-b3b0-644b27938ae1
2026-04-06T16:07:40.742855939Z Completed job 71323ce2-01f6-4f73-b3b0-644b27938ae1
2026-04-06T16:07:40.746626751Z Completed job 70fd34eb-3abf-4457-b57a-2b4b33f4d0e1
2026-04-06T16:07:40.748489590Z Processing job 036fac14-d23d-45b7-aa42-a4fac47aab0f
2026-04-06T16:07:40.752534843Z Processing job b027f2ca-75ef-4000-a846-9a196fc918e2
2026-04-06T16:07:41.398814942Z Completed job b027f2ca-75ef-4000-a846-9a196fc918e2
2026-04-06T16:07:41.400949691Z Processing job 83b8dd1c-34fb-48ce-af3b-1886910b31a1
2026-04-06T16:07:41.409653271Z Completed job 036fac14-d23d-45b7-aa42-a4fac47aab0f
2026-04-06T16:07:41.409733192Z Processing job e5d19925-f644-4d63-acba-7431b27c367f
2026-04-06T16:07:42.062013007Z Completed job 83b8dd1c-34fb-48ce-af3b-1886910b31a1
2026-04-06T16:07:42.062127904Z Processing job c4c01892-47c2-487b-852c-c1cdb71596c7
2026-04-06T16:07:42.100805138Z Completed job e5d19925-f644-4d63-acba-7431b27c367f
2026-04-06T16:07:42.102704309Z Processing job aaeca743-44c9-41ad-a88d-568848d6b74f
2026-04-06T16:07:42.757354096Z Completed job aaeca743-44c9-41ad-a88d-568848d6b74f
2026-04-06T16:07:42.758508470Z Completed job c4c01892-47c2-487b-852c-c1cdb71596c7
2026-04-06T16:07:42.759066278Z Processing job b804664a-3685-4ecf-a274-f909f113753b
2026-04-06T16:07:42.759215732Z Processing job 545db750-dca6-419b-beba-8c4cba363334
2026-04-06T16:07:43.378809601Z Completed job b804664a-3685-4ecf-a274-f909f113753b
2026-04-06T16:07:43.383496872Z Completed job 545db750-dca6-419b-beba-8c4cba363334
2026-04-06T16:07:43.381081055Z Processing job 7c39dc7f-cacc-4af3-b3b3-fa5d3a0fe262
2026-04-06T16:07:43.387710070Z Processing job 15ed3214-838d-42f9-9c9f-b50baf82c490
2026-04-06T16:07:44.061067542Z Completed job 7c39dc7f-cacc-4af3-b3b3-fa5d3a0fe262
2026-04-06T16:07:44.062221376Z Processing job 7c1e031c-7046-47de-92c2-fd5fc8dca756
2026-04-06T16:07:44.068856105Z Completed job 15ed3214-838d-42f9-9c9f-b50baf82c490
2026-04-06T16:07:44.071466487Z Processing job 0dc451b8-c0f4-497b-ad5c-a88d04a1dd56
2026-04-06T16:07:44.725722808Z Completed job 7c1e031c-7046-47de-92c2-fd5fc8dca756
2026-04-06T16:07:44.723935979Z Completed job 0dc451b8-c0f4-497b-ad5c-a88d04a1dd56
2026-04-06T16:07:44.727831273Z Processing job fbcd30a1-cf74-4bff-92ef-1b6bb130cb4d
2026-04-06T16:07:44.727151509Z Processing job 808543bf-a78e-4934-ab7a-f5e715c52a90
2026-04-06T16:07:45.351833993Z Completed job fbcd30a1-cf74-4bff-92ef-1b6bb130cb4d
2026-04-06T16:07:45.356752775Z Processing job 5ed2b054-799a-43f5-8d8f-52ae7cbeb443
2026-04-06T16:07:45.358557775Z Completed job 808543bf-a78e-4934-ab7a-f5e715c52a90
2026-04-06T16:07:45.364449540Z Processing job 5ef79d37-5c9c-4e5e-b73d-c13bb7d9d444
2026-04-06T16:07:46.039388237Z Completed job 5ef79d37-5c9c-4e5e-b73d-c13bb7d9d444
2026-04-06T16:07:46.041869719Z Processing job d98897dc-8510-4efe-b4a4-70c2a1844992
2026-04-06T16:07:46.067492345Z Completed job 5ed2b054-799a-43f5-8d8f-52ae7cbeb443
2026-04-06T16:07:46.069643621Z Processing job 26be7a2e-7d57-450c-8ff4-8d1aa1f9550b
2026-04-06T16:07:46.676752121Z Completed job d98897dc-8510-4efe-b4a4-70c2a1844992
2026-04-06T16:07:46.679672094Z Completed job 26be7a2e-7d57-450c-8ff4-8d1aa1f9550b
2026-04-06T16:07:46.683324601Z Processing job 4dff7820-5769-40d4-9cd4-4ac57b596957
2026-04-06T16:07:46.677696716Z Processing job 0b428369-37c8-48db-853d-ae69f25ddf97
2026-04-06T16:07:47.483164612Z Completed job 4dff7820-5769-40d4-9cd4-4ac57b596957
2026-04-06T16:07:47.484320303Z Completed job 0b428369-37c8-48db-853d-ae69f25ddf97
2026-04-06T16:07:47.484395821Z Processing job 17253c34-44b6-44cb-b3cc-0ee4c599a57f
2026-04-06T16:07:47.490184221Z Processing job 5d6bdcdd-455d-48f3-8095-faed9ffee535
2026-04-06T16:07:48.172251831Z Completed job 17253c34-44b6-44cb-b3cc-0ee4c599a57f
2026-04-06T16:07:48.175958651Z Processing job 64ebffbf-e10a-4e6b-a85f-d7fee8f35e8c
2026-04-06T16:07:48.180512348Z Completed job 5d6bdcdd-455d-48f3-8095-faed9ffee535
2026-04-06T16:07:48.180782408Z Processing job ab89ee30-b563-45e7-9677-ce89d42d5795
2026-04-06T16:07:48.810025194Z Completed job 64ebffbf-e10a-4e6b-a85f-d7fee8f35e8c
2026-04-06T16:07:48.816603944Z Completed job ab89ee30-b563-45e7-9677-ce89d42d5795
2026-04-06T16:07:48.812568064Z Processing job 31ccdadb-b912-4764-94e2-5e97e877641b
2026-04-06T16:07:48.820968464Z Processing job 3a2307f5-279a-4eeb-a5dd-75c048565d00
2026-04-06T16:07:49.488077421Z Completed job 3a2307f5-279a-4eeb-a5dd-75c048565d00
2026-04-06T16:07:49.492520053Z Processing job e03dd42e-05c2-4b1e-8fe5-94cdfdf4d635
2026-04-06T16:07:49.488281279Z Completed job 31ccdadb-b912-4764-94e2-5e97e877641b
2026-04-06T16:07:49.495006771Z Processing job 923d9e4b-b89c-4e85-a23b-fe77caed5377
2026-04-06T16:07:50.155380047Z Completed job 923d9e4b-b89c-4e85-a23b-fe77caed5377
2026-04-06T16:07:50.158616410Z Completed job e03dd42e-05c2-4b1e-8fe5-94cdfdf4d635
2026-04-06T16:07:50.160991846Z Processing job 33cb387e-8b79-48e3-a6fc-ebcdc7b97598
2026-04-06T16:07:50.159787521Z Processing job c1aacc5a-c3d3-4d5a-8913-4b7074ce4ac5
2026-04-06T16:07:50.805752287Z Completed job 33cb387e-8b79-48e3-a6fc-ebcdc7b97598
2026-04-06T16:07:50.807659732Z Processing job c6ba5b03-0608-4857-8304-0eb89392e470
2026-04-06T16:07:50.860110273Z Completed job c1aacc5a-c3d3-4d5a-8913-4b7074ce4ac5
2026-04-06T16:07:50.863498598Z Processing job 60fe7c3b-436b-4d5f-98fa-1214d1d20fb4
2026-04-06T16:07:51.459086692Z Completed job c6ba5b03-0608-4857-8304-0eb89392e470
2026-04-06T16:07:51.460695833Z Processing job fccdd252-602b-441c-83ec-4eaeabe1a0d8
2026-04-06T16:07:51.528153086Z Completed job 60fe7c3b-436b-4d5f-98fa-1214d1d20fb4
2026-04-06T16:07:51.529050608Z Processing job d99fa09f-2202-4030-96a2-347ada5a0f26
2026-04-06T16:07:52.108155967Z Completed job fccdd252-602b-441c-83ec-4eaeabe1a0d8
2026-04-06T16:07:52.112082876Z Processing job 4fd110d8-cc7b-4bee-a1d0-309d71a02eb1
2026-04-06T16:07:52.147650313Z Completed job d99fa09f-2202-4030-96a2-347ada5a0f26
2026-04-06T16:07:52.148582940Z Processing job 74642c7a-371a-48cc-b79a-830f93895b87
2026-04-06T16:07:52.765103332Z Completed job 4fd110d8-cc7b-4bee-a1d0-309d71a02eb1
2026-04-06T16:07:52.767558526Z Processing job acdde77c-9450-4082-9118-f061efcd3f0f
2026-04-06T16:07:52.773082967Z Completed job 74642c7a-371a-48cc-b79a-830f93895b87
2026-04-06T16:07:52.777972199Z Processing job 44e46da0-2225-40ab-b77f-22ff51727b02
2026-04-06T16:07:53.441583674Z Completed job acdde77c-9450-4082-9118-f061efcd3f0f
2026-04-06T16:07:53.443254244Z Processing job e4018171-9fa1-466a-b011-ccb05059151f
2026-04-06T16:07:53.444896535Z Completed job 44e46da0-2225-40ab-b77f-22ff51727b02
2026-04-06T16:07:53.448172318Z Processing job 4d277344-456e-4583-8f41-1a5ef36460c8
2026-04-06T16:07:54.158995587Z Completed job 4d277344-456e-4583-8f41-1a5ef36460c8
2026-04-06T16:07:54.166684131Z Completed job e4018171-9fa1-466a-b011-ccb05059151f
2026-04-06T16:07:54.162482193Z Processing job 0197b21c-1607-476d-ab25-3d56d4759306
2026-04-06T16:07:54.168492606Z Processing job a3e734c0-c9d6-4f99-9690-bbfc9ea02f3d
2026-04-06T16:07:54.825458768Z Completed job 0197b21c-1607-476d-ab25-3d56d4759306
2026-04-06T16:07:54.830092755Z Processing job e4881402-7fb6-4996-9625-49a4252fd1fa
2026-04-06T16:07:54.863631429Z Completed job a3e734c0-c9d6-4f99-9690-bbfc9ea02f3d
2026-04-06T16:07:54.868465293Z Processing job deceeeda-8c6d-4c7d-b4da-aad224376257
2026-04-06T16:07:55.488894543Z Completed job e4881402-7fb6-4996-9625-49a4252fd1fa
2026-04-06T16:07:55.489181095Z Processing job 8671dd47-f5e4-4b18-b336-779c6bd9fe55
2026-04-06T16:07:55.493047070Z Completed job deceeeda-8c6d-4c7d-b4da-aad224376257
2026-04-06T16:07:55.497610839Z Processing job 443eec98-1a21-4398-b9ca-2ccb1cd2c795
2026-04-06T16:07:56.166068511Z Completed job 8671dd47-f5e4-4b18-b336-779c6bd9fe55
2026-04-06T16:07:56.172574464Z Completed job 443eec98-1a21-4398-b9ca-2ccb1cd2c795
2026-04-06T16:07:56.169457650Z Processing job e60a7a89-9e01-4a24-a275-7d3fbeba8859
2026-04-06T16:07:56.176285054Z Processing job dca0fe99-0a27-40f9-a671-8fa2f1cc6a3a
2026-04-06T16:07:56.819485044Z Completed job e60a7a89-9e01-4a24-a275-7d3fbeba8859
2026-04-06T16:07:56.821277440Z Processing job aadf2a15-2dc2-4da8-8239-aec06f6709d9
2026-04-06T16:07:56.828696854Z Completed job dca0fe99-0a27-40f9-a671-8fa2f1cc6a3a
2026-04-06T16:07:56.829681448Z Processing job 710dc35a-2729-4cc2-8351-4f632bac68fd
2026-04-06T16:07:57.637169071Z Completed job aadf2a15-2dc2-4da8-8239-aec06f6709d9
2026-04-06T16:07:57.643438513Z Completed job 710dc35a-2729-4cc2-8351-4f632bac68fd
2026-04-06T16:07:57.639356438Z Processing job 794bc123-aa4e-4d1f-b867-7a61c2ae457a
2026-04-06T16:07:57.646806243Z Processing job 72fa0c4f-fd60-4c57-b53e-928d4ebe183e
2026-04-06T16:07:58.244837655Z Completed job 72fa0c4f-fd60-4c57-b53e-928d4ebe183e
2026-04-06T16:07:58.244056445Z Completed job 794bc123-aa4e-4d1f-b867-7a61c2ae457a
2026-04-06T16:07:58.245491182Z Processing job d74117e3-9352-45a0-80ca-c8404e55483c
2026-04-06T16:07:58.248472744Z Processing job f11af551-6e6d-4004-b591-c91d23df8de1
2026-04-06T16:07:58.858646275Z Completed job f11af551-6e6d-4004-b591-c91d23df8de1
2026-04-06T16:07:58.858729941Z Processing job afebb4bf-ffec-4752-afa0-064a518bbee8
2026-04-06T16:07:58.861355928Z Completed job d74117e3-9352-45a0-80ca-c8404e55483c
2026-04-06T16:07:58.864231233Z Processing job 2ce6318b-5fcf-4788-8950-62e2a3a0ae36
2026-04-06T16:07:59.536218080Z Completed job afebb4bf-ffec-4752-afa0-064a518bbee8
2026-04-06T16:07:59.540513446Z Processing job af71fba5-cd15-486b-8556-6e02922755ff
2026-04-06T16:07:59.577538409Z Completed job 2ce6318b-5fcf-4788-8950-62e2a3a0ae36
2026-04-06T16:07:59.577611056Z Processing job 6d02d9ec-fdd1-4620-8de5-2146d7fdc252
2026-04-06T16:08:00.254056659Z Completed job af71fba5-cd15-486b-8556-6e02922755ff
2026-04-06T16:08:00.257009505Z Processing job c376b5af-8236-411a-b975-f4a3277c32fd
2026-04-06T16:08:00.264016158Z Completed job 6d02d9ec-fdd1-4620-8de5-2146d7fdc252
2026-04-06T16:08:00.266036762Z Processing job 0ed56aa1-82a4-4351-9fcc-cfa788226259
2026-04-06T16:08:01.028597714Z Completed job 0ed56aa1-82a4-4351-9fcc-cfa788226259
2026-04-06T16:08:01.029137465Z Processing job f4ead234-375f-45b0-9eb6-95cfc823f2a2
2026-04-06T16:08:01.036939442Z Completed job c376b5af-8236-411a-b975-f4a3277c32fd
2026-04-06T16:08:01.039684637Z Processing job 73804566-5116-4568-9f9c-76ac86d2e363
2026-04-06T16:08:01.748276896Z Completed job 73804566-5116-4568-9f9c-76ac86d2e363
2026-04-06T16:08:01.755243635Z Completed job f4ead234-375f-45b0-9eb6-95cfc823f2a2
2026-04-06T16:08:01.754173232Z Processing job a997c2ff-46a6-4911-a263-7d19d8519a81
2026-04-06T16:08:01.772053803Z Processing job c04a4654-b037-438d-80cd-4230512cce03
2026-04-06T16:08:02.451222593Z Completed job c04a4654-b037-438d-80cd-4230512cce03
2026-04-06T16:08:02.454471185Z Processing job 5f873282-9c8e-4c2a-aea1-a6ef005b2221
2026-04-06T16:08:02.458737225Z Completed job a997c2ff-46a6-4911-a263-7d19d8519a81
2026-04-06T16:08:02.460388807Z Processing job 8c117f78-c25d-4b46-bad2-59097c3f373a
2026-04-06T16:08:03.128764401Z Completed job 8c117f78-c25d-4b46-bad2-59097c3f373a
2026-04-06T16:08:03.128121070Z Completed job 5f873282-9c8e-4c2a-aea1-a6ef005b2221
2026-04-06T16:08:03.137482563Z Processing job 54e3a754-c6ec-47b0-818e-bfdde21dc34f
2026-04-06T16:08:03.139619892Z Processing job 35a1e75a-669a-4e06-9990-12349332876f
2026-04-06T16:08:03.789121122Z Completed job 54e3a754-c6ec-47b0-818e-bfdde21dc34f
2026-04-06T16:08:03.826601419Z Completed job 35a1e75a-669a-4e06-9990-12349332876f
2026-04-06T16:08:03.827558877Z Processing job 667937ed-534f-44e3-83a8-bcaea5c4bc99
2026-04-06T16:08:03.790347817Z Processing job 09ace422-0aac-4c34-8e16-a08f61de66fa
2026-04-06T16:08:04.468226447Z Completed job 667937ed-534f-44e3-83a8-bcaea5c4bc99
2026-04-06T16:08:04.430771968Z Completed job 09ace422-0aac-4c34-8e16-a08f61de66fa
2026-04-06T16:08:04.469999192Z Processing job 276843ac-de7d-4eb1-8ed8-efb16a9b3cfc
2026-04-06T16:08:04.433644822Z Processing job 7eb84208-4da9-4284-99d4-d6562accb098
2026-04-06T16:08:05.094803541Z Completed job 276843ac-de7d-4eb1-8ed8-efb16a9b3cfc
2026-04-06T16:08:05.096524286Z Processing job 74adc9bf-a795-49e2-80a7-33329ae4ef73
2026-04-06T16:08:05.088291006Z Completed job 7eb84208-4da9-4284-99d4-d6562accb098
2026-04-06T16:08:05.093332105Z Processing job 17b06cc1-eb22-4d81-9e6c-7ea86cde54a5
2026-04-06T16:08:05.752583646Z Completed job 17b06cc1-eb22-4d81-9e6c-7ea86cde54a5
2026-04-06T16:08:05.758438926Z Completed job 74adc9bf-a795-49e2-80a7-33329ae4ef73
2026-04-06T16:08:05.755765313Z Processing job 70dc5f1f-c413-4833-9fb1-622787f22f0a
2026-04-06T16:08:05.763562822Z Processing job d9de4161-0290-4033-b925-a15cfa0da4eb
2026-04-06T16:08:06.432560056Z Completed job d9de4161-0290-4033-b925-a15cfa0da4eb
2026-04-06T16:08:06.435573822Z Processing job 82a45fdd-ffbb-445c-9893-b03158923adb
2026-04-06T16:08:06.435995698Z Completed job 70dc5f1f-c413-4833-9fb1-622787f22f0a
2026-04-06T16:08:06.441629262Z Processing job 964b1440-c47f-4340-bb6a-5930e04ea3fb
2026-04-06T16:08:07.184280613Z Completed job 82a45fdd-ffbb-445c-9893-b03158923adb
2026-04-06T16:08:07.188568631Z Processing job f7315c94-cbfb-480e-b411-8644807f3f5c
2026-04-06T16:08:07.185046938Z Completed job 964b1440-c47f-4340-bb6a-5930e04ea3fb
2026-04-06T16:08:07.189779172Z Processing job c4fd4898-4dfa-41d0-ac86-0491b261f727
2026-04-06T16:08:07.831660129Z Completed job c4fd4898-4dfa-41d0-ac86-0491b261f727
2026-04-06T16:08:07.834587307Z Processing job b3071663-ab91-46ae-80f7-98dd083221b1
2026-04-06T16:08:07.842852254Z Completed job f7315c94-cbfb-480e-b411-8644807f3f5c
2026-04-06T16:08:07.845887732Z Processing job 3e8b24cc-f90b-47f2-b062-6aafb5e8a976
2026-04-06T16:08:08.557806771Z Completed job 3e8b24cc-f90b-47f2-b062-6aafb5e8a976
2026-04-06T16:08:08.560258469Z Processing job 6e1cd383-8416-4dcf-a0a2-995b6f2287f6
2026-04-06T16:08:08.585125076Z Completed job b3071663-ab91-46ae-80f7-98dd083221b1
2026-04-06T16:08:08.586371613Z Processing job e4edb280-adb8-471d-aa5f-69d5446149ad
2026-04-06T16:08:09.225767181Z Completed job e4edb280-adb8-471d-aa5f-69d5446149ad
2026-04-06T16:08:09.225885399Z Completed job 6e1cd383-8416-4dcf-a0a2-995b6f2287f6
2026-04-06T16:08:09.230254591Z Processing job e6c4cd0c-d156-460c-9c7d-ddd7568d26ea
2026-04-06T16:08:09.233230863Z Processing job 0280bffc-4e16-435c-98e1-939436b1cee3
2026-04-06T16:08:09.828008693Z Completed job e6c4cd0c-d156-460c-9c7d-ddd7568d26ea
2026-04-06T16:08:09.830021490Z Completed job 0280bffc-4e16-435c-98e1-939436b1cee3
2026-04-06T16:08:09.829521635Z Processing job 57e2e533-8fcd-46d3-a485-e8dbbb412597
2026-04-06T16:08:09.834565895Z Processing job b1c5b1bf-85e2-4376-9806-3a71bbcca8ce
2026-04-06T16:08:10.561550313Z Completed job 57e2e533-8fcd-46d3-a485-e8dbbb412597
2026-04-06T16:08:10.559840386Z Completed job b1c5b1bf-85e2-4376-9806-3a71bbcca8ce
2026-04-06T16:08:10.566802620Z Processing job de34322b-572d-4233-aee8-c3fa2785ac01
2026-04-06T16:08:10.566676808Z Processing job 13ff025e-e066-4036-8ae6-608d74201e4b
2026-04-06T16:08:11.229600978Z Completed job 13ff025e-e066-4036-8ae6-608d74201e4b
2026-04-06T16:08:11.230703003Z Processing job 34626882-8420-45bc-b751-b5713966347e
2026-04-06T16:08:11.235427762Z Completed job de34322b-572d-4233-aee8-c3fa2785ac01
2026-04-06T16:08:11.235517205Z Processing job 9fd314e0-ee3a-495c-95a3-947e9592bcb8
2026-04-06T16:08:11.859046236Z Completed job 34626882-8420-45bc-b751-b5713966347e
2026-04-06T16:08:11.857792217Z Completed job 9fd314e0-ee3a-495c-95a3-947e9592bcb8
2026-04-06T16:08:11.863300874Z Processing job 6f6005d9-9358-4251-8bba-1a62019aa0c2
2026-04-06T16:08:11.861287810Z Processing job af62f026-2bf5-4fa2-a82f-d83f5d04426f
2026-04-06T16:08:12.524820192Z Completed job af62f026-2bf5-4fa2-a82f-d83f5d04426f
2026-04-06T16:08:12.524932912Z Processing job 72dcce5e-63e2-48ea-9bae-aa99724eb77f
2026-04-06T16:08:12.549689561Z Completed job 6f6005d9-9358-4251-8bba-1a62019aa0c2
2026-04-06T16:08:12.550754064Z Processing job d2b3ab63-7aa9-4b74-b4db-1fb071700f17
2026-04-06T16:08:13.180364614Z Completed job d2b3ab63-7aa9-4b74-b4db-1fb071700f17
2026-04-06T16:08:13.180117200Z Completed job 72dcce5e-63e2-48ea-9bae-aa99724eb77f
2026-04-06T16:08:13.181352108Z Processing job e1f8c895-fef2-45e6-946f-dd46d2b1ea45
2026-04-06T16:08:13.187769300Z Processing job 1f779874-8845-490b-aa6b-38c207cc4aa6
2026-04-06T16:08:13.859076934Z Completed job 1f779874-8845-490b-aa6b-38c207cc4aa6
2026-04-06T16:08:13.857385974Z Completed job e1f8c895-fef2-45e6-946f-dd46d2b1ea45
2026-04-06T16:08:13.861327653Z Processing job e0995fe5-c0e8-4055-bbaf-05463e73fe72
2026-04-06T16:08:13.862207488Z Processing job 382deab1-7017-4d18-9a9b-adc3bb4bedc4
2026-04-06T16:08:14.507800962Z Completed job 382deab1-7017-4d18-9a9b-adc3bb4bedc4
2026-04-06T16:08:14.501598271Z Completed job e0995fe5-c0e8-4055-bbaf-05463e73fe72
2026-04-06T16:08:14.505557147Z Processing job f3cd0a9b-5e95-47fa-a465-1724b053f45d
2026-04-06T16:08:14.513457041Z Processing job 3fac8eea-c868-46d3-b943-387b15f604d4
2026-04-06T16:08:15.142821117Z Completed job 3fac8eea-c868-46d3-b943-387b15f604d4
2026-04-06T16:08:15.137606089Z Completed job f3cd0a9b-5e95-47fa-a465-1724b053f45d
2026-04-06T16:08:15.144747145Z Processing job 0511cc8b-33ca-4de8-b71e-80ec9d68944e
2026-04-06T16:08:15.153626990Z Processing job 65cc6605-1c37-460f-8587-9689204d268c
2026-04-06T16:08:15.802274033Z Completed job 65cc6605-1c37-460f-8587-9689204d268c
2026-04-06T16:08:15.805984556Z Processing job 3a996553-12aa-424c-8fa2-36c3f4b4ff39
2026-04-06T16:08:15.806479195Z Completed job 0511cc8b-33ca-4de8-b71e-80ec9d68944e
2026-04-06T16:08:15.809035589Z Processing job 67b6c81b-5fa8-41c0-82ca-4d6743ee70ce
2026-04-06T16:08:16.451094718Z Completed job 3a996553-12aa-424c-8fa2-36c3f4b4ff39
2026-04-06T16:08:16.456134766Z Processing job 318d4bf4-8f4e-4718-ab78-e34799f34433
2026-04-06T16:08:16.453583182Z Completed job 67b6c81b-5fa8-41c0-82ca-4d6743ee70ce
2026-04-06T16:08:16.458535448Z Processing job 3f744990-1877-4638-b350-3a296bd52023
2026-04-06T16:08:17.310132148Z Completed job 318d4bf4-8f4e-4718-ab78-e34799f34433
2026-04-06T16:08:17.312673015Z Processing job c68df5c0-2330-41e4-948d-14532b1a85cf
2026-04-06T16:08:17.342965726Z Completed job 3f744990-1877-4638-b350-3a296bd52023
2026-04-06T16:08:17.344641139Z Processing job a079fc5b-41c6-4917-832b-e5b46f412c12
2026-04-06T16:08:17.998499659Z Completed job c68df5c0-2330-41e4-948d-14532b1a85cf
2026-04-06T16:08:17.996302966Z Completed job a079fc5b-41c6-4917-832b-e5b46f412c12
2026-04-06T16:08:18.002597255Z Processing job b935b04f-4a4a-4499-a285-6db39d08cd90
2026-04-06T16:08:17.998992148Z Processing job 02af8f15-e7fc-46bc-8901-4a96531b9f8d
2026-04-06T16:08:18.634644592Z Completed job 02af8f15-e7fc-46bc-8901-4a96531b9f8d
2026-04-06T16:08:18.632895576Z Completed job b935b04f-4a4a-4499-a285-6db39d08cd90
2026-04-06T16:08:18.635840574Z Processing job d2100a35-aaa8-42a7-aebc-fa7fde18bad1
2026-04-06T16:08:18.637160920Z Processing job 9f961369-b96f-42b3-8355-cb1a9b3148f3
2026-04-06T16:08:19.291707229Z Completed job 9f961369-b96f-42b3-8355-cb1a9b3148f3
2026-04-06T16:08:19.291136494Z Completed job d2100a35-aaa8-42a7-aebc-fa7fde18bad1
2026-04-06T16:08:19.292691858Z Processing job 980decac-ac6b-42f5-af93-feae0d92e093
2026-04-06T16:08:19.301480136Z Processing job 9a9fa9e0-a7e2-40d7-b754-05abcf843210
2026-04-06T16:08:19.957157967Z Completed job 980decac-ac6b-42f5-af93-feae0d92e093
2026-04-06T16:08:19.956983641Z Completed job 9a9fa9e0-a7e2-40d7-b754-05abcf843210
2026-04-06T16:08:19.965403579Z Processing job bf6f0192-a18b-4279-bdfc-a5c6e267d268
2026-04-06T16:08:19.962135231Z Processing job e1c2dafa-c58d-4886-9c36-c5bd5d3564a7
2026-04-06T16:08:20.629676297Z Completed job e1c2dafa-c58d-4886-9c36-c5bd5d3564a7
2026-04-06T16:08:20.625606919Z Completed job bf6f0192-a18b-4279-bdfc-a5c6e267d268
2026-04-06T16:08:20.633392362Z Processing job b8566bfb-e532-4c75-a1a9-91c069da7215
2026-04-06T16:08:20.628152018Z Processing job 7447ab4a-5eba-4821-a8ac-d985c8df443e
2026-04-06T16:08:21.295767940Z Completed job b8566bfb-e532-4c75-a1a9-91c069da7215
2026-04-06T16:08:21.295856590Z Processing job a5fe581c-688d-4875-b896-12ed6924905d
2026-04-06T16:08:21.333236642Z Completed job 7447ab4a-5eba-4821-a8ac-d985c8df443e
2026-04-06T16:08:21.338180127Z Processing job e7e9b835-b586-4bb4-97ec-45c47b877270
2026-04-06T16:08:21.958140219Z Completed job a5fe581c-688d-4875-b896-12ed6924905d
2026-04-06T16:08:21.960873933Z Processing job 265aa3aa-d256-425e-914c-94adeeb100ea
2026-04-06T16:08:22.096119340Z Completed job e7e9b835-b586-4bb4-97ec-45c47b877270
2026-04-06T16:08:22.097773831Z Processing job 69c9d1ee-73d4-456d-b004-a67fa21dcc59
2026-04-06T16:08:22.652516159Z Completed job 265aa3aa-d256-425e-914c-94adeeb100ea
2026-04-06T16:08:22.652624468Z Processing job 4402516f-505d-4875-a743-29c02d54d58f
2026-04-06T16:08:22.788259811Z Completed job 69c9d1ee-73d4-456d-b004-a67fa21dcc59
2026-04-06T16:08:22.789879955Z Processing job 4ed5ff95-5dbb-4f01-be23-d826d5963b89
2026-04-06T16:08:23.306117017Z Completed job 4402516f-505d-4875-a743-29c02d54d58f
2026-04-06T16:08:23.309933726Z Processing job 27ee33f4-edb4-4f38-83dc-6f196ff89f10
2026-04-06T16:08:23.408118196Z Completed job 4ed5ff95-5dbb-4f01-be23-d826d5963b89
2026-04-06T16:08:23.410475305Z Processing job 56050ba0-c88b-4944-81be-0a39761f9128
2026-04-06T16:08:24.010939171Z Completed job 27ee33f4-edb4-4f38-83dc-6f196ff89f10
2026-04-06T16:08:24.011774311Z Processing job 0bf57ee6-fa96-441c-9b27-c7cb0085beca
2026-04-06T16:08:24.047030431Z Completed job 56050ba0-c88b-4944-81be-0a39761f9128
2026-04-06T16:08:24.049765070Z Processing job cbf3f19f-ffe9-4af9-a432-3e1b696a81a7
2026-04-06T16:08:24.644318312Z Completed job 0bf57ee6-fa96-441c-9b27-c7cb0085beca
2026-04-06T16:08:24.646120139Z Processing job 8b7b7bcd-cfc0-4276-8e0f-20dec22d75d8
2026-04-06T16:08:24.644460503Z Completed job cbf3f19f-ffe9-4af9-a432-3e1b696a81a7
2026-04-06T16:08:24.648140382Z Processing job ec62fccb-1654-4ee1-9554-f5027c502db7
2026-04-06T16:08:25.275307622Z Completed job ec62fccb-1654-4ee1-9554-f5027c502db7
2026-04-06T16:08:25.280893784Z Processing job c07b5f03-cbc4-4ae3-8c2b-9be66d51d5d2
2026-04-06T16:08:25.275915209Z Completed job 8b7b7bcd-cfc0-4276-8e0f-20dec22d75d8
2026-04-06T16:08:25.281751124Z Processing job 97c808e0-f9b2-4b29-b2aa-a285f8036738
2026-04-06T16:08:25.890317257Z Completed job c07b5f03-cbc4-4ae3-8c2b-9be66d51d5d2
2026-04-06T16:08:25.895737600Z Processing job 08b36cdc-a3ee-466a-88e5-207088baa8b3
2026-04-06T16:08:25.954931817Z Completed job 97c808e0-f9b2-4b29-b2aa-a285f8036738
2026-04-06T16:08:25.956389967Z Processing job 2c65fabb-b43e-4a75-b579-f809bb5017d0
2026-04-06T16:08:26.574598504Z Completed job 08b36cdc-a3ee-466a-88e5-207088baa8b3
2026-04-06T16:08:26.575218794Z Processing job bb4c7557-a69f-4266-9359-16e3cb230779
2026-04-06T16:08:26.678084232Z Completed job 2c65fabb-b43e-4a75-b579-f809bb5017d0
2026-04-06T16:08:26.682383006Z Processing job bce67287-dc68-4885-88fc-cc6fe8dbcf0d
2026-04-06T16:08:27.413105648Z Completed job bb4c7557-a69f-4266-9359-16e3cb230779
2026-04-06T16:08:27.414399337Z Processing job 119ba1cb-22a3-4f24-b6e7-de0589449c83
2026-04-06T16:08:27.535153610Z Completed job bce67287-dc68-4885-88fc-cc6fe8dbcf0d
2026-04-06T16:08:27.537327362Z Processing job 5cf9ebac-2b72-4ee1-9761-8c45a3ace700
2026-04-06T16:08:28.055241214Z Completed job 119ba1cb-22a3-4f24-b6e7-de0589449c83
2026-04-06T16:08:28.057823667Z Processing job dde82031-3dfb-4d93-a60b-5238c9fdd859
2026-04-06T16:08:28.166442606Z Completed job 5cf9ebac-2b72-4ee1-9761-8c45a3ace700
2026-04-06T16:08:28.167642477Z Processing job d8e235d3-0ac4-4b93-9a5e-d3f5ca6bf47a
2026-04-06T16:08:28.774142924Z Completed job dde82031-3dfb-4d93-a60b-5238c9fdd859
2026-04-06T16:08:28.775851450Z Processing job fc139a55-885a-4817-8e10-ea2f4fe0b80f
2026-04-06T16:08:28.803736510Z Completed job d8e235d3-0ac4-4b93-9a5e-d3f5ca6bf47a
2026-04-06T16:08:28.806291822Z Processing job 9d4e4a25-b7f3-441c-84ad-0b86abf32116
2026-04-06T16:08:29.449902754Z Completed job fc139a55-885a-4817-8e10-ea2f4fe0b80f
2026-04-06T16:08:29.453044738Z Processing job 5839a875-02c3-449d-819e-94c248bd4826
2026-04-06T16:08:29.485364558Z Completed job 9d4e4a25-b7f3-441c-84ad-0b86abf32116
2026-04-06T16:08:29.486708291Z Processing job debea954-9b3a-4d02-bb6a-d0ce16869bd4
2026-04-06T16:08:30.189580120Z Completed job debea954-9b3a-4d02-bb6a-d0ce16869bd4
2026-04-06T16:08:30.193264707Z Processing job 85c351af-8f66-4c0c-bd74-a5669cfc09a1
2026-04-06T16:08:30.234318041Z Completed job 5839a875-02c3-449d-819e-94c248bd4826
2026-04-06T16:08:30.237878943Z Processing job 0e06ce23-649e-43a0-be02-c8ee67ac66cc
2026-04-06T16:08:30.883997133Z Completed job 85c351af-8f66-4c0c-bd74-a5669cfc09a1
2026-04-06T16:08:30.892620498Z Completed job 0e06ce23-649e-43a0-be02-c8ee67ac66cc
2026-04-06T16:08:30.885559536Z Processing job 9cf02026-3e49-4539-8c20-159a90b9e411
2026-04-06T16:08:30.895019596Z Processing job 6dc4137c-a2cf-4a51-885b-90992d9f6408
2026-04-06T16:08:31.536725850Z Completed job 6dc4137c-a2cf-4a51-885b-90992d9f6408
2026-04-06T16:08:31.539128719Z Processing job 3069745a-e863-4c0e-ad54-31f3d0280fdd
2026-04-06T16:08:31.541247447Z Completed job 9cf02026-3e49-4539-8c20-159a90b9e411
2026-04-06T16:08:31.545961590Z Processing job b238d4d6-5b28-4bf4-9ad8-bb34c71212f7
2026-04-06T16:08:32.214919894Z Completed job 3069745a-e863-4c0e-ad54-31f3d0280fdd
2026-04-06T16:08:32.216371320Z Processing job fbdb8884-02d6-4fef-b9be-dac082e7df60
2026-04-06T16:08:32.217188087Z Completed job b238d4d6-5b28-4bf4-9ad8-bb34c71212f7
2026-04-06T16:08:32.220666237Z Processing job 3917d595-4d7e-454c-b9d1-a73ef9a79e09
2026-04-06T16:08:32.906123052Z Completed job fbdb8884-02d6-4fef-b9be-dac082e7df60
2026-04-06T16:08:32.900394007Z Completed job 3917d595-4d7e-454c-b9d1-a73ef9a79e09
2026-04-06T16:08:32.909611679Z Processing job 14c231fb-8715-4c1e-936b-4f8d2267ffd9
2026-04-06T16:08:32.900627686Z Processing job 33fbc492-8182-4ad1-85ad-31af3ed28b43
2026-04-06T16:08:33.563941687Z Completed job 14c231fb-8715-4c1e-936b-4f8d2267ffd9
2026-04-06T16:08:33.563642034Z Completed job 33fbc492-8182-4ad1-85ad-31af3ed28b43
2026-04-06T16:08:33.564468454Z Processing job 2017ca11-3e08-4de4-b66f-8c4c95bb4390
2026-04-06T16:08:33.566947345Z Processing job b3f0f0cf-b46a-48d3-aea1-3292cded8d4d
2026-04-06T16:08:34.227661755Z Completed job b3f0f0cf-b46a-48d3-aea1-3292cded8d4d
2026-04-06T16:08:34.226185347Z Completed job 2017ca11-3e08-4de4-b66f-8c4c95bb4390
2026-04-06T16:08:34.230818680Z Processing job 9f51e3de-f199-4c57-8a30-107ca22c66d2
2026-04-06T16:08:34.227476489Z Processing job 3ee02d02-8bcb-479b-9f7f-2a1600a965a9
2026-04-06T16:08:34.817026978Z Completed job 9f51e3de-f199-4c57-8a30-107ca22c66d2
2026-04-06T16:08:34.817147743Z Processing job d2259d09-0260-400b-a895-82e6c008d652
2026-04-06T16:08:34.869043332Z Completed job 3ee02d02-8bcb-479b-9f7f-2a1600a965a9
2026-04-06T16:08:34.869125059Z Processing job 795e137e-50ba-4e25-bd3b-422d59a9afe9
2026-04-06T16:08:35.420537780Z Completed job d2259d09-0260-400b-a895-82e6c008d652
2026-04-06T16:08:35.422522765Z Processing job 4f92d3d3-1fda-40d0-82bb-b5e98b38e79c
2026-04-06T16:08:35.456539783Z Completed job 795e137e-50ba-4e25-bd3b-422d59a9afe9
2026-04-06T16:08:35.458575691Z Processing job 853001fd-8437-4aa5-9a96-8197e41c6d0f
2026-04-06T16:08:36.008216704Z Completed job 4f92d3d3-1fda-40d0-82bb-b5e98b38e79c
2026-04-06T16:08:36.088121902Z Completed job 853001fd-8437-4aa5-9a96-8197e41c6d0f
2026-04-06T16:08:36.090790425Z Processing job 52561a6e-eb88-4adf-a69b-45301b455d73
2026-04-06T16:08:36.009819686Z Processing job 283cb797-e0d2-410f-97ce-1cf2b23d9d58
2026-04-06T16:08:36.696798481Z Completed job 283cb797-e0d2-410f-97ce-1cf2b23d9d58
2026-04-06T16:08:36.697557978Z Processing job a116832d-6ee1-486f-afad-77c13c289b8c
2026-04-06T16:08:36.810015405Z Completed job 52561a6e-eb88-4adf-a69b-45301b455d73
2026-04-06T16:08:36.813091603Z Processing job 7d6d1240-a2d3-4f5b-a686-f3f59ea4529d
2026-04-06T16:08:37.498710640Z Completed job a116832d-6ee1-486f-afad-77c13c289b8c
2026-04-06T16:08:37.500971968Z Processing job 8477adc5-bc20-46be-b672-3f35a9eda2d4
2026-04-06T16:08:37.543682731Z Completed job 7d6d1240-a2d3-4f5b-a686-f3f59ea4529d
2026-04-06T16:08:37.544136934Z Processing job b283670f-b03d-4b2b-b7bc-ef203e76f77d
2026-04-06T16:08:38.151976233Z Completed job 8477adc5-bc20-46be-b672-3f35a9eda2d4
2026-04-06T16:08:38.162991091Z Processing job 4887b8df-b90b-4d8d-935f-a69e48e1a1b4
2026-04-06T16:08:38.164521836Z Completed job b283670f-b03d-4b2b-b7bc-ef203e76f77d
2026-04-06T16:08:38.176676305Z Processing job 55051942-528d-492d-8369-774394ed425f
2026-04-06T16:08:38.858790855Z Completed job 55051942-528d-492d-8369-774394ed425f
2026-04-06T16:08:38.859487730Z Processing job 402943a0-7a2b-4ce9-84b6-d1d16d37fae0
2026-04-06T16:08:38.897551804Z Completed job 4887b8df-b90b-4d8d-935f-a69e48e1a1b4
2026-04-06T16:08:38.899876578Z Processing job ce5e27cf-83c2-408b-b6b2-9e302cf195a7
2026-04-06T16:08:39.509126627Z Completed job ce5e27cf-83c2-408b-b6b2-9e302cf195a7
2026-04-06T16:08:39.510530140Z Completed job 402943a0-7a2b-4ce9-84b6-d1d16d37fae0
2026-04-06T16:08:39.511689355Z Processing job 6314a846-4d03-4d1c-999f-aabb8ef6f18b
2026-04-06T16:08:39.510282482Z Processing job d15cc841-d362-4a9c-9b03-431a10c5b3c2
2026-04-06T16:08:40.161266069Z Completed job d15cc841-d362-4a9c-9b03-431a10c5b3c2
2026-04-06T16:08:40.162974082Z Completed job 6314a846-4d03-4d1c-999f-aabb8ef6f18b
2026-04-06T16:08:40.162987721Z Processing job 79caf21d-23e9-419f-a660-602c7128ad79
2026-04-06T16:08:40.164137073Z Processing job 748bdf64-4f0b-43a2-af26-e8db0ce93234
2026-04-06T16:08:40.855539523Z Completed job 79caf21d-23e9-419f-a660-602c7128ad79
2026-04-06T16:08:40.858245039Z Processing job 845d560c-08a9-4ed9-b29c-f979329d2572
2026-04-06T16:08:40.867122212Z Completed job 748bdf64-4f0b-43a2-af26-e8db0ce93234
2026-04-06T16:08:40.873564338Z Processing job fde1eb1b-0ba0-441d-99a2-ad290a202602
2026-04-06T16:08:41.567607890Z Completed job 845d560c-08a9-4ed9-b29c-f979329d2572
2026-04-06T16:08:41.567073936Z Completed job fde1eb1b-0ba0-441d-99a2-ad290a202602
2026-04-06T16:08:41.573602918Z Processing job 23e98e24-71a7-47b5-9047-14350cf71eaf
2026-04-06T16:08:41.573589351Z Processing job 3e4de568-1038-485c-a89d-3a0556c3df09
2026-04-06T16:08:42.227902223Z Completed job 3e4de568-1038-485c-a89d-3a0556c3df09
2026-04-06T16:08:42.219230624Z Completed job 23e98e24-71a7-47b5-9047-14350cf71eaf
2026-04-06T16:08:42.220191600Z Processing job a51cccad-9c6c-4034-98ec-d02fdaa9b47e
2026-04-06T16:08:42.232711633Z Processing job b9eeda4c-9884-4fdc-a5ea-fc5f281df041
2026-04-06T16:08:42.855393446Z Completed job b9eeda4c-9884-4fdc-a5ea-fc5f281df041
2026-04-06T16:08:42.857272605Z Completed job a51cccad-9c6c-4034-98ec-d02fdaa9b47e
2026-04-06T16:08:42.855744599Z Processing job 39f2b756-a077-4371-a795-af2377044d2d
2026-04-06T16:08:42.863387952Z Processing job e9ef0b9a-1225-43a9-81d6-e2c216d6a638
2026-04-06T16:08:43.541850526Z Completed job e9ef0b9a-1225-43a9-81d6-e2c216d6a638
2026-04-06T16:08:43.584036789Z Completed job 39f2b756-a077-4371-a795-af2377044d2d
2026-04-06T16:08:43.546449650Z Processing job 8ebee1b0-b7fa-4214-9a8b-840d1334ccac
2026-04-06T16:08:43.588513889Z Processing job 4e988c66-bd01-49dc-8d0b-b63b426e4878
2026-04-06T16:08:44.252072483Z Completed job 8ebee1b0-b7fa-4214-9a8b-840d1334ccac
2026-04-06T16:08:44.256562139Z Processing job d17462ff-8f7b-494d-8a98-a26828fc207c
2026-04-06T16:08:44.259956871Z Completed job 4e988c66-bd01-49dc-8d0b-b63b426e4878
2026-04-06T16:08:44.263834133Z Processing job bc9adf2e-f8e8-4bac-829c-f51841d9e06c
2026-04-06T16:08:44.894476166Z Completed job d17462ff-8f7b-494d-8a98-a26828fc207c
2026-04-06T16:08:44.897306293Z Completed job bc9adf2e-f8e8-4bac-829c-f51841d9e06c
2026-04-06T16:08:44.895180505Z Processing job dec65ed4-2d46-4dfd-8b88-c42e5a4b2ee2
2026-04-06T16:08:44.897344058Z Processing job b7fb7165-0bf3-4d49-a7ae-2e2b12bced65
2026-04-06T16:08:45.580513387Z Completed job dec65ed4-2d46-4dfd-8b88-c42e5a4b2ee2
2026-04-06T16:08:45.583286389Z Processing job 670dfa0d-ef94-424f-991c-73ed1827d947
2026-04-06T16:08:45.596243663Z Completed job b7fb7165-0bf3-4d49-a7ae-2e2b12bced65
2026-04-06T16:08:45.602516001Z Processing job 23bb0054-01a0-4ab6-a291-4df8277957bb
2026-04-06T16:08:46.247082541Z Completed job 670dfa0d-ef94-424f-991c-73ed1827d947
2026-04-06T16:08:46.247499765Z Completed job 23bb0054-01a0-4ab6-a291-4df8277957bb
2026-04-06T16:08:46.252131036Z Processing job 134743f2-e995-4d20-9ef9-4edfdf1fa584
2026-04-06T16:08:46.253977611Z Processing job 195b26df-da65-419c-98b4-e4b7c8194604
2026-04-06T16:08:46.929815675Z Completed job 195b26df-da65-419c-98b4-e4b7c8194604
2026-04-06T16:08:46.933983848Z Completed job 134743f2-e995-4d20-9ef9-4edfdf1fa584
2026-04-06T16:08:46.935617404Z Processing job 0cb2cae5-6621-4b15-95df-b9fbbd2f2ad3
2026-04-06T16:08:46.934350684Z Processing job 55d806b8-1c1a-45a3-bbb8-1cc3c1c579b6
2026-04-06T16:08:47.675646427Z Completed job 55d806b8-1c1a-45a3-bbb8-1cc3c1c579b6
2026-04-06T16:08:47.677512585Z Processing job d595dd65-492f-4dd9-8dd4-65ae9ba309ba
2026-04-06T16:08:47.710498904Z Completed job 0cb2cae5-6621-4b15-95df-b9fbbd2f2ad3
2026-04-06T16:08:47.711982447Z Processing job 5b72ba77-7dc9-4c63-abb7-4cd4596ae80e
2026-04-06T16:08:48.314847036Z Completed job 5b72ba77-7dc9-4c63-abb7-4cd4596ae80e
2026-04-06T16:08:48.308157469Z Completed job d595dd65-492f-4dd9-8dd4-65ae9ba309ba
2026-04-06T16:08:48.309959725Z Processing job a1ba3027-d216-462b-bfb9-83c6de72da4d
2026-04-06T16:08:48.316309715Z Processing job 6daf199d-c4f9-4199-855b-18eb812b6c9e
2026-04-06T16:08:48.952857626Z Completed job 6daf199d-c4f9-4199-855b-18eb812b6c9e
2026-04-06T16:08:48.950020475Z Completed job a1ba3027-d216-462b-bfb9-83c6de72da4d
2026-04-06T16:08:48.958351675Z Processing job 0869bffd-50ce-499c-bbf1-4ca508c1de1b
2026-04-06T16:08:48.951315730Z Processing job 05813cae-f1a0-48c3-9a03-4a0c29a76bc8
2026-04-06T16:08:49.626909565Z Completed job 0869bffd-50ce-499c-bbf1-4ca508c1de1b
2026-04-06T16:08:49.627661197Z Processing job 3942ddc1-d891-4977-a5e8-f1697f74094d
2026-04-06T16:08:49.623656382Z Completed job 05813cae-f1a0-48c3-9a03-4a0c29a76bc8
2026-04-06T16:08:49.625116497Z Processing job 5770ea51-9c1e-48b8-a996-1dc42c235122
2026-04-06T16:08:50.301074846Z Completed job 5770ea51-9c1e-48b8-a996-1dc42c235122
2026-04-06T16:08:50.296251928Z Completed job 3942ddc1-d891-4977-a5e8-f1697f74094d
2026-04-06T16:08:50.305714448Z Processing job a70952a0-c840-4783-b2cf-c44d2a0ff644
2026-04-06T16:08:50.297466804Z Processing job b190aded-fdc3-4df4-b419-0018c8195551
2026-04-06T16:08:50.947362162Z Completed job b190aded-fdc3-4df4-b419-0018c8195551
2026-04-06T16:08:50.956318064Z Processing job 655ac67f-05b0-4049-9fc1-b7ff87daf72a
2026-04-06T16:08:50.944450758Z Completed job a70952a0-c840-4783-b2cf-c44d2a0ff644
2026-04-06T16:08:50.947590924Z Processing job 736b4b6e-299e-4309-831c-a649e1c55c6b
2026-04-06T16:08:51.589118716Z Completed job 736b4b6e-299e-4309-831c-a649e1c55c6b
2026-04-06T16:08:51.582795623Z Completed job 655ac67f-05b0-4049-9fc1-b7ff87daf72a
2026-04-06T16:08:51.592659054Z Processing job 88d0cb8c-03af-4e99-9b4b-cbf4407351ac
2026-04-06T16:08:51.583392397Z Processing job 502ab11d-291b-4324-9e36-947ef12de4a0
2026-04-06T16:08:52.258712689Z Completed job 502ab11d-291b-4324-9e36-947ef12de4a0
2026-04-06T16:08:52.258961163Z Processing job 145d3c8c-5718-4103-8c02-8b103ae086c1
2026-04-06T16:08:52.296055624Z Completed job 88d0cb8c-03af-4e99-9b4b-cbf4407351ac
2026-04-06T16:08:52.296968919Z Processing job 866b7ab8-dd81-4419-8887-48ec62a2a4ac
2026-04-06T16:08:52.872918318Z Completed job 145d3c8c-5718-4103-8c02-8b103ae086c1
2026-04-06T16:08:52.880059309Z Processing job eed76f9c-849d-4756-a97c-d8b2fc072f86
2026-04-06T16:08:52.939191012Z Completed job 866b7ab8-dd81-4419-8887-48ec62a2a4ac
2026-04-06T16:08:52.940036712Z Processing job 2f448ce8-0337-471d-8ac3-d34b94e59c96
2026-04-06T16:08:53.460295148Z Completed job eed76f9c-849d-4756-a97c-d8b2fc072f86
2026-04-06T16:08:53.460997230Z Processing job f44459e7-1980-4081-b4ae-146f4795a6da
2026-04-06T16:08:53.533020401Z Completed job 2f448ce8-0337-471d-8ac3-d34b94e59c96
2026-04-06T16:08:53.533683953Z Processing job b4d6fafe-6337-453e-a6c4-ddd12bf96878
2026-04-06T16:08:54.072027397Z Completed job f44459e7-1980-4081-b4ae-146f4795a6da
2026-04-06T16:08:54.072111077Z Processing job 688ff1a9-5230-4335-ac45-7fdd8e53f3af
2026-04-06T16:08:54.115290929Z Completed job b4d6fafe-6337-453e-a6c4-ddd12bf96878
2026-04-06T16:08:54.123373147Z Processing job 187669fd-2e38-44f5-8bea-0c8d9dabccc0
2026-04-06T16:08:54.682446813Z Completed job 688ff1a9-5230-4335-ac45-7fdd8e53f3af
2026-04-06T16:08:54.684140997Z Processing job 78b25c53-0bcd-48a7-ab8e-cc99ce247039
2026-04-06T16:08:54.754952470Z Completed job 187669fd-2e38-44f5-8bea-0c8d9dabccc0
2026-04-06T16:08:54.756953695Z Processing job 8b0d43ea-2d25-4145-aa13-3eacda5d1b31
2026-04-06T16:08:55.326217606Z Completed job 78b25c53-0bcd-48a7-ab8e-cc99ce247039
2026-04-06T16:08:55.326752315Z Processing job e3673ac2-4162-4d99-b08b-daa3afeff066
2026-04-06T16:08:55.440203879Z Completed job 8b0d43ea-2d25-4145-aa13-3eacda5d1b31
2026-04-06T16:08:55.442528322Z Processing job 46341cbe-dec9-48f8-8df3-a6b7ba716054
2026-04-06T16:08:56.046023740Z Completed job e3673ac2-4162-4d99-b08b-daa3afeff066
2026-04-06T16:08:56.047028278Z Processing job c1135be5-ce9f-404a-8b1a-0c1c48a1f818
2026-04-06T16:08:56.132062488Z Completed job 46341cbe-dec9-48f8-8df3-a6b7ba716054
2026-04-06T16:08:56.133156219Z Processing job 50d714a9-d575-4e08-8ed1-89a56ae6dc88
2026-04-06T16:08:56.706358857Z Completed job c1135be5-ce9f-404a-8b1a-0c1c48a1f818
2026-04-06T16:08:56.708825540Z Processing job 5ed50f15-1903-498c-823a-f30ac7d5b884
2026-04-06T16:08:56.823083471Z Completed job 50d714a9-d575-4e08-8ed1-89a56ae6dc88
2026-04-06T16:08:56.825668508Z Processing job d14680a3-cd16-4d2b-9b6a-b66b4434486d
2026-04-06T16:08:57.595081796Z Completed job 5ed50f15-1903-498c-823a-f30ac7d5b884
2026-04-06T16:08:57.599744484Z Processing job b050b76b-a309-4156-a3a3-bc9be0897674
2026-04-06T16:08:57.624158735Z Completed job d14680a3-cd16-4d2b-9b6a-b66b4434486d
2026-04-06T16:08:57.624970437Z Processing job f15b7ca5-cb76-4eea-9585-168d48a83f95
2026-04-06T16:08:58.234461811Z Completed job b050b76b-a309-4156-a3a3-bc9be0897674
2026-04-06T16:08:58.236981568Z Processing job 3c34b8a5-d820-43aa-86ec-3acb7683491a
2026-04-06T16:08:58.243246678Z Completed job f15b7ca5-cb76-4eea-9585-168d48a83f95
2026-04-06T16:08:58.244497967Z Processing job 8553ad80-9494-4015-9f7d-9e1eb1897bd8
2026-04-06T16:08:58.890391772Z Completed job 3c34b8a5-d820-43aa-86ec-3acb7683491a
2026-04-06T16:08:58.891586446Z Processing job 61b74f7c-e72b-4637-beb3-36c53fd8b426
2026-04-06T16:08:58.899108353Z Completed job 8553ad80-9494-4015-9f7d-9e1eb1897bd8
2026-04-06T16:08:58.901892890Z Processing job 2ca47c69-5ac1-4cd7-ab25-7ee930f5f989
2026-04-06T16:08:59.533012301Z Completed job 61b74f7c-e72b-4637-beb3-36c53fd8b426
2026-04-06T16:08:59.535715744Z Processing job dbe3b178-0c4f-47c8-a4c8-464aea42e39f
2026-04-06T16:08:59.540508460Z Completed job 2ca47c69-5ac1-4cd7-ab25-7ee930f5f989
2026-04-06T16:08:59.544718449Z Processing job ea3fe27d-82e5-40ad-a041-488503e86055
2026-04-06T16:09:00.261984792Z Completed job ea3fe27d-82e5-40ad-a041-488503e86055
2026-04-06T16:09:00.266709512Z Completed job dbe3b178-0c4f-47c8-a4c8-464aea42e39f
2026-04-06T16:09:00.263165099Z Processing job daca5b85-5f88-4b7f-9adc-4f465a0c77d2
2026-04-06T16:09:00.268651242Z Processing job 348f2e75-814f-4e98-b5aa-df184e775fac
2026-04-06T16:09:00.983878351Z Completed job 348f2e75-814f-4e98-b5aa-df184e775fac
2026-04-06T16:09:00.985841838Z Processing job d36168b0-09c4-4d02-b7b5-08690de06ec8
2026-04-06T16:09:01.025619456Z Completed job daca5b85-5f88-4b7f-9adc-4f465a0c77d2
2026-04-06T16:09:01.026812082Z Processing job e2cee5d6-475c-4c37-b866-cc7551b999a4
2026-04-06T16:09:01.649920366Z Completed job d36168b0-09c4-4d02-b7b5-08690de06ec8
2026-04-06T16:09:01.659905434Z Processing job f5e6955a-0454-45c4-9494-3118b2016e08
2026-04-06T16:09:01.657953368Z Completed job e2cee5d6-475c-4c37-b866-cc7551b999a4
2026-04-06T16:09:01.659487658Z Processing job 77e38ad6-fff3-4043-915b-f1128c7ebe40
2026-04-06T16:09:02.367147090Z Completed job f5e6955a-0454-45c4-9494-3118b2016e08
2026-04-06T16:09:02.365856036Z Completed job 77e38ad6-fff3-4043-915b-f1128c7ebe40
2026-04-06T16:09:02.372381415Z Processing job 2270fba2-3270-425b-81f1-ca8b4101a47b
2026-04-06T16:09:02.372032833Z Processing job f4e34cdf-4cbf-4504-8261-357604473e9d
2026-04-06T16:09:03.025383307Z Completed job 2270fba2-3270-425b-81f1-ca8b4101a47b
2026-04-06T16:09:03.026249237Z Completed job f4e34cdf-4cbf-4504-8261-357604473e9d
2026-04-06T16:09:03.031196678Z Processing job c8c07809-fdb9-4808-99c3-259c8e4c2965
2026-04-06T16:09:03.029155539Z Processing job 919070d1-6676-4848-8387-dbf22a732e86
2026-04-06T16:09:03.684863972Z Completed job c8c07809-fdb9-4808-99c3-259c8e4c2965
2026-04-06T16:09:03.684081560Z Completed job 919070d1-6676-4848-8387-dbf22a732e86
2026-04-06T16:09:03.684191432Z Processing job 80983f78-4ce3-42c8-859b-b7e288e41017
2026-04-06T16:09:03.687752572Z Processing job d496edc0-8ebd-4e75-9ca5-6e382bfdde0e
2026-04-06T16:09:04.301568683Z Completed job 80983f78-4ce3-42c8-859b-b7e288e41017
2026-04-06T16:09:04.308480778Z Completed job d496edc0-8ebd-4e75-9ca5-6e382bfdde0e
2026-04-06T16:09:04.305986791Z Processing job 7afe2400-20e9-490c-9d4c-5597fa441a32
2026-04-06T16:09:04.311916849Z Processing job 9927c555-5465-45db-9dd7-e7827042df22
2026-04-06T16:09:04.937050102Z Completed job 7afe2400-20e9-490c-9d4c-5597fa441a32
2026-04-06T16:09:04.938248509Z Processing job 7e1276e9-60d9-446d-8a13-f56dcca8e349
2026-04-06T16:09:04.978067554Z Completed job 9927c555-5465-45db-9dd7-e7827042df22
2026-04-06T16:09:04.978814143Z Processing job 429b44fc-1aeb-4b60-8048-83087500fb2d
2026-04-06T16:09:05.564958104Z Completed job 7e1276e9-60d9-446d-8a13-f56dcca8e349
2026-04-06T16:09:05.572865577Z Completed job 429b44fc-1aeb-4b60-8048-83087500fb2d
2026-04-06T16:09:05.573522484Z Processing job 309ec8ff-ffbc-4376-b63a-16ef0c1db685
2026-04-06T16:09:05.579977052Z Processing job 231906e4-54e9-4d96-b5b5-56717175d7e1
2026-04-06T16:09:06.229174376Z Completed job 309ec8ff-ffbc-4376-b63a-16ef0c1db685
2026-04-06T16:09:06.232263104Z Completed job 231906e4-54e9-4d96-b5b5-56717175d7e1
2026-04-06T16:09:06.230774371Z Processing job 1466ebd0-6203-4506-b569-1e9bd3ac6a39
2026-04-06T16:09:06.237836436Z Processing job 975d5fc0-62a8-4053-8643-1ccccc4d4c54
2026-04-06T16:09:06.922209057Z Completed job 1466ebd0-6203-4506-b569-1e9bd3ac6a39
2026-04-06T16:09:06.926426446Z Processing job eba6a3b3-5cc9-47fc-82fc-0a8d498d12d9
2026-04-06T16:09:06.919924819Z Completed job 975d5fc0-62a8-4053-8643-1ccccc4d4c54
2026-04-06T16:09:06.923567796Z Processing job e24d9c38-0440-449a-b454-7ac30e63f31c
2026-04-06T16:09:07.653311457Z Completed job eba6a3b3-5cc9-47fc-82fc-0a8d498d12d9
2026-04-06T16:09:07.650563312Z Completed job e24d9c38-0440-449a-b454-7ac30e63f31c
2026-04-06T16:09:07.652878472Z Processing job dc2b68a3-39a1-4304-8fd1-8bbe8a668950
2026-04-06T16:09:07.655830247Z Processing job 1726c79d-b7f4-476a-a5b8-fba9edbb7caf
2026-04-06T16:09:08.355347286Z Completed job 1726c79d-b7f4-476a-a5b8-fba9edbb7caf
2026-04-06T16:09:08.359666491Z Completed job dc2b68a3-39a1-4304-8fd1-8bbe8a668950
2026-04-06T16:09:08.359159121Z Processing job 73709820-a645-4d0c-96b7-f74552b8e58a
2026-04-06T16:09:08.367972368Z Processing job 7027d0fc-134a-406b-8ed0-7e6271d9c738
2026-04-06T16:09:09.015611267Z Completed job 73709820-a645-4d0c-96b7-f74552b8e58a
2026-04-06T16:09:09.017120968Z Processing job 12f7754a-c749-4d6c-a065-f57997586e07
2026-04-06T16:09:09.024288977Z Completed job 7027d0fc-134a-406b-8ed0-7e6271d9c738
2026-04-06T16:09:09.027104748Z Processing job 80bf1036-1141-4300-be10-19a64fd25fa1
2026-04-06T16:09:09.692025259Z Completed job 80bf1036-1141-4300-be10-19a64fd25fa1
2026-04-06T16:09:09.695757742Z Processing job fa1ed233-544d-4931-807f-934387cfef6a
2026-04-06T16:09:09.734037293Z Completed job 12f7754a-c749-4d6c-a065-f57997586e07
2026-04-06T16:09:09.735486545Z Processing job 36c18c2f-f381-4383-acfb-fc54d2ea77c4
2026-04-06T16:09:10.346641860Z Completed job fa1ed233-544d-4931-807f-934387cfef6a
2026-04-06T16:09:10.347310214Z Processing job 5bd937fa-4ebe-4780-9606-1c4e157ebbcc
2026-04-06T16:09:10.396817858Z Completed job 36c18c2f-f381-4383-acfb-fc54d2ea77c4
2026-04-06T16:09:10.397478714Z Processing job 001bf199-ac13-41d0-877c-0ca2a3a5ddf4
2026-04-06T16:09:11.010302891Z Completed job 5bd937fa-4ebe-4780-9606-1c4e157ebbcc
2026-04-06T16:09:11.012202338Z Completed job 001bf199-ac13-41d0-877c-0ca2a3a5ddf4
2026-04-06T16:09:11.014382267Z Processing job 51ed8172-6823-4b0f-8b80-640c75ed14a4
2026-04-06T16:09:11.015610803Z Processing job 6a2ffaaf-bbbd-4cb0-b813-0991dbc0f374
2026-04-06T16:09:11.686939297Z Completed job 6a2ffaaf-bbbd-4cb0-b813-0991dbc0f374
2026-04-06T16:09:11.690960655Z Completed job 51ed8172-6823-4b0f-8b80-640c75ed14a4
2026-04-06T16:09:11.688948295Z Processing job f3c3d380-c8bc-4744-89b0-01f3471cc067
2026-04-06T16:09:11.694081361Z Processing job c42c73d6-71f6-4a87-bfb8-ae5535d15f11
2026-04-06T16:09:12.316216324Z Completed job c42c73d6-71f6-4a87-bfb8-ae5535d15f11
2026-04-06T16:09:12.318132446Z Completed job f3c3d380-c8bc-4744-89b0-01f3471cc067
2026-04-06T16:09:12.318815741Z Processing job e5f5c351-537c-4a4f-a630-36c652bd1371
2026-04-06T16:09:12.322661835Z Processing job 1fb5bebf-8fa6-4eaa-9f03-5877457bf793
2026-04-06T16:09:12.994755182Z Completed job e5f5c351-537c-4a4f-a630-36c652bd1371
2026-04-06T16:09:12.994788784Z Processing job af20011b-c881-48f4-b65e-6ed081b50a69
2026-04-06T16:09:12.994618847Z Completed job 1fb5bebf-8fa6-4eaa-9f03-5877457bf793
2026-04-06T16:09:12.995473156Z Processing job 3f27c42a-8e08-4977-9cbb-2f15b5da3227
2026-04-06T16:09:13.702770690Z Completed job 3f27c42a-8e08-4977-9cbb-2f15b5da3227
2026-04-06T16:09:13.704656263Z Processing job d179a4dd-a984-4c0d-8ce3-92201d14844e
2026-04-06T16:09:13.746262310Z Completed job af20011b-c881-48f4-b65e-6ed081b50a69
2026-04-06T16:09:13.747678390Z Processing job 370ebf48-c32c-4357-a04f-2684f27b438d
2026-04-06T16:09:14.344039264Z Completed job d179a4dd-a984-4c0d-8ce3-92201d14844e
2026-04-06T16:09:14.344814228Z Completed job 370ebf48-c32c-4357-a04f-2684f27b438d
2026-04-06T16:09:14.350610104Z Processing job 05157db0-c7df-45bd-8be2-22da87c9bb13
2026-04-06T16:09:14.345389141Z Processing job af7b5227-4c01-4c44-bc35-a4e2f894202e
2026-04-06T16:09:15.020302591Z Completed job af7b5227-4c01-4c44-bc35-a4e2f894202e
2026-04-06T16:09:15.023295702Z Completed job 05157db0-c7df-45bd-8be2-22da87c9bb13
2026-04-06T16:09:15.024210340Z Processing job 8cd7f439-ffd0-49e7-b933-e9c01e8f3937
2026-04-06T16:09:15.026681225Z Processing job 956d906b-f4b3-42f1-8f1a-28dfb00a56d7
2026-04-06T16:09:15.717617461Z Completed job 8cd7f439-ffd0-49e7-b933-e9c01e8f3937
2026-04-06T16:09:15.731298058Z Completed job 956d906b-f4b3-42f1-8f1a-28dfb00a56d7
2026-04-06T16:09:15.720906272Z Processing job 1a937cd1-1c4a-4903-a277-2e17ca13753e
2026-04-06T16:09:15.739254800Z Processing job 9d334c05-1a22-44e6-9168-980f84134e90
2026-04-06T16:09:16.396690652Z Completed job 9d334c05-1a22-44e6-9168-980f84134e90
2026-04-06T16:09:16.397769972Z Processing job 89da91a6-90c7-4fca-bdaa-b20c1692cb78
2026-04-06T16:09:16.404553555Z Completed job 1a937cd1-1c4a-4903-a277-2e17ca13753e
2026-04-06T16:09:16.411026592Z Processing job 0d046f62-9d32-4dd7-9be5-d9654553b6ac
2026-04-06T16:09:17.081861825Z Completed job 89da91a6-90c7-4fca-bdaa-b20c1692cb78
2026-04-06T16:09:17.087151953Z Completed job 0d046f62-9d32-4dd7-9be5-d9654553b6ac
2026-04-06T16:09:17.085211315Z Processing job 612780c6-43c9-451d-a058-72551765492e
2026-04-06T16:09:17.091195188Z Processing job edcad77d-c738-4af9-be0c-f643ad09ec95
2026-04-06T16:09:17.731068177Z Completed job edcad77d-c738-4af9-be0c-f643ad09ec95
2026-04-06T16:09:17.731112588Z Processing job c96e90c0-3991-49ac-8b39-7875e21693ff
2026-04-06T16:09:17.729148300Z Completed job 612780c6-43c9-451d-a058-72551765492e
2026-04-06T16:09:17.730566314Z Processing job 8b899f09-7de7-4f1f-9625-aadefcc788a0
2026-04-06T16:09:18.370327979Z Completed job c96e90c0-3991-49ac-8b39-7875e21693ff
2026-04-06T16:09:18.372777610Z Processing job fc9b6c86-1674-4d48-81aa-d8850a6effb8
2026-04-06T16:09:18.403403302Z Completed job 8b899f09-7de7-4f1f-9625-aadefcc788a0
2026-04-06T16:09:18.404696622Z Processing job 44fe92cb-0372-4645-bcb9-ab29b3e6d07a
2026-04-06T16:09:18.996320021Z Completed job fc9b6c86-1674-4d48-81aa-d8850a6effb8
2026-04-06T16:09:18.997763412Z Processing job 5115f27e-d125-4686-b5c4-caae1ccb6ca0
2026-04-06T16:09:19.007277721Z Completed job 44fe92cb-0372-4645-bcb9-ab29b3e6d07a
2026-04-06T16:09:19.011670603Z Processing job ab5ef0d5-a03d-4f5a-878e-5ecd94fbb347
2026-04-06T16:09:19.614646289Z Completed job 5115f27e-d125-4686-b5c4-caae1ccb6ca0
2026-04-06T16:09:19.616499442Z Completed job ab5ef0d5-a03d-4f5a-878e-5ecd94fbb347
2026-04-06T16:09:19.620078041Z Processing job 62c66bd3-3b78-4665-8a56-063ed0eca2a5
2026-04-06T16:09:19.616889604Z Processing job 9dbc71d7-32f1-4ed9-9dcb-a0f3cde3998c
2026-04-06T16:09:20.265140036Z Completed job 62c66bd3-3b78-4665-8a56-063ed0eca2a5
2026-04-06T16:09:20.268801066Z Processing job 47596de2-57b4-4963-a9b7-03d8f3de8f82
2026-04-06T16:09:20.272038436Z Completed job 9dbc71d7-32f1-4ed9-9dcb-a0f3cde3998c
2026-04-06T16:09:20.272760239Z Processing job 90154ac4-f80a-4e8c-b047-2ad5d5573680
2026-04-06T16:09:20.944207847Z Completed job 90154ac4-f80a-4e8c-b047-2ad5d5573680
2026-04-06T16:09:20.949656295Z Processing job 183fc7ca-2dd4-411d-a90f-38f31706d2a2
2026-04-06T16:09:20.941628575Z Completed job 47596de2-57b4-4963-a9b7-03d8f3de8f82
2026-04-06T16:09:20.944102726Z Processing job 125aed15-1c9c-4217-a9d6-f1f7e3b85708
2026-04-06T16:09:21.572722230Z Completed job 125aed15-1c9c-4217-a9d6-f1f7e3b85708
2026-04-06T16:09:21.574089212Z Processing job 51e098d3-2b53-4708-90f1-96796d37eefc
2026-04-06T16:09:21.575927923Z Completed job 183fc7ca-2dd4-411d-a90f-38f31706d2a2
2026-04-06T16:09:21.576608737Z Processing job 8713738e-f0fb-4378-8824-797bdbd2d3a1
2026-04-06T16:09:22.311582835Z Completed job 8713738e-f0fb-4378-8824-797bdbd2d3a1
2026-04-06T16:09:22.312701223Z Processing job 96621307-b04f-43d2-8c03-fdfcd02c4fd4
2026-04-06T16:09:22.379490332Z Completed job 51e098d3-2b53-4708-90f1-96796d37eefc
2026-04-06T16:09:22.380293479Z Processing job bdbde7ce-8502-4680-9d34-7c51b3404398
2026-04-06T16:09:22.964158172Z Completed job 96621307-b04f-43d2-8c03-fdfcd02c4fd4
2026-04-06T16:09:22.966677934Z Processing job 7252a06c-cdc9-4386-bc45-d9af5e682d0b
2026-04-06T16:09:23.045079442Z Completed job bdbde7ce-8502-4680-9d34-7c51b3404398
2026-04-06T16:09:23.046077126Z Processing job 107444b6-e635-4dd7-b59a-78163f5a7b09
2026-04-06T16:09:23.612865680Z Completed job 7252a06c-cdc9-4386-bc45-d9af5e682d0b
2026-04-06T16:09:23.614112999Z Processing job 5918fc0a-43b9-4b98-bfcd-bbf49a6a9738
2026-04-06T16:09:23.686528770Z Completed job 107444b6-e635-4dd7-b59a-78163f5a7b09
2026-04-06T16:09:23.688302835Z Processing job a686b340-5fe3-4283-b9d4-a6a75211b597
2026-04-06T16:09:24.275119233Z Completed job 5918fc0a-43b9-4b98-bfcd-bbf49a6a9738
2026-04-06T16:09:24.277621852Z Processing job f94ea896-a8b6-4c23-99be-397363011fb8
2026-04-06T16:09:24.401150725Z Completed job a686b340-5fe3-4283-b9d4-a6a75211b597
2026-04-06T16:09:24.403431832Z Processing job 813ae970-ae29-4c1e-b274-ee2f479108eb
2026-04-06T16:09:24.924634450Z Completed job f94ea896-a8b6-4c23-99be-397363011fb8
2026-04-06T16:09:24.926128900Z Processing job c3a8dac7-0ef5-429e-afb2-deaaa032437e
2026-04-06T16:09:25.070949034Z Completed job 813ae970-ae29-4c1e-b274-ee2f479108eb
2026-04-06T16:09:25.074545932Z Processing job 1b35272f-a155-4b0c-b620-8c9110559284
2026-04-06T16:09:25.595243035Z Completed job c3a8dac7-0ef5-429e-afb2-deaaa032437e
2026-04-06T16:09:25.595853340Z Processing job 8b795cbb-45b3-4f80-94d7-0d239dbb11e4
2026-04-06T16:09:25.746664221Z Completed job 1b35272f-a155-4b0c-b620-8c9110559284
2026-04-06T16:09:25.747328666Z Processing job 486861ec-b6d3-42a7-835c-7c6066035f04
2026-04-06T16:09:26.239625631Z Completed job 8b795cbb-45b3-4f80-94d7-0d239dbb11e4
2026-04-06T16:09:26.240790951Z Processing job a9d91ad1-ab23-49e1-8472-e04e83c1e6f4
2026-04-06T16:09:26.392477245Z Completed job 486861ec-b6d3-42a7-835c-7c6066035f04
2026-04-06T16:09:26.396705694Z Processing job 7a0be6e4-7687-47aa-a2c4-3def7789f09a
2026-04-06T16:09:26.971650891Z Completed job a9d91ad1-ab23-49e1-8472-e04e83c1e6f4
2026-04-06T16:09:26.973622914Z Processing job 06acca09-9d30-46de-bca4-f7f07f70daca
2026-04-06T16:09:27.179975661Z Completed job 7a0be6e4-7687-47aa-a2c4-3def7789f09a
2026-04-06T16:09:27.180475618Z Processing job b93fe9a4-ce75-4151-a29c-ed90b9e049b8
2026-04-06T16:09:27.765136708Z Completed job 06acca09-9d30-46de-bca4-f7f07f70daca
2026-04-06T16:09:27.767764593Z Processing job ec32fdca-b1b1-47ea-9d10-07d6f66959fe
2026-04-06T16:09:27.875603725Z Completed job b93fe9a4-ce75-4151-a29c-ed90b9e049b8
2026-04-06T16:09:27.880329076Z Processing job b80e4f3a-394b-45b8-9d27-025753c34501
2026-04-06T16:09:28.428373257Z Completed job ec32fdca-b1b1-47ea-9d10-07d6f66959fe
2026-04-06T16:09:28.429019519Z Processing job 36ab68bb-01eb-46e8-882c-8ea189e72be9
2026-04-06T16:09:28.555222170Z Completed job b80e4f3a-394b-45b8-9d27-025753c34501
2026-04-06T16:09:28.556274480Z Processing job 5a4a3fdd-b1a1-41aa-85ea-d1f6968aa76d
2026-04-06T16:09:29.083533345Z Completed job 36ab68bb-01eb-46e8-882c-8ea189e72be9
2026-04-06T16:09:29.084402652Z Processing job 00bec63b-5e1d-41aa-9d57-78fb70c0743d
2026-04-06T16:09:29.191817618Z Completed job 5a4a3fdd-b1a1-41aa-85ea-d1f6968aa76d
2026-04-06T16:09:29.193263819Z Processing job de5f18bd-b37f-4789-b919-a1eebacc5040
2026-04-06T16:09:29.752240681Z Completed job 00bec63b-5e1d-41aa-9d57-78fb70c0743d
2026-04-06T16:09:29.755488149Z Processing job 11a942b4-803d-4c74-a385-f7af05e9968e
2026-04-06T16:09:29.863821355Z Completed job de5f18bd-b37f-4789-b919-a1eebacc5040
2026-04-06T16:09:29.867563350Z Processing job 2e92be62-d6ec-40b7-9eda-82930f8e4544
2026-04-06T16:09:30.400928371Z Completed job 11a942b4-803d-4c74-a385-f7af05e9968e
2026-04-06T16:09:30.402121413Z Processing job 4766854b-38e8-476b-bc67-1f4d30eed938
2026-04-06T16:09:30.612071122Z Completed job 2e92be62-d6ec-40b7-9eda-82930f8e4544
2026-04-06T16:09:30.614532812Z Processing job 7954b498-9bb1-469e-9bd1-316d2fca26a7
2026-04-06T16:09:31.100681254Z Completed job 4766854b-38e8-476b-bc67-1f4d30eed938
2026-04-06T16:09:31.101057691Z Processing job 29238213-cc36-4aba-8247-87cf596f2032
2026-04-06T16:09:31.263356604Z Completed job 7954b498-9bb1-469e-9bd1-316d2fca26a7
2026-04-06T16:09:31.265026947Z Processing job 96e7d706-d2b9-410a-ade1-48025eaa08a2
2026-04-06T16:09:31.727245644Z Completed job 29238213-cc36-4aba-8247-87cf596f2032
2026-04-06T16:09:31.727972954Z Processing job 3b58845d-2a07-4180-b5a3-216e0b1070bb
2026-04-06T16:09:31.899272871Z Completed job 96e7d706-d2b9-410a-ade1-48025eaa08a2
2026-04-06T16:09:31.900709781Z Processing job 069de5eb-0b05-41ed-9a89-0c2c39ce8afe
2026-04-06T16:09:32.371164543Z Completed job 3b58845d-2a07-4180-b5a3-216e0b1070bb
2026-04-06T16:09:32.375383090Z Processing job 30ea9cbf-fd67-49b8-90c1-89643f4fc938
2026-04-06T16:09:32.575504735Z Completed job 069de5eb-0b05-41ed-9a89-0c2c39ce8afe
2026-04-06T16:09:32.585653866Z Processing job aff871ce-8f0e-4512-9263-eae7ad55744a
2026-04-06T16:09:33.291682720Z Completed job 30ea9cbf-fd67-49b8-90c1-89643f4fc938
2026-04-06T16:09:33.326100810Z Completed job aff871ce-8f0e-4512-9263-eae7ad55744a
2026-04-06T16:09:33.331817831Z Processing job c959a8ca-206c-4dcc-a194-472ad51a08e6
2026-04-06T16:09:33.331710933Z Processing job 4b0227c1-17be-4d10-80da-ed9b383c81e5
2026-04-06T16:09:34.084248142Z Completed job c959a8ca-206c-4dcc-a194-472ad51a08e6
2026-04-06T16:09:34.081733324Z Completed job 4b0227c1-17be-4d10-80da-ed9b383c81e5
2026-04-06T16:09:34.089479557Z Processing job 73ffee07-d4eb-4937-9bb4-c7dcd4bf16bb
2026-04-06T16:09:34.089049141Z Processing job c1cc3ce4-d5ad-4039-b1ee-e16c229f7a9e
2026-04-06T16:09:34.685138409Z Completed job 73ffee07-d4eb-4937-9bb4-c7dcd4bf16bb
2026-04-06T16:09:34.685026936Z Completed job c1cc3ce4-d5ad-4039-b1ee-e16c229f7a9e
2026-04-06T16:09:34.686356132Z Processing job d38dd07c-51f6-4635-b4eb-4b1661c281e0
2026-04-06T16:09:34.692972499Z Processing job acc7b7f5-d246-4d15-8e2b-5ed20bce8c36
2026-04-06T16:09:35.284536237Z Completed job d38dd07c-51f6-4635-b4eb-4b1661c281e0
2026-04-06T16:09:35.292726065Z Processing job 237ba808-2cf3-4554-b18a-c3bd6c3a1fb5
2026-04-06T16:09:35.288072648Z Completed job acc7b7f5-d246-4d15-8e2b-5ed20bce8c36
2026-04-06T16:09:35.292695337Z Processing job 085311ba-30d2-48b4-859d-98a5716fc645
2026-04-06T16:09:35.957667671Z Completed job 237ba808-2cf3-4554-b18a-c3bd6c3a1fb5
2026-04-06T16:09:35.963162761Z Processing job 240693ac-e04a-4f9f-aa1a-3cd829179e99
2026-04-06T16:09:36.024758618Z Completed job 085311ba-30d2-48b4-859d-98a5716fc645
2026-04-06T16:09:36.026136131Z Processing job 61a27e6f-a2d0-4461-a6cb-c14542c7eb5f
2026-04-06T16:09:36.632590324Z Completed job 240693ac-e04a-4f9f-aa1a-3cd829179e99
2026-04-06T16:09:36.634397640Z Processing job 9858538a-59a3-446f-a69e-8345e1c68d5f
2026-04-06T16:09:36.731521444Z Completed job 61a27e6f-a2d0-4461-a6cb-c14542c7eb5f
2026-04-06T16:09:36.734452054Z Processing job ded4be8c-df71-4ac1-a420-fd46ee399075
2026-04-06T16:09:37.396598720Z Completed job 9858538a-59a3-446f-a69e-8345e1c68d5f
2026-04-06T16:09:37.399731142Z Processing job 679d929b-f071-4531-8b18-5d476d1da7f3
2026-04-06T16:09:37.436148827Z Completed job ded4be8c-df71-4ac1-a420-fd46ee399075
2026-04-06T16:09:37.438015299Z Processing job 09433eaa-208f-41f2-a7d6-d461c988526b
2026-04-06T16:09:38.042545796Z Completed job 679d929b-f071-4531-8b18-5d476d1da7f3
2026-04-06T16:09:38.043079054Z Processing job 65982045-13fd-4f4e-8052-f3a9f5fad00f
2026-04-06T16:09:38.090650950Z Completed job 09433eaa-208f-41f2-a7d6-d461c988526b
2026-04-06T16:09:38.091311141Z Processing job 855b2758-b0f5-4668-8352-0855818f7e63
2026-04-06T16:09:38.647144160Z Completed job 65982045-13fd-4f4e-8052-f3a9f5fad00f
2026-04-06T16:09:38.646336452Z Completed job 855b2758-b0f5-4668-8352-0855818f7e63
2026-04-06T16:09:38.650971096Z Processing job 11419899-0497-4463-83a8-f3b55009769e
2026-04-06T16:09:38.650822399Z Processing job 8a43dcf1-88da-43f3-a656-8ac6a28bb696
2026-04-06T16:09:39.316760660Z Completed job 8a43dcf1-88da-43f3-a656-8ac6a28bb696
2026-04-06T16:09:39.317395665Z Processing job 05f7bed7-05b0-4962-8ed5-3df2a9069336
2026-04-06T16:09:39.326253249Z Completed job 11419899-0497-4463-83a8-f3b55009769e
2026-04-06T16:09:39.334214630Z Processing job 4c6cba94-8156-407a-9c12-28b1adb9b129
2026-04-06T16:09:39.927592579Z Completed job 05f7bed7-05b0-4962-8ed5-3df2a9069336
2026-04-06T16:09:39.929197538Z Processing job 51901fb2-012e-4665-9561-963a1cee457a
2026-04-06T16:09:39.964985084Z Completed job 4c6cba94-8156-407a-9c12-28b1adb9b129
2026-04-06T16:09:39.967567751Z Processing job 72e8f570-4fe3-4e4f-b59c-c4fd932cde9c
2026-04-06T16:09:40.605817197Z Completed job 51901fb2-012e-4665-9561-963a1cee457a
2026-04-06T16:09:40.606999463Z Processing job 503016e7-8a45-4265-bffc-d374fd2f06b0
2026-04-06T16:09:40.610141486Z Completed job 72e8f570-4fe3-4e4f-b59c-c4fd932cde9c
2026-04-06T16:09:40.618559666Z Processing job d456e6a3-cacd-4d67-8bcb-b7f434287e94
2026-04-06T16:09:41.275682298Z Completed job d456e6a3-cacd-4d67-8bcb-b7f434287e94
2026-04-06T16:09:41.286718730Z Processing job 972675b6-4f00-4b80-93e1-5f0314db4183
2026-04-06T16:09:41.273397405Z Completed job 503016e7-8a45-4265-bffc-d374fd2f06b0
2026-04-06T16:09:41.275104218Z Processing job cf81881e-379c-4ed7-bdee-0a3a81ae5913
2026-04-06T16:09:41.926653043Z Completed job 972675b6-4f00-4b80-93e1-5f0314db4183
2026-04-06T16:09:41.924682373Z Completed job cf81881e-379c-4ed7-bdee-0a3a81ae5913
2026-04-06T16:09:41.928898258Z Processing job 0ff9d4a5-0ac6-4549-ae37-d7825561f134
2026-04-06T16:09:41.931651051Z Processing job 9a01ac70-ef53-4837-b6c8-836bb8728feb
2026-04-06T16:09:42.592245797Z Completed job 9a01ac70-ef53-4837-b6c8-836bb8728feb
2026-04-06T16:09:42.587934274Z Completed job 0ff9d4a5-0ac6-4549-ae37-d7825561f134
2026-04-06T16:09:42.589942036Z Processing job 7773dbe3-5809-4c32-a903-e31447d22061
2026-04-06T16:09:42.594488308Z Processing job 73294207-190e-4f5e-bf16-7c6897cf4224
2026-04-06T16:09:43.228369800Z Completed job 73294207-190e-4f5e-bf16-7c6897cf4224
2026-04-06T16:09:43.226759666Z Completed job 7773dbe3-5809-4c32-a903-e31447d22061
2026-04-06T16:09:43.229775991Z Processing job 4e6adf34-c2d9-404e-9755-69ddcb580e6f
2026-04-06T16:09:43.233984360Z Processing job 698ff403-f9b1-4c02-b1d2-4084449834b3
2026-04-06T16:09:43.881526934Z Completed job 698ff403-f9b1-4c02-b1d2-4084449834b3
2026-04-06T16:09:43.884621234Z Completed job 4e6adf34-c2d9-404e-9755-69ddcb580e6f
2026-04-06T16:09:43.891963326Z Processing job fb4b86c0-f94b-453f-a888-8f8e3eafc358
2026-04-06T16:09:43.886946574Z Processing job 5848f183-2a8b-4cf3-a222-d8c6515c5f0b
2026-04-06T16:09:44.552993987Z Completed job fb4b86c0-f94b-453f-a888-8f8e3eafc358
2026-04-06T16:09:44.553679861Z Processing job e917b913-3a17-474e-9122-f3dcc0834f63
2026-04-06T16:09:44.580271448Z Completed job 5848f183-2a8b-4cf3-a222-d8c6515c5f0b
2026-04-06T16:09:44.581999139Z Processing job bc57890e-7f25-4a92-b2c8-ae2d69c41cf6
2026-04-06T16:09:45.196213544Z Completed job bc57890e-7f25-4a92-b2c8-ae2d69c41cf6
2026-04-06T16:09:45.196527721Z Processing job 1ff1c308-c782-4259-b381-f7d453177c06
2026-04-06T16:09:45.202661914Z Completed job e917b913-3a17-474e-9122-f3dcc0834f63
2026-04-06T16:09:45.204511584Z Processing job e6e1a7e2-3ff0-417d-b749-835585992004
2026-04-06T16:09:45.840487322Z Completed job 1ff1c308-c782-4259-b381-f7d453177c06
2026-04-06T16:09:45.844325871Z Completed job e6e1a7e2-3ff0-417d-b749-835585992004
2026-04-06T16:09:45.847064261Z Processing job 5dcf45fe-8598-415b-8630-46134c6d37fb
2026-04-06T16:09:45.844019748Z Processing job cd220d2b-17d9-4a0e-8de5-0db34156671c
2026-04-06T16:09:46.491880052Z Completed job 5dcf45fe-8598-415b-8630-46134c6d37fb
2026-04-06T16:09:46.490523577Z Completed job cd220d2b-17d9-4a0e-8de5-0db34156671c
2026-04-06T16:09:46.493032980Z Processing job ce77f36f-18df-4062-80a2-5d0108a49165
2026-04-06T16:09:46.497328026Z Processing job 2c8e8451-0a3f-41e4-ad03-c18277343330
2026-04-06T16:09:47.351991415Z Completed job ce77f36f-18df-4062-80a2-5d0108a49165
2026-04-06T16:09:47.355224785Z Processing job 377dccf6-a625-4261-acb3-51b56cf65ac2
2026-04-06T16:09:47.359518196Z Completed job 2c8e8451-0a3f-41e4-ad03-c18277343330
2026-04-06T16:09:47.363118197Z Processing job 3b055d51-49b3-40e8-8c2c-f403ef49011e
2026-04-06T16:09:48.033695432Z Completed job 377dccf6-a625-4261-acb3-51b56cf65ac2
2026-04-06T16:09:48.033965474Z Completed job 3b055d51-49b3-40e8-8c2c-f403ef49011e
2026-04-06T16:09:48.036888852Z Processing job 117f9f50-ee5b-4bbb-85f2-1c18838eb39b
2026-04-06T16:09:48.041392334Z Processing job 0c2a0821-d361-4698-a7a1-ce58f350d76c
2026-04-06T16:09:48.703184054Z Completed job 0c2a0821-d361-4698-a7a1-ce58f350d76c
2026-04-06T16:09:48.706786572Z Processing job 21fced49-7c52-4549-b212-8534cae3e9af
2026-04-06T16:09:48.739572328Z Completed job 117f9f50-ee5b-4bbb-85f2-1c18838eb39b
2026-04-06T16:09:48.740593359Z Processing job a1adea75-0626-4b7f-92fd-3669f9d66f9c
2026-04-06T16:09:49.332072770Z Completed job a1adea75-0626-4b7f-92fd-3669f9d66f9c
2026-04-06T16:09:49.332195578Z Completed job 21fced49-7c52-4549-b212-8534cae3e9af
2026-04-06T16:09:49.334632492Z Processing job 4b525f96-7dd7-4ffa-8cfa-970692bc9517
2026-04-06T16:09:49.338789353Z Processing job e8e9e5ff-cd80-4598-96e7-e9788cb00149
2026-04-06T16:09:49.958255246Z Completed job 4b525f96-7dd7-4ffa-8cfa-970692bc9517
2026-04-06T16:09:49.961496806Z Processing job 94b25d28-14c0-405b-b360-d19ad1821d78
2026-04-06T16:09:49.965989958Z Completed job e8e9e5ff-cd80-4598-96e7-e9788cb00149
2026-04-06T16:09:49.966356283Z Processing job f542248a-70ab-445c-b919-b6a8718b8f1a
2026-04-06T16:09:50.664746862Z Completed job 94b25d28-14c0-405b-b360-d19ad1821d78
2026-04-06T16:09:50.667850538Z Processing job e54786c7-7592-49b8-b3db-20c365cae0bd
2026-04-06T16:09:50.684045957Z Completed job f542248a-70ab-445c-b919-b6a8718b8f1a
2026-04-06T16:09:50.684521770Z Processing job ba81f2f3-2639-4bb1-a541-6d3f4a8b2133
2026-04-06T16:09:51.332762663Z Completed job ba81f2f3-2639-4bb1-a541-6d3f4a8b2133
2026-04-06T16:09:51.334168147Z Processing job 641a8abc-cb2f-4bef-ba79-a50af0850ad5
2026-04-06T16:09:51.323765426Z Completed job e54786c7-7592-49b8-b3db-20c365cae0bd
2026-04-06T16:09:51.326463898Z Processing job af7b4444-a963-49d0-86d0-fea4e0539f86
2026-04-06T16:09:51.977706101Z Completed job af7b4444-a963-49d0-86d0-fea4e0539f86
2026-04-06T16:09:51.977994013Z Processing job a23a119c-95e3-4357-9fed-bffcffd799da
2026-04-06T16:09:51.977615860Z Completed job 641a8abc-cb2f-4bef-ba79-a50af0850ad5
2026-04-06T16:09:51.981851621Z Processing job 234e12a9-29c1-4427-82d0-66f5a67fdd5c
2026-04-06T16:09:52.608974637Z Completed job 234e12a9-29c1-4427-82d0-66f5a67fdd5c
2026-04-06T16:09:52.610613007Z Processing job f1199ab0-c4ba-4356-94db-99f5f209750f
2026-04-06T16:09:52.617399867Z Completed job a23a119c-95e3-4357-9fed-bffcffd799da
2026-04-06T16:09:52.620699208Z Processing job 87c6cf01-d96d-40c8-9872-59b8245009f0
2026-04-06T16:09:53.208190492Z Completed job 87c6cf01-d96d-40c8-9872-59b8245009f0
2026-04-06T16:09:53.211563444Z Processing job ca8d84f7-14c0-478a-8e82-d113b647363e
2026-04-06T16:09:53.245637555Z Completed job f1199ab0-c4ba-4356-94db-99f5f209750f
2026-04-06T16:09:53.248669278Z Processing job 903007ab-6dcd-4732-bf1b-185b1e4425f3
2026-04-06T16:09:53.860268068Z Completed job ca8d84f7-14c0-478a-8e82-d113b647363e
2026-04-06T16:09:53.860820028Z Processing job de6c5431-679f-4af5-8d98-cb664e1a4bd8
2026-04-06T16:09:53.908264058Z Completed job 903007ab-6dcd-4732-bf1b-185b1e4425f3
2026-04-06T16:09:53.910503868Z Processing job 4d850d6b-c972-43b7-ba41-f5237986d6e3
2026-04-06T16:09:54.491337386Z Completed job de6c5431-679f-4af5-8d98-cb664e1a4bd8
2026-04-06T16:09:54.491585873Z Completed job 4d850d6b-c972-43b7-ba41-f5237986d6e3
2026-04-06T16:09:54.498161851Z Processing job 09fb7d3d-1e55-4679-9479-2e327710729b
2026-04-06T16:09:54.493484124Z Processing job eb62bc90-79cf-4374-b1f9-d468497a31fa
2026-04-06T16:09:55.128320588Z Completed job eb62bc90-79cf-4374-b1f9-d468497a31fa
2026-04-06T16:09:55.124968697Z Completed job 09fb7d3d-1e55-4679-9479-2e327710729b
2026-04-06T16:09:55.126873071Z Processing job a12a13b3-4016-4268-b79d-631271ba108f
2026-04-06T16:09:55.136832174Z Processing job 1be1c355-693f-49b4-93cf-09fa3810ee07
2026-04-06T16:09:55.812741871Z Completed job a12a13b3-4016-4268-b79d-631271ba108f
2026-04-06T16:09:55.815984462Z Processing job 0f0dfe6c-beff-4cae-a135-108342b6b0b1
2026-04-06T16:09:55.816261461Z Completed job 1be1c355-693f-49b4-93cf-09fa3810ee07
2026-04-06T16:09:55.816290321Z Processing job d0a481c9-6428-401a-8c43-ea806de9b65c
2026-04-06T16:09:56.449974079Z Completed job d0a481c9-6428-401a-8c43-ea806de9b65c
2026-04-06T16:09:56.453843164Z Processing job a36a445b-3865-4232-8a14-9e6447e8569e
2026-04-06T16:09:56.447044783Z Completed job 0f0dfe6c-beff-4cae-a135-108342b6b0b1
2026-04-06T16:09:56.448054294Z Processing job 346c3ded-f307-470d-847f-edd149e83f60
2026-04-06T16:09:57.174291979Z Completed job 346c3ded-f307-470d-847f-edd149e83f60
2026-04-06T16:09:57.183014198Z Processing job b65fcdb8-a86a-442d-8d72-25521063f6d4
2026-04-06T16:09:57.213941854Z Completed job a36a445b-3865-4232-8a14-9e6447e8569e
2026-04-06T16:09:57.215208823Z Processing job fe6233d5-2164-4e09-a75e-71ffad74220d
2026-04-06T16:09:57.881956715Z Completed job fe6233d5-2164-4e09-a75e-71ffad74220d
2026-04-06T16:09:57.883809159Z Processing job 110802f5-8529-4a35-9a69-073c6e0dc10e
2026-04-06T16:09:57.880269399Z Completed job b65fcdb8-a86a-442d-8d72-25521063f6d4
2026-04-06T16:09:57.885783210Z Processing job f43805a6-0dd9-4845-a034-eea717b1c300
2026-04-06T16:09:58.495897749Z Completed job 110802f5-8529-4a35-9a69-073c6e0dc10e
2026-04-06T16:09:58.498174119Z Processing job bdbd10be-252d-4020-bf9e-49a5f6821158
2026-04-06T16:09:58.498132655Z Completed job f43805a6-0dd9-4845-a034-eea717b1c300
2026-04-06T16:09:58.502266162Z Processing job dc41bda7-d800-4b02-8faa-5b285215dd8e
2026-04-06T16:09:59.125683155Z Completed job bdbd10be-252d-4020-bf9e-49a5f6821158
2026-04-06T16:09:59.123378241Z Completed job dc41bda7-d800-4b02-8faa-5b285215dd8e
2026-04-06T16:09:59.128824654Z Processing job 32912ace-401b-46e7-a899-8cad658f39e4
2026-04-06T16:09:59.127806026Z Processing job 06d72578-8df2-4a96-87ea-129c324003f7
2026-04-06T16:09:59.783158828Z Completed job 32912ace-401b-46e7-a899-8cad658f39e4
2026-04-06T16:09:59.785865028Z Completed job 06d72578-8df2-4a96-87ea-129c324003f7
2026-04-06T16:09:59.785582928Z Processing job 163e7b3a-5b00-49cc-9dc1-29dbb51ce0b1
2026-04-06T16:09:59.789721086Z Processing job 1c86eaaf-6799-4b46-9e87-fd2037e26057
2026-04-06T16:10:00.363201467Z Completed job 1c86eaaf-6799-4b46-9e87-fd2037e26057
2026-04-06T16:10:00.363584397Z Processing job 9246a48f-1968-46ff-90ef-e96800baa3d7
2026-04-06T16:10:00.368133050Z Completed job 163e7b3a-5b00-49cc-9dc1-29dbb51ce0b1
2026-04-06T16:10:00.371234630Z Processing job 78473544-920e-4279-a2ef-b7c2f8c4ec0d
2026-04-06T16:10:01.002839864Z Completed job 78473544-920e-4279-a2ef-b7c2f8c4ec0d
2026-04-06T16:10:01.007927742Z Completed job 9246a48f-1968-46ff-90ef-e96800baa3d7
2026-04-06T16:10:01.003517911Z Processing job b8baded9-2292-4801-9e67-d7b5007f089d
2026-04-06T16:10:01.016511211Z Processing job 92361db7-babd-4fcf-b0fd-39efcc984532
2026-04-06T16:10:01.667683979Z Completed job b8baded9-2292-4801-9e67-d7b5007f089d
2026-04-06T16:10:01.667776785Z Processing job 17553313-e278-4901-8eeb-03f26b39e207
2026-04-06T16:10:01.744688939Z Completed job 92361db7-babd-4fcf-b0fd-39efcc984532
2026-04-06T16:10:01.747081841Z Processing job 757d315b-ab4b-49bd-88d3-183658750d81
2026-04-06T16:10:02.333385536Z Completed job 17553313-e278-4901-8eeb-03f26b39e207
2026-04-06T16:10:02.335610489Z Processing job 5320a346-6af7-4432-94bf-9beb71134792
2026-04-06T16:10:02.442474081Z Completed job 757d315b-ab4b-49bd-88d3-183658750d81
2026-04-06T16:10:02.443355839Z Processing job e165873d-e86a-4547-b62f-5ed44995d821
2026-04-06T16:10:02.977477849Z Completed job 5320a346-6af7-4432-94bf-9beb71134792
2026-04-06T16:10:02.978994942Z Processing job de6965f3-8b2f-4c12-8290-fa605a225d73
2026-04-06T16:10:03.121612612Z Completed job e165873d-e86a-4547-b62f-5ed44995d821
2026-04-06T16:10:03.125631215Z Processing job 39a1548e-21a8-48c6-a2b4-9d1ecdb059e6
2026-04-06T16:10:03.604994421Z Completed job de6965f3-8b2f-4c12-8290-fa605a225d73
2026-04-06T16:10:03.608513599Z Processing job e8159943-c3fb-4648-802e-5324e36d9058
2026-04-06T16:10:03.788738392Z Completed job 39a1548e-21a8-48c6-a2b4-9d1ecdb059e6
2026-04-06T16:10:03.794604555Z Processing job 116804c5-8817-4488-84b5-ff9d01b2b8b2
2026-04-06T16:10:04.299268436Z Completed job e8159943-c3fb-4648-802e-5324e36d9058
2026-04-06T16:10:04.300377679Z Processing job 2e357b48-b505-41c6-813b-a3e5c458b66d
2026-04-06T16:10:04.476652397Z Completed job 116804c5-8817-4488-84b5-ff9d01b2b8b2
2026-04-06T16:10:04.477972881Z Processing job a08d2ada-20c9-48df-a401-5b1a92c9e91f
2026-04-06T16:10:04.936977158Z Completed job 2e357b48-b505-41c6-813b-a3e5c458b66d
2026-04-06T16:10:04.937484251Z Processing job e5809ef8-9eb0-4cc4-b6ec-35aa4206b938
2026-04-06T16:10:05.121345184Z Completed job a08d2ada-20c9-48df-a401-5b1a92c9e91f
2026-04-06T16:10:05.126328421Z Processing job 69a103f9-8de8-443e-ba0e-7a91b0f503fb
2026-04-06T16:10:05.614352780Z Completed job e5809ef8-9eb0-4cc4-b6ec-35aa4206b938
2026-04-06T16:10:05.616867616Z Processing job 98d050e6-ed28-4b16-937e-8c7d55405828
2026-04-06T16:10:05.822403341Z Completed job 69a103f9-8de8-443e-ba0e-7a91b0f503fb
2026-04-06T16:10:05.822828854Z Processing job 4a79e6e3-c641-4c86-9b70-6327372e6132
2026-04-06T16:10:06.303082440Z Completed job 98d050e6-ed28-4b16-937e-8c7d55405828
2026-04-06T16:10:06.304832341Z Processing job 2fc07ec8-c6b8-41be-9699-82d067d0163e
2026-04-06T16:10:06.524144761Z Completed job 4a79e6e3-c641-4c86-9b70-6327372e6132
2026-04-06T16:10:06.526013014Z Processing job f2775622-0b92-4c11-9b8a-891c6214c3a6
2026-04-06T16:10:06.984087336Z Completed job 2fc07ec8-c6b8-41be-9699-82d067d0163e
2026-04-06T16:10:06.985454386Z Processing job fc6f1c7f-9eeb-4393-9b2e-0b084999832c
2026-04-06T16:10:07.311175760Z Completed job f2775622-0b92-4c11-9b8a-891c6214c3a6
2026-04-06T16:10:07.313154877Z Processing job a1100b80-65ad-4e04-9f35-3853057e6c29
2026-04-06T16:10:07.828507263Z Completed job fc6f1c7f-9eeb-4393-9b2e-0b084999832c
2026-04-06T16:10:07.830660681Z Processing job 075402a4-bfdf-4343-bca1-5e931efa506e
2026-04-06T16:10:08.040979702Z Completed job a1100b80-65ad-4e04-9f35-3853057e6c29
2026-04-06T16:10:08.044816747Z Processing job 7c21073c-86c2-4af8-b6ac-7d4265959ded
2026-04-06T16:10:08.597000354Z Completed job 075402a4-bfdf-4343-bca1-5e931efa506e
2026-04-06T16:10:08.598395288Z Processing job 95d35c64-16f0-4802-b913-2f4031e9b0ed
2026-04-06T16:10:08.800076439Z Completed job 7c21073c-86c2-4af8-b6ac-7d4265959ded
2026-04-06T16:10:08.802792203Z Processing job 1c2c7431-449e-4a2a-a4ac-33f9b51aa60a
2026-04-06T16:10:09.229737981Z Completed job 95d35c64-16f0-4802-b913-2f4031e9b0ed
2026-04-06T16:10:09.230217648Z Processing job c51e248c-3031-42d5-857e-1d2e298d8c5d
2026-04-06T16:10:09.452583912Z Completed job 1c2c7431-449e-4a2a-a4ac-33f9b51aa60a
2026-04-06T16:10:09.455107298Z Processing job 6dc16ff1-9d99-4cbc-97d4-8536aa1e156f
2026-04-06T16:10:09.908136710Z Completed job c51e248c-3031-42d5-857e-1d2e298d8c5d
2026-04-06T16:10:09.910588921Z Processing job 5eb94072-b928-4786-bcef-9b9081c13869
2026-04-06T16:10:10.102812855Z Completed job 6dc16ff1-9d99-4cbc-97d4-8536aa1e156f
2026-04-06T16:10:10.105009655Z Processing job cb7607ff-b306-41ec-afd9-2975a5d01791
2026-04-06T16:10:10.606458754Z Completed job 5eb94072-b928-4786-bcef-9b9081c13869
2026-04-06T16:10:10.608818012Z Processing job 1a7da04e-0726-4212-9e9e-9f23e0cca503
2026-04-06T16:10:10.779619913Z Completed job cb7607ff-b306-41ec-afd9-2975a5d01791
2026-04-06T16:10:10.780595973Z Processing job 982ea281-b4d4-4af3-a00d-fafb8a273496
2026-04-06T16:10:11.236476654Z Completed job 1a7da04e-0726-4212-9e9e-9f23e0cca503
2026-04-06T16:10:11.238467130Z Processing job ac48b5b5-26b6-482c-849f-a5f20c2fa3c7
2026-04-06T16:10:11.406668408Z Completed job 982ea281-b4d4-4af3-a00d-fafb8a273496
2026-04-06T16:10:11.408602436Z Processing job a8b923b3-54e1-4288-9bb2-4fb60ce4a39a
2026-04-06T16:10:11.865847121Z Completed job ac48b5b5-26b6-482c-849f-a5f20c2fa3c7
2026-04-06T16:10:11.869980550Z Processing job e0d7bc48-3a5c-4ee7-8806-ad61a7de4cd0
2026-04-06T16:10:12.067202049Z Completed job a8b923b3-54e1-4288-9bb2-4fb60ce4a39a
2026-04-06T16:10:12.067613245Z Processing job ce0045a2-588d-48f1-a479-094b85297323
2026-04-06T16:10:12.531853604Z Completed job e0d7bc48-3a5c-4ee7-8806-ad61a7de4cd0
2026-04-06T16:10:12.533376356Z Processing job ff04a787-a399-4dd6-97de-319dab809959
2026-04-06T16:10:12.716636038Z Completed job ce0045a2-588d-48f1-a479-094b85297323
2026-04-06T16:10:12.719396442Z Processing job 3176a8df-9695-4377-9d89-e6a7c8ca7dcd
2026-04-06T16:10:13.146171250Z Completed job ff04a787-a399-4dd6-97de-319dab809959
2026-04-06T16:10:13.147863743Z Processing job ee68808b-70d0-4cb9-8afc-bda0dd3f61c5
2026-04-06T16:10:13.319061939Z Completed job 3176a8df-9695-4377-9d89-e6a7c8ca7dcd
2026-04-06T16:10:13.321191209Z Processing job 8e0da515-c0ad-49b9-a51f-adebf2a09118
2026-04-06T16:10:13.811792193Z Completed job ee68808b-70d0-4cb9-8afc-bda0dd3f61c5
2026-04-06T16:10:13.812878263Z Processing job d90e008b-122a-4415-88fb-9c2b2d72bfd9
2026-04-06T16:10:13.982125383Z Completed job 8e0da515-c0ad-49b9-a51f-adebf2a09118
2026-04-06T16:10:13.983356389Z Processing job cd5739d3-9325-4598-b8b8-e7b7f214dc2b
2026-04-06T16:10:14.522481765Z Completed job d90e008b-122a-4415-88fb-9c2b2d72bfd9
2026-04-06T16:10:14.524020743Z Processing job f8e089c0-6912-4399-ad08-df5b105fb56c
2026-04-06T16:10:14.609000996Z Completed job cd5739d3-9325-4598-b8b8-e7b7f214dc2b
2026-04-06T16:10:14.614436581Z Processing job b5cbcf4f-2834-4757-9065-ab28ca16bf9b
2026-04-06T16:10:15.189971737Z Completed job f8e089c0-6912-4399-ad08-df5b105fb56c
2026-04-06T16:10:15.190879408Z Processing job 0968ad7c-0d9e-45ed-8d3f-928f61a0f57d
2026-04-06T16:10:15.300769756Z Completed job b5cbcf4f-2834-4757-9065-ab28ca16bf9b
2026-04-06T16:10:15.303473496Z Processing job a32b9eda-0ecf-4ff5-936c-690781785615
2026-04-06T16:10:15.881782140Z Completed job 0968ad7c-0d9e-45ed-8d3f-928f61a0f57d
2026-04-06T16:10:15.883198210Z Processing job a662465c-350d-45fe-84e0-1f5afedd4eb5
2026-04-06T16:10:16.016196664Z Completed job a32b9eda-0ecf-4ff5-936c-690781785615
2026-04-06T16:10:16.018163425Z Processing job ac63c453-869f-4dd3-b109-86cb5acce5e0
2026-04-06T16:10:16.536367261Z Completed job a662465c-350d-45fe-84e0-1f5afedd4eb5
2026-04-06T16:10:16.537796011Z Processing job 6e8bdefc-318e-4389-b728-da67ceb86e42
2026-04-06T16:10:16.637854092Z Completed job ac63c453-869f-4dd3-b109-86cb5acce5e0
2026-04-06T16:10:16.639608258Z Processing job 34d1f98c-542c-4688-afb1-5c4ec1691ea3
2026-04-06T16:10:17.448489668Z Completed job 6e8bdefc-318e-4389-b728-da67ceb86e42
2026-04-06T16:10:17.451276107Z Processing job a762181d-8198-4b56-b381-a1562337a96f
2026-04-06T16:10:17.484489814Z Completed job 34d1f98c-542c-4688-afb1-5c4ec1691ea3
2026-04-06T16:10:17.484568294Z Processing job 55a06726-fe60-4fcb-bb38-efd97b836d45
2026-04-06T16:10:18.105362935Z Completed job a762181d-8198-4b56-b381-a1562337a96f
2026-04-06T16:10:18.108454904Z Processing job 20c83dc2-1d43-4391-a009-efc2df35c866
2026-04-06T16:10:18.184797513Z Completed job 55a06726-fe60-4fcb-bb38-efd97b836d45
2026-04-06T16:10:18.186027239Z Processing job b95a5c4d-ddfc-4783-a342-5b97ccf9b92e
2026-04-06T16:10:18.779785227Z Completed job 20c83dc2-1d43-4391-a009-efc2df35c866
2026-04-06T16:10:18.780608413Z Processing job 6d76d946-e178-43fa-a93b-ab7c48c69c63
2026-04-06T16:10:18.851644262Z Completed job b95a5c4d-ddfc-4783-a342-5b97ccf9b92e
2026-04-06T16:10:18.853395276Z Processing job a761baec-fc98-4ff1-9457-f47afe3cba82
2026-04-06T16:10:19.429370149Z Completed job 6d76d946-e178-43fa-a93b-ab7c48c69c63
2026-04-06T16:10:19.432604168Z Processing job 6a58e6a4-89fc-4705-8d3f-3fd4895c7a17
2026-04-06T16:10:19.489208287Z Completed job a761baec-fc98-4ff1-9457-f47afe3cba82
2026-04-06T16:10:19.491192918Z Processing job 492c7e50-6a0c-40fe-abde-ea2903321c8f
2026-04-06T16:10:20.100988241Z Completed job 6a58e6a4-89fc-4705-8d3f-3fd4895c7a17
2026-04-06T16:10:20.103799555Z Processing job ab9f33cf-551c-4d77-999a-2026c1366290
2026-04-06T16:10:20.188523392Z Completed job 492c7e50-6a0c-40fe-abde-ea2903321c8f
2026-04-06T16:10:20.191100695Z Processing job eced1f15-3348-4f6e-9a87-1113a25becd3
2026-04-06T16:10:20.758595617Z Completed job ab9f33cf-551c-4d77-999a-2026c1366290
2026-04-06T16:10:20.761489317Z Processing job 414f14f6-949a-4865-b955-26ee92282db4
2026-04-06T16:10:20.869887482Z Completed job eced1f15-3348-4f6e-9a87-1113a25becd3
2026-04-06T16:10:20.871142950Z Processing job e1588870-20f9-4044-8e2e-3517da847922
2026-04-06T16:10:21.438119830Z Completed job 414f14f6-949a-4865-b955-26ee92282db4
2026-04-06T16:10:21.438756436Z Processing job 18458b91-3efa-438e-9a98-d19c7ab23335
2026-04-06T16:10:21.508584487Z Completed job e1588870-20f9-4044-8e2e-3517da847922
2026-04-06T16:10:21.510473353Z Processing job 499366fd-4f75-4f98-9866-be9ca5bbe3a1
2026-04-06T16:10:22.154576128Z Completed job 18458b91-3efa-438e-9a98-d19c7ab23335
2026-04-06T16:10:22.158295378Z Processing job a22eaa9a-6d5f-49e3-a4f4-29e10d134f46
2026-04-06T16:10:22.268940298Z Completed job 499366fd-4f75-4f98-9866-be9ca5bbe3a1
2026-04-06T16:10:22.271458806Z Processing job 6877bf94-4e8a-4502-89a4-a6ad8f2359ed
2026-04-06T16:10:22.831996800Z Completed job a22eaa9a-6d5f-49e3-a4f4-29e10d134f46
2026-04-06T16:10:22.835972530Z Processing job 775d779e-a285-4252-81f6-a363887c6a4d
2026-04-06T16:10:22.866141357Z Completed job 6877bf94-4e8a-4502-89a4-a6ad8f2359ed
2026-04-06T16:10:22.866264155Z Processing job 83667d58-bddf-4346-8186-3add9dd3ce6b
2026-04-06T16:10:23.499269940Z Completed job 83667d58-bddf-4346-8186-3add9dd3ce6b
2026-04-06T16:10:23.503996774Z Processing job 6e2b477a-0275-468b-9a9f-e62be93fe82d
2026-04-06T16:10:23.535119420Z Completed job 775d779e-a285-4252-81f6-a363887c6a4d
2026-04-06T16:10:23.537023362Z Processing job 7b6e917a-fefc-4540-95e6-635b03ad0735
2026-04-06T16:10:24.179027999Z Completed job 7b6e917a-fefc-4540-95e6-635b03ad0735
2026-04-06T16:10:24.177007389Z Completed job 6e2b477a-0275-468b-9a9f-e62be93fe82d
2026-04-06T16:10:24.181525072Z Processing job e9cb28f9-7a17-4296-8b3f-1577d3e81892
2026-04-06T16:10:24.180951759Z Processing job f2ecf7f2-0598-4274-8413-2bfc73737ce3
2026-04-06T16:10:24.794615504Z Completed job e9cb28f9-7a17-4296-8b3f-1577d3e81892
2026-04-06T16:10:24.800719528Z Processing job 052304c6-e9f2-4cbb-b613-d568efa8e176
2026-04-06T16:10:24.795478886Z Completed job f2ecf7f2-0598-4274-8413-2bfc73737ce3
2026-04-06T16:10:24.801208686Z Processing job de4ea77e-740c-4afa-a116-ad2a57c3e680
2026-04-06T16:10:25.428537623Z Completed job 052304c6-e9f2-4cbb-b613-d568efa8e176
2026-04-06T16:10:25.427831346Z Completed job de4ea77e-740c-4afa-a116-ad2a57c3e680
2026-04-06T16:10:25.434359566Z Processing job 006fc557-3efe-4a95-ada1-7f4e2457f1d5
2026-04-06T16:10:25.432237242Z Processing job 0919a49c-b220-4d03-85dd-ad99689895f3
2026-04-06T16:10:26.101771017Z Completed job 0919a49c-b220-4d03-85dd-ad99689895f3
2026-04-06T16:10:26.109022762Z Completed job 006fc557-3efe-4a95-ada1-7f4e2457f1d5
2026-04-06T16:10:26.103479757Z Processing job 144ac47c-11e2-4a57-a4df-ea82a01623c4
2026-04-06T16:10:26.111961788Z Processing job b2d3c4f7-bc59-426e-89d2-638b7b3dce4d
2026-04-06T16:10:26.768264806Z Completed job b2d3c4f7-bc59-426e-89d2-638b7b3dce4d
2026-04-06T16:10:26.769389326Z Processing job b3b0532e-5be0-43a4-a46c-2770c2d792d1
2026-04-06T16:10:26.770447627Z Completed job 144ac47c-11e2-4a57-a4df-ea82a01623c4
2026-04-06T16:10:26.773522822Z Processing job babb402d-a790-4ed7-adb3-8cdf5a3c7898
2026-04-06T16:10:27.565678629Z Completed job b3b0532e-5be0-43a4-a46c-2770c2d792d1
2026-04-06T16:10:27.563611483Z Completed job babb402d-a790-4ed7-adb3-8cdf5a3c7898
2026-04-06T16:10:27.568447208Z Processing job 4c90bcd0-5aea-4355-ba6a-28bd10d48db7
2026-04-06T16:10:27.567974050Z Processing job 30a3260b-06ff-43a7-9806-6c1174cf6714
2026-04-06T16:10:28.261680177Z Completed job 30a3260b-06ff-43a7-9806-6c1174cf6714
2026-04-06T16:10:28.266812729Z Processing job 2b2b9090-6474-4f6e-a30a-6546001b69e4
2026-04-06T16:10:28.321074985Z Completed job 4c90bcd0-5aea-4355-ba6a-28bd10d48db7
2026-04-06T16:10:28.322000910Z Processing job 9615580c-4b88-44f9-b4ca-6eeb448f4a06
2026-04-06T16:10:28.905103804Z Completed job 2b2b9090-6474-4f6e-a30a-6546001b69e4
2026-04-06T16:10:28.906634944Z Processing job 53305eea-5281-4818-888b-7590b277d3b1
2026-04-06T16:10:28.983799563Z Completed job 9615580c-4b88-44f9-b4ca-6eeb448f4a06
2026-04-06T16:10:28.984390094Z Processing job 35ca8439-88a5-4505-b5ef-1cc8af6f0864
2026-04-06T16:10:29.568678564Z Completed job 53305eea-5281-4818-888b-7590b277d3b1
2026-04-06T16:10:29.571122627Z Processing job e3b9c5fc-2877-4876-be44-f24ec6d5d671
2026-04-06T16:10:29.677781712Z Completed job 35ca8439-88a5-4505-b5ef-1cc8af6f0864
2026-04-06T16:10:29.679626826Z Processing job 238deb74-4e77-44c5-a551-da62a93608b9
2026-04-06T16:10:30.215116001Z Completed job e3b9c5fc-2877-4876-be44-f24ec6d5d671
2026-04-06T16:10:30.216785638Z Processing job 8f15eee2-1fa3-4b8a-b21a-9cb32f4aee0c
2026-04-06T16:10:30.247609575Z Completed job 238deb74-4e77-44c5-a551-da62a93608b9
2026-04-06T16:10:30.250965582Z Processing job 262273f3-1301-4d95-8e1f-bc8e84f1fe55
2026-04-06T16:10:30.926541341Z Completed job 8f15eee2-1fa3-4b8a-b21a-9cb32f4aee0c
2026-04-06T16:10:30.926069710Z Completed job 262273f3-1301-4d95-8e1f-bc8e84f1fe55
2026-04-06T16:10:30.931603522Z Processing job d7c12867-563c-49ce-a26a-badde991c87c
2026-04-06T16:10:30.932132851Z Processing job 6f897843-2ff3-44f5-8242-b06fcb5ef9fa
2026-04-06T16:10:31.587144700Z Completed job d7c12867-563c-49ce-a26a-badde991c87c
2026-04-06T16:10:31.587934949Z Completed job 6f897843-2ff3-44f5-8242-b06fcb5ef9fa
2026-04-06T16:10:31.591681549Z Processing job db477899-ce56-4b7b-b86d-a70ca3c55b6c
2026-04-06T16:10:31.591786196Z Processing job f4c32a90-0cd1-4a69-b220-8a45bc80a505
2026-04-06T16:10:32.233718233Z Completed job f4c32a90-0cd1-4a69-b220-8a45bc80a505
2026-04-06T16:10:32.235969259Z Processing job a4b21497-e66d-4916-b880-7fb546684676
2026-04-06T16:10:32.270188148Z Completed job db477899-ce56-4b7b-b86d-a70ca3c55b6c
2026-04-06T16:10:32.270891144Z Processing job f76bb775-d512-4035-aafc-fdda91a1f9b3
2026-04-06T16:10:32.895032104Z Completed job f76bb775-d512-4035-aafc-fdda91a1f9b3
2026-04-06T16:10:32.893388213Z Completed job a4b21497-e66d-4916-b880-7fb546684676
2026-04-06T16:10:32.893487288Z Processing job 9059724b-3dc3-40e1-9be4-16050030c7a6
2026-04-06T16:10:32.897614017Z Processing job b943190b-b36e-4274-8ab0-4f254a887abf
2026-04-06T16:10:33.549165878Z Completed job b943190b-b36e-4274-8ab0-4f254a887abf
2026-04-06T16:10:33.549382007Z Completed job 9059724b-3dc3-40e1-9be4-16050030c7a6
2026-04-06T16:10:33.554883580Z Processing job ef5d8b94-cc81-43d7-b6cc-976523d73fc7
2026-04-06T16:10:33.554147893Z Processing job bb80380a-3380-44e8-81ae-9a1f2c746b1d
2026-04-06T16:10:34.198006382Z Completed job bb80380a-3380-44e8-81ae-9a1f2c746b1d
2026-04-06T16:10:34.199379955Z Processing job a22eef66-8fc9-4088-aee2-21f2a90e5ede
2026-04-06T16:10:34.205832533Z Completed job ef5d8b94-cc81-43d7-b6cc-976523d73fc7
2026-04-06T16:10:34.208187343Z Processing job 89a78ef2-e22e-46cd-b6c7-38c3601af20f
2026-04-06T16:10:34.831118145Z Completed job a22eef66-8fc9-4088-aee2-21f2a90e5ede
2026-04-06T16:10:34.839932706Z Completed job 89a78ef2-e22e-46cd-b6c7-38c3601af20f
2026-04-06T16:10:34.844553288Z Processing job ede33777-5447-44d9-bfa0-11354a110935
2026-04-06T16:10:34.832483896Z Processing job 0d425b3c-2b64-4c76-a4f9-7f15636789d2
2026-04-06T16:10:35.426375821Z Completed job 0d425b3c-2b64-4c76-a4f9-7f15636789d2
2026-04-06T16:10:35.424013096Z Completed job ede33777-5447-44d9-bfa0-11354a110935
2026-04-06T16:10:35.431250093Z Processing job ba39a955-2693-42fd-9c1d-a46759af6a60
2026-04-06T16:10:35.429990209Z Processing job 770f5804-e236-4148-9f5c-5eec5745ac9d
2026-04-06T16:10:36.070637004Z Completed job 770f5804-e236-4148-9f5c-5eec5745ac9d
2026-04-06T16:10:36.076041931Z Processing job 85c7e33f-320c-422e-844e-b319504abb8c
2026-04-06T16:10:36.068093062Z Completed job ba39a955-2693-42fd-9c1d-a46759af6a60
2026-04-06T16:10:36.069956784Z Processing job 6c18954c-91b2-47da-8528-98066e3fe85f
2026-04-06T16:10:36.726560978Z Completed job 85c7e33f-320c-422e-844e-b319504abb8c
2026-04-06T16:10:36.728520107Z Processing job beaeafa8-2c8e-4776-89b4-52a3accb4420
2026-04-06T16:10:36.758790689Z Completed job 6c18954c-91b2-47da-8528-98066e3fe85f
2026-04-06T16:10:37.510105811Z Completed job beaeafa8-2c8e-4776-89b4-52a3accb4420

=== POD pod/worker-7dd86685-5mkmz START 2026-04-06T16:15:33Z ===
2026-04-06T16:15:28.274019585Z Waiting for vLLM readiness...
